List_ID,List_Title,Movie_TMDB_ID
1,Separated At Birth Plot Devices,15104
1,Separated At Birth Plot Devices,2
1,Separated At Birth Plot Devices,19974
1,Separated At Birth Plot Devices,749318
1,Separated At Birth Plot Devices,30095
1,Separated At Birth Plot Devices,657
1,Separated At Birth Plot Devices,9493
1,Separated At Birth Plot Devices,9367
1,Separated At Birth Plot Devices,14492
1,Separated At Birth Plot Devices,33436
1,Separated At Birth Plot Devices,938
1,Separated At Birth Plot Devices,10794
1,Separated At Birth Plot Devices,18860
1,Separated At Birth Plot Devices,23724
1,Separated At Birth Plot Devices,72490
1,Separated At Birth Plot Devices,179246
1,Separated At Birth Plot Devices,203562
1,Separated At Birth Plot Devices,43444
1,Separated At Birth Plot Devices,2742
1,Separated At Birth Plot Devices,124471
1,Separated At Birth Plot Devices,5048
1,Separated At Birth Plot Devices,3512
1,Separated At Birth Plot Devices,62392
1,Separated At Birth Plot Devices,192
1,Separated At Birth Plot Devices,961
1,Separated At Birth Plot Devices,1858
1,Separated At Birth Plot Devices,9410
1,Separated At Birth Plot Devices,103747
1,Separated At Birth Plot Devices,11976
1,Separated At Birth Plot Devices,431819
1,Separated At Birth Plot Devices,114893
1,Separated At Birth Plot Devices,47695
1,Separated At Birth Plot Devices,36819
1,Separated At Birth Plot Devices,174675
1,Separated At Birth Plot Devices,671577
1,Separated At Birth Plot Devices,34778
1,Separated At Birth Plot Devices,6877
1,Separated At Birth Plot Devices,11361
1,Separated At Birth Plot Devices,30689
1,Separated At Birth Plot Devices,9446
1,Separated At Birth Plot Devices,1262
1,Separated At Birth Plot Devices,14191
1,Separated At Birth Plot Devices,30963
1,Separated At Birth Plot Devices,21620
1,Separated At Birth Plot Devices,24056
1,Separated At Birth Plot Devices,9594
1,Separated At Birth Plot Devices,12924
1,Separated At Birth Plot Devices,40574
2,CGI In Service Of Emotion,139651
2,CGI In Service Of Emotion,5
2,CGI In Service Of Emotion,647
2,CGI In Service Of Emotion,23303
2,CGI In Service Of Emotion,6282
2,CGI In Service Of Emotion,96141
2,CGI In Service Of Emotion,75155
2,CGI In Service Of Emotion,279061
2,CGI In Service Of Emotion,456086
2,CGI In Service Of Emotion,83353
2,CGI In Service Of Emotion,152218
2,CGI In Service Of Emotion,471707
2,CGI In Service Of Emotion,483487
2,CGI In Service Of Emotion,30368
2,CGI In Service Of Emotion,667935
2,CGI In Service Of Emotion,760099
2,CGI In Service Of Emotion,75046
2,CGI In Service Of Emotion,85670
2,CGI In Service Of Emotion,589612
2,CGI In Service Of Emotion,27567
2,CGI In Service Of Emotion,263855
2,CGI In Service Of Emotion,283313
2,CGI In Service Of Emotion,181812
2,CGI In Service Of Emotion,253626
2,CGI In Service Of Emotion,19644
2,CGI In Service Of Emotion,42173
2,CGI In Service Of Emotion,25405
2,CGI In Service Of Emotion,72638
2,CGI In Service Of Emotion,77245
2,CGI In Service Of Emotion,9665
2,CGI In Service Of Emotion,102082
2,CGI In Service Of Emotion,103747
2,CGI In Service Of Emotion,111683
2,CGI In Service Of Emotion,568012
2,CGI In Service Of Emotion,201550
2,CGI In Service Of Emotion,25167
2,CGI In Service Of Emotion,390734
2,CGI In Service Of Emotion,46033
2,CGI In Service Of Emotion,432851
2,CGI In Service Of Emotion,13909
2,CGI In Service Of Emotion,446173
2,CGI In Service Of Emotion,449758
2,CGI In Service Of Emotion,14175
2,CGI In Service Of Emotion,2016
2,CGI In Service Of Emotion,107236
2,CGI In Service Of Emotion,232168
2,CGI In Service Of Emotion,42347
2,CGI In Service Of Emotion,57976
2,CGI In Service Of Emotion,38637
2,CGI In Service Of Emotion,428907
2,CGI In Service Of Emotion,887
2,CGI In Service Of Emotion,675445
2,CGI In Service Of Emotion,18423
2,CGI In Service Of Emotion,41464
2,CGI In Service Of Emotion,419709
2,CGI In Service Of Emotion,12159
3,David Goyer Early Screenplay Films,34945
3,David Goyer Early Screenplay Films,3076
3,David Goyer Early Screenplay Films,5
3,David Goyer Early Screenplay Films,85126
3,David Goyer Early Screenplay Films,76425
3,David Goyer Early Screenplay Films,1384203
3,David Goyer Early Screenplay Films,64398
3,David Goyer Early Screenplay Films,109841
3,David Goyer Early Screenplay Films,130450
3,David Goyer Early Screenplay Films,154515
3,David Goyer Early Screenplay Films,48407
3,David Goyer Early Screenplay Films,8216
3,David Goyer Early Screenplay Films,2077
3,David Goyer Early Screenplay Films,727199
3,David Goyer Early Screenplay Films,100257
3,David Goyer Early Screenplay Films,293
3,David Goyer Early Screenplay Films,53416
3,David Goyer Early Screenplay Films,31913
3,David Goyer Early Screenplay Films,330544
3,David Goyer Early Screenplay Films,9651
3,David Goyer Early Screenplay Films,701
3,David Goyer Early Screenplay Films,21950
3,David Goyer Early Screenplay Films,32063
3,David Goyer Early Screenplay Films,42816
3,David Goyer Early Screenplay Films,40649
3,David Goyer Early Screenplay Films,975
3,David Goyer Early Screenplay Films,249295
3,David Goyer Early Screenplay Films,10340
3,David Goyer Early Screenplay Films,128229
3,David Goyer Early Screenplay Films,53229
3,David Goyer Early Screenplay Films,45679
3,David Goyer Early Screenplay Films,16241
3,David Goyer Early Screenplay Films,44657
3,David Goyer Early Screenplay Films,20339
3,David Goyer Early Screenplay Films,28790
3,David Goyer Early Screenplay Films,38394
3,David Goyer Early Screenplay Films,40574
4,Reality Versus Fantasy Romance Films,649
4,Reality Versus Fantasy Romance Films,1417
4,Reality Versus Fantasy Romance Films,66953
4,Reality Versus Fantasy Romance Films,16
4,Reality Versus Fantasy Romance Films,34584
4,Reality Versus Fantasy Romance Films,11801
4,Reality Versus Fantasy Romance Films,2459
4,Reality Versus Fantasy Romance Films,31515
4,Reality Versus Fantasy Romance Films,86811
4,Reality Versus Fantasy Romance Films,529442
4,Reality Versus Fantasy Romance Films,1574
4,Reality Versus Fantasy Romance Films,422
4,Reality Versus Fantasy Romance Films,156711
4,Reality Versus Fantasy Romance Films,17450
4,Reality Versus Fantasy Romance Films,59436
4,Reality Versus Fantasy Romance Films,567860
4,Reality Versus Fantasy Romance Films,13759
4,Reality Versus Fantasy Romance Films,138697
4,Reality Versus Fantasy Romance Films,12116
4,Reality Versus Fantasy Romance Films,22230
4,Reality Versus Fantasy Romance Films,35032
4,Reality Versus Fantasy Romance Films,43231
4,Reality Versus Fantasy Romance Films,992
4,Reality Versus Fantasy Romance Films,2528
4,Reality Versus Fantasy Romance Films,10849
4,Reality Versus Fantasy Romance Films,43361
4,Reality Versus Fantasy Romance Films,53218
4,Reality Versus Fantasy Romance Films,194662
4,Reality Versus Fantasy Romance Films,253161
4,Reality Versus Fantasy Romance Films,19562
4,Reality Versus Fantasy Romance Films,236
4,Reality Versus Fantasy Romance Films,4973
4,Reality Versus Fantasy Romance Films,9326
4,Reality Versus Fantasy Romance Films,1903
4,Reality Versus Fantasy Romance Films,35057
4,Reality Versus Fantasy Romance Films,297725
5,American Dream Gone Dark Films,640
5,American Dream Gone Dark Films,320001
5,American Dream Gone Dark Films,134914
5,American Dream Gone Dark Films,4995
5,American Dream Gone Dark Films,11652
5,American Dream Gone Dark Films,340485
5,American Dream Gone Dark Films,627725
5,American Dream Gone Dark Films,655
5,American Dream Gone Dark Films,16
5,American Dream Gone Dark Films,11282
5,American Dream Gone Dark Films,389015
5,American Dream Gone Dark Films,92319
5,American Dream Gone Dark Films,43812
5,American Dream Gone Dark Films,43046
5,American Dream Gone Dark Films,653606
5,American Dream Gone Dark Films,17450
5,American Dream Gone Dark Films,43051
5,American Dream Gone Dark Films,31148
5,American Dream Gone Dark Films,85546
5,American Dream Gone Dark Films,17966
5,American Dream Gone Dark Films,4148
5,American Dream Gone Dark Films,411701
5,American Dream Gone Dark Films,334524
5,American Dream Gone Dark Films,1213
5,American Dream Gone Dark Films,25918
5,American Dream Gone Dark Films,53437
5,American Dream Gone Dark Films,121789
5,American Dream Gone Dark Films,159047
5,American Dream Gone Dark Films,30162
5,American Dream Gone Dark Films,9812
5,American Dream Gone Dark Films,469
5,American Dream Gone Dark Films,1878
5,American Dream Gone Dark Films,5717
5,American Dream Gone Dark Films,25688
5,American Dream Gone Dark Films,68443
5,American Dream Gone Dark Films,10337
5,American Dream Gone Dark Films,653668
5,American Dream Gone Dark Films,164457
5,American Dream Gone Dark Films,77930
5,American Dream Gone Dark Films,10476
5,American Dream Gone Dark Films,240
5,American Dream Gone Dark Films,4982
5,American Dream Gone Dark Films,1402
5,American Dream Gone Dark Films,27899
5,American Dream Gone Dark Films,43004
5,American Dream Gone Dark Films,2302
6,Nora Ephron Style Romance,800000
6,Nora Ephron Style Romance,93828
6,Nora Ephron Style Romance,617736
6,Nora Ephron Style Romance,258569
6,Nora Ephron Style Romance,23050
6,Nora Ephron Style Romance,108426
6,Nora Ephron Style Romance,10764
6,Nora Ephron Style Romance,16
6,Nora Ephron Style Romance,20625
6,Nora Ephron Style Romance,431251
6,Nora Ephron Style Romance,13079
6,Nora Ephron Style Romance,11545
6,Nora Ephron Style Romance,192538
6,Nora Ephron Style Romance,9255
6,Nora Ephron Style Romance,9896
6,Nora Ephron Style Romance,70057
6,Nora Ephron Style Romance,46122
6,Nora Ephron Style Romance,96936
6,Nora Ephron Style Romance,110887
6,Nora Ephron Style Romance,813
6,Nora Ephron Style Romance,55727
6,Nora Ephron Style Romance,11573
6,Nora Ephron Style Romance,8764
6,Nora Ephron Style Romance,124991
6,Nora Ephron Style Romance,9920
6,Nora Ephron Style Romance,24512
6,Nora Ephron Style Romance,381890
6,Nora Ephron Style Romance,18501
6,Nora Ephron Style Romance,2119
6,Nora Ephron Style Romance,4807
6,Nora Ephron Style Romance,97607
6,Nora Ephron Style Romance,15313
6,Nora Ephron Style Romance,420817
6,Nora Ephron Style Romance,2003
6,Nora Ephron Style Romance,25047
6,Nora Ephron Style Romance,233176
6,Nora Ephron Style Romance,858
6,Nora Ephron Style Romance,323675
6,Nora Ephron Style Romance,8284
6,Nora Ephron Style Romance,28124
6,Nora Ephron Style Romance,10718
6,Nora Ephron Style Romance,525660
6,Nora Ephron Style Romance,122081
6,Nora Ephron Style Romance,7551
6,Nora Ephron Style Romance,9705
6,Nora Ephron Style Romance,107
6,Nora Ephron Style Romance,48624
6,Nora Ephron Style Romance,755
6,Nora Ephron Style Romance,19317
6,Nora Ephron Style Romance,89462
6,Nora Ephron Style Romance,729718
6,Nora Ephron Style Romance,758902
6,Nora Ephron Style Romance,569594
6,Nora Ephron Style Romance,11646
6,Nora Ephron Style Romance,9087
7,Milla Jovovich Action Vehicle Movies,50560
7,Milla Jovovich Action Vehicle Movies,8961
7,Milla Jovovich Action Vehicle Movies,83192
7,Milla Jovovich Action Vehicle Movies,257925
7,Milla Jovovich Action Vehicle Movies,76294
7,Milla Jovovich Action Vehicle Movies,759175
7,Milla Jovovich Action Vehicle Movies,28425
7,Milla Jovovich Action Vehicle Movies,395
7,Milla Jovovich Action Vehicle Movies,4108
7,Milla Jovovich Action Vehicle Movies,10254
7,Milla Jovovich Action Vehicle Movies,509967
7,Milla Jovovich Action Vehicle Movies,18
7,Milla Jovovich Action Vehicle Movies,1948
7,Milla Jovovich Action Vehicle Movies,250653
7,Milla Jovovich Action Vehicle Movies,44963
7,Milla Jovovich Action Vehicle Movies,676
7,Milla Jovovich Action Vehicle Movies,11046
7,Milla Jovovich Action Vehicle Movies,429
7,Milla Jovovich Action Vehicle Movies,82992
7,Milla Jovovich Action Vehicle Movies,59962
7,Milla Jovovich Action Vehicle Movies,9920
7,Milla Jovovich Action Vehicle Movies,4034
7,Milla Jovovich Action Vehicle Movies,50632
7,Milla Jovovich Action Vehicle Movies,324552
7,Milla Jovovich Action Vehicle Movies,527435
7,Milla Jovovich Action Vehicle Movies,458576
7,Milla Jovovich Action Vehicle Movies,25680
7,Milla Jovovich Action Vehicle Movies,1369
7,Milla Jovovich Action Vehicle Movies,30432
7,Milla Jovovich Action Vehicle Movies,9057
7,Milla Jovovich Action Vehicle Movies,127846
7,Milla Jovovich Action Vehicle Movies,106
7,Milla Jovovich Action Vehicle Movies,40810
7,Milla Jovovich Action Vehicle Movies,199534
7,Milla Jovovich Action Vehicle Movies,65649
7,Milla Jovovich Action Vehicle Movies,24056
7,Milla Jovovich Action Vehicle Movies,54266
8,Ambitious But Flawed Genre Films,438146
8,Ambitious But Flawed Genre Films,8840
8,Ambitious But Flawed Genre Films,36489
8,Ambitious But Flawed Genre Films,40076
8,Ambitious But Flawed Genre Films,19
8,Ambitious But Flawed Genre Films,31638
8,Ambitious But Flawed Genre Films,284054
8,Ambitious But Flawed Genre Films,41374
8,Ambitious But Flawed Genre Films,43935
8,Ambitious But Flawed Genre Films,10529
8,Ambitious But Flawed Genre Films,293670
8,Ambitious But Flawed Genre Films,112170
8,Ambitious But Flawed Genre Films,335787
8,Ambitious But Flawed Genre Films,11693
8,Ambitious But Flawed Genre Films,64690
8,Ambitious But Flawed Genre Films,161334
8,Ambitious But Flawed Genre Films,45887
8,Ambitious But Flawed Genre Films,9922
8,Ambitious But Flawed Genre Films,313922
8,Ambitious But Flawed Genre Films,76
8,Ambitious But Flawed Genre Films,43349
8,Ambitious But Flawed Genre Films,59095
8,Ambitious But Flawed Genre Films,13666
8,Ambitious But Flawed Genre Films,1891
8,Ambitious But Flawed Genre Films,467938
8,Ambitious But Flawed Genre Films,791910
8,Ambitious But Flawed Genre Films,122857
8,Ambitious But Flawed Genre Films,9326
8,Ambitious But Flawed Genre Films,259695
8,Ambitious But Flawed Genre Films,10225
8,Ambitious But Flawed Genre Films,13041
8,Ambitious But Flawed Genre Films,800497
8,Ambitious But Flawed Genre Films,8692
8,Ambitious But Flawed Genre Films,17654
8,Ambitious But Flawed Genre Films,44022
8,Ambitious But Flawed Genre Films,55547
9,Father Son Reconciliation Stories,241280
9,Father Son Reconciliation Stories,11532
9,Father Son Reconciliation Stories,29968
9,Father Son Reconciliation Stories,12561
9,Father Son Reconciliation Stories,612368
9,Father Son Reconciliation Stories,19
9,Father Son Reconciliation Stories,18069
9,Father Son Reconciliation Stories,1050
9,Father Son Reconciliation Stories,286875
9,Father Son Reconciliation Stories,82085
9,Father Son Reconciliation Stories,19625
9,Father Son Reconciliation Stories,21291
9,Father Son Reconciliation Stories,251053
9,Father Son Reconciliation Stories,274862
9,Father Son Reconciliation Stories,435
9,Father Son Reconciliation Stories,26547
9,Father Son Reconciliation Stories,56251
9,Father Son Reconciliation Stories,297148
9,Father Son Reconciliation Stories,9021
9,Father Son Reconciliation Stories,42816
9,Father Son Reconciliation Stories,46406
9,Father Son Reconciliation Stories,11593
9,Father Son Reconciliation Stories,614479
9,Father Son Reconciliation Stories,54352
9,Father Son Reconciliation Stories,18385
9,Father Son Reconciliation Stories,955991
9,Father Son Reconciliation Stories,1624
9,Father Son Reconciliation Stories,624479
9,Father Son Reconciliation Stories,1059301
9,Father Son Reconciliation Stories,11238
9,Father Son Reconciliation Stories,7015
9,Father Son Reconciliation Stories,137193
9,Father Son Reconciliation Stories,49642
9,Father Son Reconciliation Stories,15596
9,Father Son Reconciliation Stories,38637
9,Father Son Reconciliation Stories,37234
9,Father Son Reconciliation Stories,418680
9,Father Son Reconciliation Stories,89462
9,Father Son Reconciliation Stories,33272
9,Father Son Reconciliation Stories,78076
10,Accidental Masterpieces of Bad Cinema,15104
10,Accidental Masterpieces of Bad Cinema,897
10,Accidental Masterpieces of Bad Cinema,105347
10,Accidental Masterpieces of Bad Cinema,300934
10,Accidental Masterpieces of Bad Cinema,66184
10,Accidental Masterpieces of Bad Cinema,521
10,Accidental Masterpieces of Bad Cinema,265228
10,Accidental Masterpieces of Bad Cinema,29455
10,Accidental Masterpieces of Bad Cinema,144
10,Accidental Masterpieces of Bad Cinema,19
10,Accidental Masterpieces of Bad Cinema,789
10,Accidental Masterpieces of Bad Cinema,34070
10,Accidental Masterpieces of Bad Cinema,248087
10,Accidental Masterpieces of Bad Cinema,1689
10,Accidental Masterpieces of Bad Cinema,10403
10,Accidental Masterpieces of Bad Cinema,261680
10,Accidental Masterpieces of Bad Cinema,13491
10,Accidental Masterpieces of Bad Cinema,5558
10,Accidental Masterpieces of Bad Cinema,695
10,Accidental Masterpieces of Bad Cinema,5048
10,Accidental Masterpieces of Bad Cinema,25142
10,Accidental Masterpieces of Bad Cinema,44473
10,Accidental Masterpieces of Bad Cinema,88953
10,Accidental Masterpieces of Bad Cinema,251577
10,Accidental Masterpieces of Bad Cinema,64
10,Accidental Masterpieces of Bad Cinema,17473
10,Accidental Masterpieces of Bad Cinema,24774
10,Accidental Masterpieces of Bad Cinema,46918
10,Accidental Masterpieces of Bad Cinema,105160
10,Accidental Masterpieces of Bad Cinema,44361
10,Accidental Masterpieces of Bad Cinema,449992
10,Accidental Masterpieces of Bad Cinema,551115
10,Accidental Masterpieces of Bad Cinema,68173
10,Accidental Masterpieces of Bad Cinema,736205
10,Accidental Masterpieces of Bad Cinema,40016
10,Accidental Masterpieces of Bad Cinema,12627
10,Accidental Masterpieces of Bad Cinema,796499
10,Accidental Masterpieces of Bad Cinema,17238
10,Accidental Masterpieces of Bad Cinema,18917
10,Accidental Masterpieces of Bad Cinema,194662
10,Accidental Masterpieces of Bad Cinema,7274
10,Accidental Masterpieces of Bad Cinema,1388
10,Accidental Masterpieces of Bad Cinema,74349
10,Accidental Masterpieces of Bad Cinema,883
10,Accidental Masterpieces of Bad Cinema,11507
10,Accidental Masterpieces of Bad Cinema,43513
10,Accidental Masterpieces of Bad Cinema,814715
10,Accidental Masterpieces of Bad Cinema,7549
11,Female Directors First Feature Success,14736
11,Female Directors First Feature Success,42257
11,Female Directors First Feature Success,44819
11,Female Directors First Feature Success,20
11,Female Directors First Feature Success,495764
11,Female Directors First Feature Success,354072
11,Female Directors First Feature Success,19354
11,Female Directors First Feature Success,593691
11,Female Directors First Feature Success,707103
11,Female Directors First Feature Success,205601
11,Female Directors First Feature Success,297762
11,Female Directors First Feature Success,18215
11,Female Directors First Feature Success,412203
11,Female Directors First Feature Success,41772
11,Female Directors First Feature Success,41647
11,Female Directors First Feature Success,437557
11,Female Directors First Feature Success,10934
11,Female Directors First Feature Success,244539
11,Female Directors First Feature Success,616251
11,Female Directors First Feature Success,1089
11,Female Directors First Feature Success,8130
11,Female Directors First Feature Success,455
11,Female Directors First Feature Success,297160
11,Female Directors First Feature Success,395982
11,Female Directors First Feature Success,554967
11,Female Directors First Feature Success,575831
11,Female Directors First Feature Success,56153
11,Female Directors First Feature Success,331482
11,Female Directors First Feature Success,2011
11,Female Directors First Feature Success,736343
11,Female Directors First Feature Success,38879
11,Female Directors First Feature Success,630240
11,Female Directors First Feature Success,62177
11,Female Directors First Feature Success,1890
11,Female Directors First Feature Success,597219
11,Female Directors First Feature Success,668640
11,Female Directors First Feature Success,9067
11,Female Directors First Feature Success,42732
11,Female Directors First Feature Success,13551
11,Female Directors First Feature Success,94066
11,Female Directors First Feature Success,41462
12,Paralympic Sports On Film,638852
12,Paralympic Sports On Film,300934
12,Paralympic Sports On Film,38920
12,Paralympic Sports On Film,855823
12,Paralympic Sports On Film,74772
12,Paralympic Sports On Film,21
12,Paralympic Sports On Film,147610
12,Paralympic Sports On Film,34847
12,Paralympic Sports On Film,41253
12,Paralympic Sports On Film,22954
12,Paralympic Sports On Film,55725
12,Paralympic Sports On Film,315
12,Paralympic Sports On Film,1094590
12,Paralympic Sports On Film,189888
12,Paralympic Sports On Film,14278
12,Paralympic Sports On Film,53190
12,Paralympic Sports On Film,890825
12,Paralympic Sports On Film,392012
12,Paralympic Sports On Film,80590
12,Paralympic Sports On Film,1122128
12,Paralympic Sports On Film,14292
12,Paralympic Sports On Film,11350
12,Paralympic Sports On Film,20697
12,Paralympic Sports On Film,27609
12,Paralympic Sports On Film,15198
12,Paralympic Sports On Film,763109
12,Paralympic Sports On Film,314856
12,Paralympic Sports On Film,17003
12,Paralympic Sports On Film,486508
12,Paralympic Sports On Film,13554
12,Paralympic Sports On Film,476275
12,Paralympic Sports On Film,14325
12,Paralympic Sports On Film,14709
12,Paralympic Sports On Film,30069
12,Paralympic Sports On Film,419192
12,Paralympic Sports On Film,551547
12,Paralympic Sports On Film,15487
13,Cross Cultural Bridge Building Movies,111744
13,Cross Cultural Bridge Building Movies,45450
13,Cross Cultural Bridge Building Movies,253331
13,Cross Cultural Bridge Building Movies,21
13,Cross Cultural Bridge Building Movies,38805
13,Cross Cultural Bridge Building Movies,8982
13,Cross Cultural Bridge Building Movies,124157
13,Cross Cultural Bridge Building Movies,286875
13,Cross Cultural Bridge Building Movies,566555
13,Cross Cultural Bridge Building Movies,299552
13,Cross Cultural Bridge Building Movies,864168
13,Cross Cultural Bridge Building Movies,434221
13,Cross Cultural Bridge Building Movies,46641
13,Cross Cultural Bridge Building Movies,7861
13,Cross Cultural Bridge Building Movies,44087
13,Cross Cultural Bridge Building Movies,196024
13,Cross Cultural Bridge Building Movies,25657
13,Cross Cultural Bridge Building Movies,282296
13,Cross Cultural Bridge Building Movies,193726
13,Cross Cultural Bridge Building Movies,80710
13,Cross Cultural Bridge Building Movies,18889
13,Cross Cultural Bridge Building Movies,14797
13,Cross Cultural Bridge Building Movies,14670
13,Cross Cultural Bridge Building Movies,34637
13,Cross Cultural Bridge Building Movies,373200
13,Cross Cultural Bridge Building Movies,475214
13,Cross Cultural Bridge Building Movies,12506
13,Cross Cultural Bridge Building Movies,12763
13,Cross Cultural Bridge Building Movies,480
13,Cross Cultural Bridge Building Movies,48353
13,Cross Cultural Bridge Building Movies,354912
13,Cross Cultural Bridge Building Movies,387426
13,Cross Cultural Bridge Building Movies,31076
13,Cross Cultural Bridge Building Movies,431072
13,Cross Cultural Bridge Building Movies,616
13,Cross Cultural Bridge Building Movies,347752
13,Cross Cultural Bridge Building Movies,768744
13,Cross Cultural Bridge Building Movies,17772
13,Cross Cultural Bridge Building Movies,109
13,Cross Cultural Bridge Building Movies,662638
13,Cross Cultural Bridge Building Movies,29039
13,Cross Cultural Bridge Building Movies,13938
13,Cross Cultural Bridge Building Movies,16635
13,Cross Cultural Bridge Building Movies,7549
14,Indiana Jones Style Adventure Homages,45442
14,Indiana Jones Style Adventure Homages,448119
14,Indiana Jones Style Adventure Homages,57993
14,Indiana Jones Style Adventure Homages,364169
14,Indiana Jones Style Adventure Homages,767246
14,Indiana Jones Style Adventure Homages,79761
14,Indiana Jones Style Adventure Homages,84626
14,Indiana Jones Style Adventure Homages,256274
14,Indiana Jones Style Adventure Homages,21
14,Indiana Jones Style Adventure Homages,37530
14,Indiana Jones Style Adventure Homages,24734
14,Indiana Jones Style Adventure Homages,291
14,Indiana Jones Style Adventure Homages,567971
14,Indiana Jones Style Adventure Homages,2982
14,Indiana Jones Style Adventure Homages,12715
14,Indiana Jones Style Adventure Homages,564
14,Indiana Jones Style Adventure Homages,6068
14,Indiana Jones Style Adventure Homages,500916
14,Indiana Jones Style Adventure Homages,43832
14,Indiana Jones Style Adventure Homages,2617
14,Indiana Jones Style Adventure Homages,11839
14,Indiana Jones Style Adventure Homages,79684
14,Indiana Jones Style Adventure Homages,61765
14,Indiana Jones Style Adventure Homages,1734
14,Indiana Jones Style Adventure Homages,27591
14,Indiana Jones Style Adventure Homages,24264
14,Indiana Jones Style Adventure Homages,48340
14,Indiana Jones Style Adventure Homages,369237
14,Indiana Jones Style Adventure Homages,40790
14,Indiana Jones Style Adventure Homages,89
14,Indiana Jones Style Adventure Homages,218330
14,Indiana Jones Style Adventure Homages,120
14,Indiana Jones Style Adventure Homages,35552
14,Indiana Jones Style Adventure Homages,171361
14,Indiana Jones Style Adventure Homages,9826
14,Indiana Jones Style Adventure Homages,23524
14,Indiana Jones Style Adventure Homages,486500
14,Indiana Jones Style Adventure Homages,43367
14,Indiana Jones Style Adventure Homages,35432
14,Indiana Jones Style Adventure Homages,335977
14,Indiana Jones Style Adventure Homages,9326
14,Indiana Jones Style Adventure Homages,16370
14,Indiana Jones Style Adventure Homages,19317
14,Indiana Jones Style Adventure Homages,6646
14,Indiana Jones Style Adventure Homages,139254
14,Indiana Jones Style Adventure Homages,1656
14,Indiana Jones Style Adventure Homages,766
15,Dead Narrators Tell Their Tales,15618
15,Dead Narrators Tell Their Tales,8452
15,Dead Narrators Tell Their Tales,1415
15,Dead Narrators Tell Their Tales,32652
15,Dead Narrators Tell Their Tales,1552
15,Dead Narrators Tell Their Tales,26514
15,Dead Narrators Tell Their Tales,81684
15,Dead Narrators Tell Their Tales,29077
15,Dead Narrators Tell Their Tales,22
15,Dead Narrators Tell Their Tales,94249
15,Dead Narrators Tell Their Tales,17707
15,Dead Narrators Tell Their Tales,36652
15,Dead Narrators Tell Their Tales,827822
15,Dead Narrators Tell Their Tales,121523
15,Dead Narrators Tell Their Tales,41783
15,Dead Narrators Tell Their Tales,281783
15,Dead Narrators Tell Their Tales,42176
15,Dead Narrators Tell Their Tales,788929
15,Dead Narrators Tell Their Tales,23622
15,Dead Narrators Tell Their Tales,151368
15,Dead Narrators Tell Their Tales,75465
15,Dead Narrators Tell Their Tales,16972
15,Dead Narrators Tell Their Tales,4558
15,Dead Narrators Tell Their Tales,24272
15,Dead Narrators Tell Their Tales,9426
15,Dead Narrators Tell Their Tales,28627
15,Dead Narrators Tell Their Tales,440918
15,Dead Narrators Tell Their Tales,599
15,Dead Narrators Tell Their Tales,363992
15,Dead Narrators Tell Their Tales,47452
15,Dead Narrators Tell Their Tales,1635
15,Dead Narrators Tell Their Tales,243684
15,Dead Narrators Tell Their Tales,14694
15,Dead Narrators Tell Their Tales,795622
15,Dead Narrators Tell Their Tales,234
15,Dead Narrators Tell Their Tales,752623
15,Dead Narrators Tell Their Tales,175348
15,Dead Narrators Tell Their Tales,21496
15,Dead Narrators Tell Their Tales,249
15,Dead Narrators Tell Their Tales,6522
15,Dead Narrators Tell Their Tales,252
15,Dead Narrators Tell Their Tales,3070
16,Franchise Course Correction Catalysts,703745
16,Franchise Course Correction Catalysts,119685
16,Franchise Course Correction Catalysts,646
16,Franchise Course Correction Catalysts,1930
16,Franchise Course Correction Catalysts,1290125
16,Franchise Course Correction Catalysts,8078
16,Franchise Course Correction Catalysts,22
16,Franchise Course Correction Catalysts,15767
16,Franchise Course Correction Catalysts,152
16,Franchise Course Correction Catalysts,385687
16,Franchise Course Correction Catalysts,11419
16,Franchise Course Correction Catalysts,312221
16,Franchise Course Correction Catalysts,414
16,Franchise Course Correction Catalysts,415
16,Franchise Course Correction Catalysts,575264
16,Franchise Course Correction Catalysts,297761
16,Franchise Course Correction Catalysts,13475
16,Franchise Course Correction Catalysts,34851
16,Franchise Course Correction Catalysts,36648
16,Franchise Course Correction Catalysts,51497
16,Franchise Course Correction Catalysts,335787
16,Franchise Course Correction Catalysts,766507
16,Franchise Course Correction Catalysts,192558
16,Franchise Course Correction Catalysts,274862
16,Franchise Course Correction Catalysts,440
16,Franchise Course Correction Catalysts,1977
16,Franchise Course Correction Catalysts,698
16,Franchise Course Correction Catalysts,9531
16,Franchise Course Correction Catalysts,19002
16,Franchise Course Correction Catalysts,738362
16,Franchise Course Correction Catalysts,348350
16,Franchise Course Correction Catalysts,1858
16,Franchise Course Correction Catalysts,168259
16,Franchise Course Correction Catalysts,708
16,Franchise Course Correction Catalysts,709
16,Franchise Course Correction Catalysts,710
16,Franchise Course Correction Catalysts,9799
16,Franchise Course Correction Catalysts,4551
16,Franchise Course Correction Catalysts,201
16,Franchise Course Correction Catalysts,1467973
16,Franchise Course Correction Catalysts,31947
16,Franchise Course Correction Catalysts,493006
16,Franchise Course Correction Catalysts,424783
16,Franchise Course Correction Catalysts,38356
16,Franchise Course Correction Catalysts,1366
16,Franchise Course Correction Catalysts,19287
16,Franchise Course Correction Catalysts,88920
16,Franchise Course Correction Catalysts,37724
16,Franchise Course Correction Catalysts,1375
16,Franchise Course Correction Catalysts,9823
16,Franchise Course Correction Catalysts,11231
16,Franchise Course Correction Catalysts,61791
16,Franchise Course Correction Catalysts,42979
16,Franchise Course Correction Catalysts,479455
16,Franchise Course Correction Catalysts,616037
16,Franchise Course Correction Catalysts,13804
16,Franchise Course Correction Catalysts,126963
16,Franchise Course Correction Catalysts,335988
16,Franchise Course Correction Catalysts,825597
17,Vietnam Vets Seeking Urban Revenge,113921
17,Vietnam Vets Seeking Urban Revenge,597891
17,Vietnam Vets Seeking Urban Revenge,27526
17,Vietnam Vets Seeking Urban Revenge,41099
17,Vietnam Vets Seeking Urban Revenge,32652
17,Vietnam Vets Seeking Urban Revenge,379149
17,Vietnam Vets Seeking Urban Revenge,72331
17,Vietnam Vets Seeking Urban Revenge,15119
17,Vietnam Vets Seeking Urban Revenge,74646
17,Vietnam Vets Seeking Urban Revenge,14615
17,Vietnam Vets Seeking Urban Revenge,24
17,Vietnam Vets Seeking Urban Revenge,10650
17,Vietnam Vets Seeking Urban Revenge,166426
17,Vietnam Vets Seeking Urban Revenge,17180
17,Vietnam Vets Seeking Urban Revenge,59292
17,Vietnam Vets Seeking Urban Revenge,17182
17,Vietnam Vets Seeking Urban Revenge,69150
17,Vietnam Vets Seeking Urban Revenge,528283
17,Vietnam Vets Seeking Urban Revenge,56353
17,Vietnam Vets Seeking Urban Revenge,650272
17,Vietnam Vets Seeking Urban Revenge,133284
17,Vietnam Vets Seeking Urban Revenge,15018
17,Vietnam Vets Seeking Urban Revenge,5548
17,Vietnam Vets Seeking Urban Revenge,31154
17,Vietnam Vets Seeking Urban Revenge,564
17,Vietnam Vets Seeking Urban Revenge,27318
17,Vietnam Vets Seeking Urban Revenge,76726
17,Vietnam Vets Seeking Urban Revenge,21948
17,Vietnam Vets Seeking Urban Revenge,27327
17,Vietnam Vets Seeking Urban Revenge,46528
17,Vietnam Vets Seeking Urban Revenge,27073
17,Vietnam Vets Seeking Urban Revenge,302528
17,Vietnam Vets Seeking Urban Revenge,84419
17,Vietnam Vets Seeking Urban Revenge,463684
17,Vietnam Vets Seeking Urban Revenge,664767
17,Vietnam Vets Seeking Urban Revenge,199
17,Vietnam Vets Seeking Urban Revenge,72015
17,Vietnam Vets Seeking Urban Revenge,16337
17,Vietnam Vets Seeking Urban Revenge,1494
17,Vietnam Vets Seeking Urban Revenge,40662
17,Vietnam Vets Seeking Urban Revenge,56535
17,Vietnam Vets Seeking Urban Revenge,80343
17,Vietnam Vets Seeking Urban Revenge,216539
17,Vietnam Vets Seeking Urban Revenge,42205
17,Vietnam Vets Seeking Urban Revenge,47327
17,Vietnam Vets Seeking Urban Revenge,10336
17,Vietnam Vets Seeking Urban Revenge,9569
17,Vietnam Vets Seeking Urban Revenge,98
17,Vietnam Vets Seeking Urban Revenge,995
17,Vietnam Vets Seeking Urban Revenge,18405
17,Vietnam Vets Seeking Urban Revenge,34792
17,Vietnam Vets Seeking Urban Revenge,33134
17,Vietnam Vets Seeking Urban Revenge,52208
17,Vietnam Vets Seeking Urban Revenge,246
17,Vietnam Vets Seeking Urban Revenge,36599
17,Vietnam Vets Seeking Urban Revenge,464502
17,Vietnam Vets Seeking Urban Revenge,13945
17,Vietnam Vets Seeking Urban Revenge,9594
17,Vietnam Vets Seeking Urban Revenge,1403
18,Treasure Hunt During Wartime,103938
18,Treasure Hunt During Wartime,54792
18,Treasure Hunt During Wartime,177402
18,Treasure Hunt During Wartime,10895
18,Treasure Hunt During Wartime,44559
18,Treasure Hunt During Wartime,46096
18,Treasure Hunt During Wartime,48400
18,Treasure Hunt During Wartime,123665
18,Treasure Hunt During Wartime,321303
18,Treasure Hunt During Wartime,25
18,Treasure Hunt During Wartime,46875
18,Treasure Hunt During Wartime,128678
18,Treasure Hunt During Wartime,97578
18,Treasure Hunt During Wartime,429
18,Treasure Hunt During Wartime,54318
18,Treasure Hunt During Wartime,53423
18,Treasure Hunt During Wartime,271674
18,Treasure Hunt During Wartime,919483
18,Treasure Hunt During Wartime,29372
18,Treasure Hunt During Wartime,16444
18,Treasure Hunt During Wartime,265027
18,Treasure Hunt During Wartime,267588
18,Treasure Hunt During Wartime,198
18,Treasure Hunt During Wartime,68295
18,Treasure Hunt During Wartime,244810
18,Treasure Hunt During Wartime,21451
18,Treasure Hunt During Wartime,56143
18,Treasure Hunt During Wartime,19664
18,Treasure Hunt During Wartime,32850
18,Treasure Hunt During Wartime,40916
18,Treasure Hunt During Wartime,22871
18,Treasure Hunt During Wartime,46039
18,Treasure Hunt During Wartime,73052
18,Treasure Hunt During Wartime,37103
18,Treasure Hunt During Wartime,2290
18,Treasure Hunt During Wartime,9075
18,Treasure Hunt During Wartime,22387
18,Treasure Hunt During Wartime,28916
18,Treasure Hunt During Wartime,84084
18,Treasure Hunt During Wartime,71799
18,Treasure Hunt During Wartime,408946
18,Treasure Hunt During Wartime,633
18,Treasure Hunt During Wartime,43258
18,Treasure Hunt During Wartime,17661
18,Treasure Hunt During Wartime,332159
19,FBI Agents In Art Films,348672
19,FBI Agents In Art Films,36226
19,FBI Agents In Art Films,411011
19,FBI Agents In Art Films,170884
19,FBI Agents In Art Films,149383
19,FBI Agents In Art Films,252171
19,FBI Agents In Art Films,34444
19,FBI Agents In Art Films,36878
19,FBI Agents In Art Films,71822
19,FBI Agents In Art Films,192016
19,FBI Agents In Art Films,25621
19,FBI Agents In Art Films,433941
19,FBI Agents In Art Films,344088
19,FBI Agents In Art Films,27
19,FBI Agents In Art Films,66716
19,FBI Agents In Art Films,331044
19,FBI Agents In Art Films,820517
19,FBI Agents In Art Films,51370
19,FBI Agents In Art Films,47406
19,FBI Agents In Art Films,83761
19,FBI Agents In Art Films,109364
19,FBI Agents In Art Films,214069
19,FBI Agents In Art Films,31414
19,FBI Agents In Art Films,1853
19,FBI Agents In Art Films,318
19,FBI Agents In Art Films,377153
19,FBI Agents In Art Films,489412
19,FBI Agents In Art Films,1990
19,FBI Agents In Art Films,47046
19,FBI Agents In Art Films,41804
19,FBI Agents In Art Films,85836
19,FBI Agents In Art Films,419022
19,FBI Agents In Art Films,766798
19,FBI Agents In Art Films,84309
19,FBI Agents In Art Films,700000
19,FBI Agents In Art Films,104931
19,FBI Agents In Art Films,105711
19,FBI Agents In Art Films,14195
19,FBI Agents In Art Films,884
19,FBI Agents In Art Films,64246
19,FBI Agents In Art Films,10238
19,FBI Agents In Art Films,9343
20,Live Music Performance Drama Films,118275
20,Live Music Performance Drama Films,29444
20,Live Music Performance Drama Films,185476
20,Live Music Performance Drama Films,216451
20,Live Music Performance Drama Films,525
20,Live Music Performance Drama Films,94352
20,Live Music Performance Drama Films,332562
20,Live Music Performance Drama Films,28054
20,Live Music Performance Drama Films,551064
20,Live Music Performance Drama Films,44825
20,Live Music Performance Drama Films,620568
20,Live Music Performance Drama Films,27
20,Live Music Performance Drama Films,413727
20,Live Music Performance Drama Films,38178
20,Live Music Performance Drama Films,21923
20,Live Music Performance Drama Films,52900
20,Live Music Performance Drama Films,47271
20,Live Music Performance Drama Films,46633
20,Live Music Performance Drama Films,396969
20,Live Music Performance Drama Films,617773
20,Live Music Performance Drama Films,37038
20,Live Music Performance Drama Films,749744
20,Live Music Performance Drama Films,260662
20,Live Music Performance Drama Films,11068
20,Live Music Performance Drama Films,22975
20,Live Music Performance Drama Films,200513
20,Live Music Performance Drama Films,315205
20,Live Music Performance Drama Films,249164
20,Live Music Performance Drama Films,59726
20,Live Music Performance Drama Films,22479
20,Live Music Performance Drama Films,939984
20,Live Music Performance Drama Films,42198
20,Live Music Performance Drama Films,691542
20,Live Music Performance Drama Films,4704
20,Live Music Performance Drama Films,778082
20,Live Music Performance Drama Films,316776
20,Live Music Performance Drama Films,751337
20,Live Music Performance Drama Films,100842
20,Live Music Performance Drama Films,63859
20,Live Music Performance Drama Films,42367
21,R Lee Ermey Authority Figures,263554
21,R Lee Ermey Authority Figures,903
21,R Lee Ermey Authority Figures,10633
21,R Lee Ermey Authority Figures,22033
21,R Lee Ermey Authority Figures,202515
21,R Lee Ermey Authority Figures,170133
21,R Lee Ermey Authority Figures,27414
21,R Lee Ermey Authority Figures,40089
21,R Lee Ermey Authority Figures,8220
21,R Lee Ermey Authority Figures,9373
21,R Lee Ermey Authority Figures,14621
21,R Lee Ermey Authority Figures,421792
21,R Lee Ermey Authority Figures,33
21,R Lee Ermey Authority Figures,9377
21,R Lee Ermey Authority Figures,675
21,R Lee Ermey Authority Figures,11938
21,R Lee Ermey Authority Figures,31909
21,R Lee Ermey Authority Figures,40229
21,R Lee Ermey Authority Figures,56353
21,R Lee Ermey Authority Figures,9257
21,R Lee Ermey Authority Figures,53419
21,R Lee Ermey Authority Figures,287403
21,R Lee Ermey Authority Figures,4782
21,R Lee Ermey Authority Figures,544431
21,R Lee Ermey Authority Figures,16307
21,R Lee Ermey Authority Figures,29492
21,R Lee Ermey Authority Figures,29748
21,R Lee Ermey Authority Figures,11062
21,R Lee Ermey Authority Figures,6072
21,R Lee Ermey Authority Figures,49849
21,R Lee Ermey Authority Figures,28736
21,R Lee Ermey Authority Figures,579
21,R Lee Ermey Authority Figures,31943
21,R Lee Ermey Authority Figures,411976
21,R Lee Ermey Authority Figures,12617
21,R Lee Ermey Authority Figures,22985
21,R Lee Ermey Authority Figures,266058
21,R Lee Ermey Authority Figures,26451
21,R Lee Ermey Authority Figures,2005
21,R Lee Ermey Authority Figures,17494
21,R Lee Ermey Authority Figures,110933
21,R Lee Ermey Authority Figures,346709
21,R Lee Ermey Authority Figures,470229
21,R Lee Ermey Authority Figures,84188
21,R Lee Ermey Authority Figures,11229
21,R Lee Ermey Authority Figures,13279
21,R Lee Ermey Authority Figures,18147
21,R Lee Ermey Authority Figures,61667
21,R Lee Ermey Authority Figures,234
21,R Lee Ermey Authority Figures,47850
21,R Lee Ermey Authority Figures,36334
21,R Lee Ermey Authority Figures,23535
21,R Lee Ermey Authority Figures,2034
21,R Lee Ermey Authority Figures,65650
21,R Lee Ermey Authority Figures,791155
21,R Lee Ermey Authority Figures,10357
21,R Lee Ermey Authority Figures,16633
21,R Lee Ermey Authority Figures,28667
21,R Lee Ermey Authority Figures,276478
22,Pivotal 24 Hours In History,16391
22,Pivotal 24 Hours In History,29449
22,Pivotal 24 Hours In History,94857
22,Pivotal 24 Hours In History,347019
22,Pivotal 24 Hours In History,51980
22,Pivotal 24 Hours In History,413579
22,Pivotal 24 Hours In History,41614
22,Pivotal 24 Hours In History,38415
22,Pivotal 24 Hours In History,205584
22,Pivotal 24 Hours In History,27414
22,Pivotal 24 Hours In History,802839
22,Pivotal 24 Hours In History,1259032
22,Pivotal 24 Hours In History,42138
22,Pivotal 24 Hours In History,327450
22,Pivotal 24 Hours In History,34847
22,Pivotal 24 Hours In History,299423
22,Pivotal 24 Hours In History,33
22,Pivotal 24 Hours In History,454693
22,Pivotal 24 Hours In History,269100
22,Pivotal 24 Hours In History,9903
22,Pivotal 24 Hours In History,457136
22,Pivotal 24 Hours In History,339380
22,Pivotal 24 Hours In History,9912
22,Pivotal 24 Hours In History,121922
22,Pivotal 24 Hours In History,109125
22,Pivotal 24 Hours In History,9030
22,Pivotal 24 Hours In History,105158
22,Pivotal 24 Hours In History,378949
22,Pivotal 24 Hours In History,121803
22,Pivotal 24 Hours In History,82639
22,Pivotal 24 Hours In History,28627
22,Pivotal 24 Hours In History,43604
22,Pivotal 24 Hours In History,47446
22,Pivotal 24 Hours In History,856
22,Pivotal 24 Hours In History,406107
22,Pivotal 24 Hours In History,30177
22,Pivotal 24 Hours In History,52840
22,Pivotal 24 Hours In History,46827
22,Pivotal 24 Hours In History,43376
22,Pivotal 24 Hours In History,108917
23,Prophetic Pre Digital Age Films,636
23,Prophetic Pre Digital Age Films,176643
23,Prophetic Pre Digital Age Films,644
23,Prophetic Pre Digital Age Films,891
23,Prophetic Pre Digital Age Films,902
23,Prophetic Pre Digital Age Films,8838
23,Prophetic Pre Digital Age Films,23939
23,Prophetic Pre Digital Age Films,27145
23,Prophetic Pre Digital Age Films,56195
23,Prophetic Pre Digital Age Films,20620
23,Prophetic Pre Digital Age Films,8844
23,Prophetic Pre Digital Age Films,40844
23,Prophetic Pre Digital Age Films,21137
23,Prophetic Pre Digital Age Films,108954
23,Prophetic Pre Digital Age Films,37662
23,Prophetic Pre Digital Age Films,24099
23,Prophetic Pre Digital Age Films,496676
23,Prophetic Pre Digital Age Films,10149
23,Prophetic Pre Digital Age Films,38
23,Prophetic Pre Digital Age Films,21925
23,Prophetic Pre Digital Age Films,46633
23,Prophetic Pre Digital Age Films,29228
23,Prophetic Pre Digital Age Films,18094
23,Prophetic Pre Digital Age Films,32058
23,Prophetic Pre Digital Age Films,11963
23,Prophetic Pre Digital Age Films,837
23,Prophetic Pre Digital Age Films,17991
23,Prophetic Pre Digital Age Films,27977
23,Prophetic Pre Digital Age Films,85325
23,Prophetic Pre Digital Age Films,846
23,Prophetic Pre Digital Age Films,11088
23,Prophetic Pre Digital Age Films,14801
23,Prophetic Pre Digital Age Films,257105
23,Prophetic Pre Digital Age Films,11605
23,Prophetic Pre Digital Age Films,18775
23,Prophetic Pre Digital Age Films,9304
23,Prophetic Pre Digital Age Films,20183
23,Prophetic Pre Digital Age Films,858
23,Prophetic Pre Digital Age Films,194789
23,Prophetic Pre Digital Age Films,11371
23,Prophetic Pre Digital Age Films,1902
23,Prophetic Pre Digital Age Films,11374
23,Prophetic Pre Digital Age Films,20334
23,Prophetic Pre Digital Age Films,31342
23,Prophetic Pre Digital Age Films,41712
23,Prophetic Pre Digital Age Films,243
23,Prophetic Pre Digital Age Films,884
23,Prophetic Pre Digital Age Films,1651
23,Prophetic Pre Digital Age Films,25720
23,Prophetic Pre Digital Age Films,48249
23,Prophetic Pre Digital Age Films,2043
23,Prophetic Pre Digital Age Films,12796
23,Prophetic Pre Digital Age Films,10493
23,Prophetic Pre Digital Age Films,638
24,Cross Class Romance In Cinema,512
24,Cross Class Romance In Cinema,26371
24,Cross Class Romance In Cinema,27141
24,Cross Class Romance In Cinema,3078
24,Cross Class Romance In Cinema,39949
24,Cross Class Romance In Cinema,131732
24,Cross Class Romance In Cinema,12568
24,Cross Class Romance In Cinema,197785
24,Cross Class Romance In Cinema,362136
24,Cross Class Romance In Cinema,133531
24,Cross Class Romance In Cinema,9762
24,Cross Class Romance In Cinema,29988
24,Cross Class Romance In Cinema,97829
24,Cross Class Romance In Cinema,21542
24,Cross Class Romance In Cinema,15143
24,Cross Class Romance In Cinema,124324
24,Cross Class Romance In Cinema,16562
24,Cross Class Romance In Cinema,290098
24,Cross Class Romance In Cinema,43316
24,Cross Class Romance In Cinema,511413
24,Cross Class Romance In Cinema,11191
24,Cross Class Romance In Cinema,55
24,Cross Class Romance In Cinema,34106
24,Cross Class Romance In Cinema,29371
24,Cross Class Romance In Cinema,21566
24,Cross Class Romance In Cinema,2623
24,Cross Class Romance In Cinema,122047
24,Cross Class Romance In Cinema,119102
24,Cross Class Romance In Cinema,43075
24,Cross Class Romance In Cinema,38724
24,Cross Class Romance In Cinema,2762
24,Cross Class Romance In Cinema,413770
24,Cross Class Romance In Cinema,87115
24,Cross Class Romance In Cinema,108746
24,Cross Class Romance In Cinema,209227
24,Cross Class Romance In Cinema,2898
24,Cross Class Romance In Cinema,3542
24,Cross Class Romance In Cinema,88
24,Cross Class Romance In Cinema,33112
24,Cross Class Romance In Cinema,47069
24,Cross Class Romance In Cinema,1377
24,Cross Class Romance In Cinema,13665
24,Cross Class Romance In Cinema,10340
24,Cross Class Romance In Cinema,9062
24,Cross Class Romance In Cinema,2028
24,Cross Class Romance In Cinema,42604
24,Cross Class Romance In Cinema,43886
24,Cross Class Romance In Cinema,42607
24,Cross Class Romance In Cinema,15859
24,Cross Class Romance In Cinema,76661
24,Cross Class Romance In Cinema,13562
24,Cross Class Romance In Cinema,509
24,Cross Class Romance In Cinema,39039
25,Over The Top Villain Performances,10882
25,Over The Top Villain Performances,11780
25,Over The Top Villain Performances,9092
25,Over The Top Villain Performances,49797
25,Over The Top Villain Performances,28679
25,Over The Top Villain Performances,41609
25,Over The Top Villain Performances,9994
25,Over The Top Villain Performances,268
25,Over The Top Villain Performances,52627
25,Over The Top Villain Performances,9624
25,Over The Top Villain Performances,155
25,Over The Top Villain Performances,25628
25,Over The Top Villain Performances,285
25,Over The Top Villain Performances,2079
25,Over The Top Villain Performances,415
25,Over The Top Villain Performances,663712
25,Over The Top Villain Performances,15401
25,Over The Top Villain Performances,17834
25,Over The Top Villain Performances,7980
25,Over The Top Villain Performances,9772
25,Over The Top Villain Performances,12206
25,Over The Top Villain Performances,39342
25,Over The Top Villain Performances,58
25,Over The Top Villain Performances,120509
25,Over The Top Villain Performances,9538
25,Over The Top Villain Performances,1092
25,Over The Top Villain Performances,11342
25,Over The Top Villain Performances,45779
25,Over The Top Villain Performances,76757
25,Over The Top Villain Performances,102488
25,Over The Top Villain Performances,10715
25,Over The Top Villain Performances,604
25,Over The Top Villain Performances,4702
25,Over The Top Villain Performances,16869
25,Over The Top Villain Performances,107
25,Over The Top Villain Performances,9070
25,Over The Top Villain Performances,1523
25,Over The Top Villain Performances,5491
25,Over The Top Villain Performances,11379
25,Over The Top Villain Performances,54392
25,Over The Top Villain Performances,12155
26,Playing Both Sides Against Middle,11648
26,Playing Both Sides Against Middle,146304
26,Playing Both Sides Against Middle,170752
26,Playing Both Sides Against Middle,1540
26,Playing Both Sides Against Middle,40452
26,Playing Both Sides Against Middle,103686
26,Playing Both Sides Against Middle,391
26,Playing Both Sides Against Middle,52105
26,Playing Both Sides Against Middle,16395
26,Playing Both Sides Against Middle,426253
26,Playing Both Sides Against Middle,369038
26,Playing Both Sides Against Middle,18191
26,Playing Both Sides Against Middle,12560
26,Playing Both Sides Against Middle,299536
26,Playing Both Sides Against Middle,8852
26,Playing Both Sides Against Middle,426264
26,Playing Both Sides Against Middle,8998
26,Playing Both Sides Against Middle,242088
26,Playing Both Sides Against Middle,431017
26,Playing Both Sides Against Middle,938
26,Playing Both Sides Against Middle,7211
26,Playing Both Sides Against Middle,9005
26,Playing Both Sides Against Middle,688
26,Playing Both Sides Against Middle,13365
26,Playing Both Sides Against Middle,58
26,Playing Both Sides Against Middle,50363
26,Playing Both Sides Against Middle,399035
26,Playing Both Sides Against Middle,77117
26,Playing Both Sides Against Middle,1491901
26,Playing Both Sides Against Middle,4927
26,Playing Both Sides Against Middle,33217
26,Playing Both Sides Against Middle,2755
26,Playing Both Sides Against Middle,489925
26,Playing Both Sides Against Middle,57158
26,Playing Both Sides Against Middle,547654
26,Playing Both Sides Against Middle,394955
26,Playing Both Sides Against Middle,610253
26,Playing Both Sides Against Middle,38223
26,Playing Both Sides Against Middle,491473
26,Playing Both Sides Against Middle,11862
26,Playing Both Sides Against Middle,369883
26,Playing Both Sides Against Middle,501979
26,Playing Both Sides Against Middle,38365
26,Playing Both Sides Against Middle,1891
26,Playing Both Sides Against Middle,11878
26,Playing Both Sides Against Middle,10478
26,Playing Both Sides Against Middle,209263
26,Playing Both Sides Against Middle,31472
26,Playing Both Sides Against Middle,82545
26,Playing Both Sides Against Middle,625651
26,Playing Both Sides Against Middle,14326
26,Playing Both Sides Against Middle,8696
26,Playing Both Sides Against Middle,121
26,Playing Both Sides Against Middle,122
26,Playing Both Sides Against Middle,18683
26,Playing Both Sides Against Middle,615678
26,Playing Both Sides Against Middle,1023
27,Love Stories Amid Political Revolution,637
27,Love Stories Amid Political Revolution,907
27,Love Stories Amid Political Revolution,60047
27,Love Stories Amid Political Revolution,14608
27,Love Stories Amid Political Revolution,576017
27,Love Stories Amid Political Revolution,332562
27,Love Stories Amid Political Revolution,70804
27,Love Stories Amid Political Revolution,7191
27,Love Stories Amid Political Revolution,51999
27,Love Stories Amid Political Revolution,20128
27,Love Stories Amid Political Revolution,297762
27,Love Stories Amid Political Revolution,81699
27,Love Stories Amid Political Revolution,45220
27,Love Stories Amid Political Revolution,30374
27,Love Stories Amid Political Revolution,15271
27,Love Stories Amid Political Revolution,109991
27,Love Stories Amid Political Revolution,31657
27,Love Stories Amid Political Revolution,2731
27,Love Stories Amid Political Revolution,59820
27,Love Stories Amid Political Revolution,1716
27,Love Stories Amid Political Revolution,58
27,Love Stories Amid Political Revolution,22460
27,Love Stories Amid Political Revolution,1985
27,Love Stories Amid Political Revolution,451
27,Love Stories Amid Political Revolution,69
27,Love Stories Amid Political Revolution,55238
27,Love Stories Amid Political Revolution,967
27,Love Stories Amid Political Revolution,55240
27,Love Stories Amid Political Revolution,30025
27,Love Stories Amid Political Revolution,239185
27,Love Stories Amid Political Revolution,68178
27,Love Stories Amid Political Revolution,35412
27,Love Stories Amid Political Revolution,21463
27,Love Stories Amid Political Revolution,101591
27,Love Stories Amid Political Revolution,429662
27,Love Stories Amid Political Revolution,16992
27,Love Stories Amid Political Revolution,4326
27,Love Stories Amid Political Revolution,451945
27,Love Stories Amid Political Revolution,375914
27,Love Stories Amid Political Revolution,149870
27,Love Stories Amid Political Revolution,68850
27,Love Stories Amid Political Revolution,712178
27,Love Stories Amid Political Revolution,11386
27,Love Stories Amid Political Revolution,125693
27,Love Stories Amid Political Revolution,43775
28,Orphans Rising Above Their Past,40962
28,Orphans Rising Above Their Past,47491
28,Orphans Rising Above Their Past,388
28,Orphans Rising Above Their Past,209411
28,Orphans Rising Above Their Past,487558
28,Orphans Rising Above Their Past,11145
28,Orphans Rising Above Their Past,13580
28,Orphans Rising Above Their Past,18190
28,Orphans Rising Above Their Past,23954
28,Orphans Rising Above Their Past,16022
28,Orphans Rising Above Their Past,16279
28,Orphans Rising Above Their Past,121878
28,Orphans Rising Above Their Past,14108
28,Orphans Rising Above Their Past,166557
28,Orphans Rising Above Their Past,402334
28,Orphans Rising Above Their Past,514593
28,Orphans Rising Above Their Past,803
28,Orphans Rising Above Their Past,15271
28,Orphans Rising Above Their Past,138030
28,Orphans Rising Above Their Past,418098
28,Orphans Rising Above Their Past,40377
28,Orphans Rising Above Their Past,59
28,Orphans Rising Above Their Past,450875
28,Orphans Rising Above Their Past,10685
28,Orphans Rising Above Their Past,188222
28,Orphans Rising Above Their Past,191
28,Orphans Rising Above Their Past,141760
28,Orphans Rising Above Their Past,2502
28,Orphans Rising Above Their Past,41032
28,Orphans Rising Above Their Past,9417
28,Orphans Rising Above Their Past,324552
28,Orphans Rising Above Their Past,380620
28,Orphans Rising Above Their Past,2255
28,Orphans Rising Above Their Past,39507
28,Orphans Rising Above Their Past,33364
28,Orphans Rising Above Their Past,597
28,Orphans Rising Above Their Past,22744
28,Orphans Rising Above Their Past,16093
28,Orphans Rising Above Their Past,17761
28,Orphans Rising Above Their Past,9699
28,Orphans Rising Above Their Past,47333
28,Orphans Rising Above Their Past,4201
28,Orphans Rising Above Their Past,84332
28,Orphans Rising Above Their Past,88176
28,Orphans Rising Above Their Past,82545
28,Orphans Rising Above Their Past,124
29,Media Witch Hunts Gone Wrong,42615
29,Media Witch Hunts Gone Wrong,401546
29,Media Witch Hunts Gone Wrong,7446
29,Media Witch Hunts Gone Wrong,4762
29,Media Witch Hunts Gone Wrong,21028
29,Media Witch Hunts Gone Wrong,24742
29,Media Witch Hunts Gone Wrong,9770
29,Media Witch Hunts Gone Wrong,292011
29,Media Witch Hunts Gone Wrong,9264
29,Media Witch Hunts Gone Wrong,77875
29,Media Witch Hunts Gone Wrong,3001
29,Media Witch Hunts Gone Wrong,59
29,Media Witch Hunts Gone Wrong,20539
29,Media Witch Hunts Gone Wrong,353087
29,Media Witch Hunts Gone Wrong,28480
29,Media Witch Hunts Gone Wrong,76285
29,Media Witch Hunts Gone Wrong,71880
29,Media Witch Hunts Gone Wrong,27465
29,Media Witch Hunts Gone Wrong,82120
29,Media Witch Hunts Gone Wrong,22476
29,Media Witch Hunts Gone Wrong,155084
29,Media Witch Hunts Gone Wrong,14799
29,Media Witch Hunts Gone Wrong,31696
29,Media Witch Hunts Gone Wrong,13653
29,Media Witch Hunts Gone Wrong,27223
29,Media Witch Hunts Gone Wrong,11609
29,Media Witch Hunts Gone Wrong,2144
29,Media Witch Hunts Gone Wrong,10337
29,Media Witch Hunts Gone Wrong,136928
29,Media Witch Hunts Gone Wrong,503
29,Media Witch Hunts Gone Wrong,10086
29,Media Witch Hunts Gone Wrong,17645
29,Media Witch Hunts Gone Wrong,13552
29,Media Witch Hunts Gone Wrong,754
29,Media Witch Hunts Gone Wrong,34803
29,Media Witch Hunts Gone Wrong,76018
29,Media Witch Hunts Gone Wrong,12919
29,Media Witch Hunts Gone Wrong,378
29,Media Witch Hunts Gone Wrong,534780
29,Media Witch Hunts Gone Wrong,38269
29,Media Witch Hunts Gone Wrong,13950
30,German Films Confronting Nazi Past,137093
30,German Films Confronting Nazi Past,820614
30,German Films Confronting Nazi Past,396810
30,German Films Confronting Nazi Past,16268
30,German Films Confronting Nazi Past,23949
30,German Films Confronting Nazi Past,284053
30,German Films Confronting Nazi Past,290841
30,German Films Confronting Nazi Past,12698
30,German Films Confronting Nazi Past,47643
30,German Films Confronting Nazi Past,47388
30,German Films Confronting Nazi Past,259611
30,German Films Confronting Nazi Past,274974
30,German Films Confronting Nazi Past,43936
30,German Films Confronting Nazi Past,497698
30,German Films Confronting Nazi Past,352547
30,German Films Confronting Nazi Past,422
30,German Films Confronting Nazi Past,6317
30,German Films Confronting Nazi Past,85550
30,German Films Confronting Nazi Past,41647
30,German Films Confronting Nazi Past,10417
30,German Films Confronting Nazi Past,308
30,German Films Confronting Nazi Past,309
30,German Films Confronting Nazi Past,509364
30,German Films Confronting Nazi Past,59
30,German Films Confronting Nazi Past,1465915
30,German Films Confronting Nazi Past,41411
30,German Films Confronting Nazi Past,14674
30,German Films Confronting Nazi Past,10197
30,German Films Confronting Nazi Past,47959
30,German Films Confronting Nazi Past,86616
30,German Films Confronting Nazi Past,408537
30,German Films Confronting Nazi Past,1632
30,German Films Confronting Nazi Past,581859
30,German Films Confronting Nazi Past,613
30,German Films Confronting Nazi Past,83686
30,German Films Confronting Nazi Past,47473
30,German Films Confronting Nazi Past,24821
30,German Films Confronting Nazi Past,355065
30,German Films Confronting Nazi Past,297725
30,German Films Confronting Nazi Past,494974
31,Oscar Nominated Supporting Actresses,13440
31,Oscar Nominated Supporting Actresses,23168
31,Oscar Nominated Supporting Actresses,18434
31,Oscar Nominated Supporting Actresses,28289
31,Oscar Nominated Supporting Actresses,11012
31,Oscar Nominated Supporting Actresses,28293
31,Oscar Nominated Supporting Actresses,242693
31,Oscar Nominated Supporting Actresses,306819
31,Oscar Nominated Supporting Actresses,36492
31,Oscar Nominated Supporting Actresses,10126
31,Oscar Nominated Supporting Actresses,18446
31,Oscar Nominated Supporting Actresses,1552
31,Oscar Nominated Supporting Actresses,3600
31,Oscar Nominated Supporting Actresses,1810
31,Oscar Nominated Supporting Actresses,250766
31,Oscar Nominated Supporting Actresses,42390
31,Oscar Nominated Supporting Actresses,26520
31,Oscar Nominated Supporting Actresses,26522
31,Oscar Nominated Supporting Actresses,4380
31,Oscar Nominated Supporting Actresses,36514
31,Oscar Nominated Supporting Actresses,475430
31,Oscar Nominated Supporting Actresses,551
31,Oscar Nominated Supporting Actresses,250538
31,Oscar Nominated Supporting Actresses,116014
31,Oscar Nominated Supporting Actresses,5693
31,Oscar Nominated Supporting Actresses,7485
31,Oscar Nominated Supporting Actresses,63
31,Oscar Nominated Supporting Actresses,10685
31,Oscar Nominated Supporting Actresses,348350
31,Oscar Nominated Supporting Actresses,418879
31,Oscar Nominated Supporting Actresses,965
31,Oscar Nominated Supporting Actresses,104394
31,Oscar Nominated Supporting Actresses,10443
31,Oscar Nominated Supporting Actresses,567629
31,Oscar Nominated Supporting Actresses,1497
31,Oscar Nominated Supporting Actresses,3034
31,Oscar Nominated Supporting Actresses,1885
31,Oscar Nominated Supporting Actresses,52959
31,Oscar Nominated Supporting Actresses,9440
31,Oscar Nominated Supporting Actresses,16993
31,Oscar Nominated Supporting Actresses,483808
31,Oscar Nominated Supporting Actresses,10214
31,Oscar Nominated Supporting Actresses,37222
31,Oscar Nominated Supporting Actresses,43882
31,Oscar Nominated Supporting Actresses,36464
31,Oscar Nominated Supporting Actresses,37233
31,Oscar Nominated Supporting Actresses,1654
31,Oscar Nominated Supporting Actresses,11382
31,Oscar Nominated Supporting Actresses,11896
31,Oscar Nominated Supporting Actresses,113916
31,Oscar Nominated Supporting Actresses,39934
31,Oscar Nominated Supporting Actresses,32255
32,Institutional Power Struggle Films,5125
32,Institutional Power Struggle Films,65034
32,Institutional Power Struggle Films,780
32,Institutional Power Struggle Films,75152
32,Institutional Power Struggle Films,260496
32,Institutional Power Struggle Films,1810
32,Institutional Power Struggle Films,341277
32,Institutional Power Struggle Films,2207
32,Institutional Power Struggle Films,450465
32,Institutional Power Struggle Films,18726
32,Institutional Power Struggle Films,630824
32,Institutional Power Struggle Films,497582
32,Institutional Power Struggle Films,113458
32,Institutional Power Struggle Films,117042
32,Institutional Power Struggle Films,42164
32,Institutional Power Struggle Films,334394
32,Institutional Power Struggle Films,243899
32,Institutional Power Struggle Films,11324
32,Institutional Power Struggle Films,49980
32,Institutional Power Struggle Films,524348
32,Institutional Power Struggle Films,4543
32,Institutional Power Struggle Films,44864
32,Institutional Power Struggle Films,308032
32,Institutional Power Struggle Films,63
32,Institutional Power Struggle Films,124991
32,Institutional Power Struggle Films,22855
32,Institutional Power Struggle Films,334536
32,Institutional Power Struggle Films,413133
32,Institutional Power Struggle Films,9040
32,Institutional Power Struggle Films,5334
32,Institutional Power Struggle Films,65754
32,Institutional Power Struggle Films,525661
32,Institutional Power Struggle Films,23397
32,Institutional Power Struggle Films,42085
32,Institutional Power Struggle Films,11623
32,Institutional Power Struggle Films,10734
32,Institutional Power Struggle Films,468208
32,Institutional Power Struggle Films,51956
32,Institutional Power Struggle Films,10360
32,Institutional Power Struggle Films,22137
32,Institutional Power Struggle Films,535292
32,Institutional Power Struggle Films,32767
33,Memory As Narrative Device Films,259
33,Memory As Narrative Device Films,13701
33,Memory As Narrative Device Films,340485
33,Memory As Narrative Device Films,27655
33,Memory As Narrative Device Films,430214
33,Memory As Narrative Device Films,19597
33,Memory As Narrative Device Films,374671
33,Memory As Narrative Device Films,662
33,Memory As Narrative Device Films,409
33,Memory As Narrative Device Films,90908
33,Memory As Narrative Device Films,79264
33,Memory As Narrative Device Films,42020
33,Memory As Narrative Device Films,5544
33,Memory As Narrative Device Films,11827
33,Memory As Narrative Device Films,517814
33,Memory As Narrative Device Films,166204
33,Memory As Narrative Device Films,64
33,Memory As Narrative Device Films,302528
33,Memory As Narrative Device Films,600000
33,Memory As Narrative Device Films,332872
33,Memory As Narrative Device Films,43337
33,Memory As Narrative Device Films,493899
33,Memory As Narrative Device Films,844
33,Memory As Narrative Device Films,10958
33,Memory As Narrative Device Films,11861
33,Memory As Narrative Device Films,5590
33,Memory As Narrative Device Films,44117
33,Memory As Narrative Device Films,6619
33,Memory As Narrative Device Films,1628
33,Memory As Narrative Device Films,19931
33,Memory As Narrative Device Films,41053
33,Memory As Narrative Device Films,84956
33,Memory As Narrative Device Films,43488
33,Memory As Narrative Device Films,110689
33,Memory As Narrative Device Films,80484
33,Memory As Narrative Device Films,1124
33,Memory As Narrative Device Films,614
33,Memory As Narrative Device Films,85350
33,Memory As Narrative Device Films,54890
33,Memory As Narrative Device Films,71402
33,Memory As Narrative Device Films,50030
33,Memory As Narrative Device Films,24436
33,Memory As Narrative Device Films,630
33,Memory As Narrative Device Films,204922
34,Olympic Dreams Against All Odds,11905
34,Olympic Dreams Against All Odds,114562
34,Olympic Dreams Against All Odds,222209
34,Olympic Dreams Against All Odds,430081
34,Olympic Dreams Against All Odds,96389
34,Olympic Dreams Against All Odds,129670
34,Olympic Dreams Against All Odds,16136
34,Olympic Dreams Against All Odds,27019
34,Olympic Dreams Against All Odds,13581
34,Olympic Dreams Against All Odds,2062
34,Olympic Dreams Against All Odds,319888
34,Olympic Dreams Against All Odds,23954
34,Olympic Dreams Against All Odds,203538
34,Olympic Dreams Against All Odds,13466
34,Olympic Dreams Against All Odds,310938
34,Olympic Dreams Against All Odds,27804
34,Olympic Dreams Against All Odds,45213
34,Olympic Dreams Against All Odds,308639
34,Olympic Dreams Against All Odds,14242
34,Olympic Dreams Against All Odds,11044
34,Olympic Dreams Against All Odds,1574
34,Olympic Dreams Against All Odds,939
34,Olympic Dreams Against All Odds,10028
34,Olympic Dreams Against All Odds,119727
34,Olympic Dreams Against All Odds,16562
34,Olympic Dreams Against All Odds,15668
34,Olympic Dreams Against All Odds,8885
34,Olympic Dreams Against All Odds,15802
34,Olympic Dreams Against All Odds,6075
34,Olympic Dreams Against All Odds,47676
34,Olympic Dreams Against All Odds,6461
34,Olympic Dreams Against All Odds,65
34,Olympic Dreams Against All Odds,32327
34,Olympic Dreams Against All Odds,52936
34,Olympic Dreams Against All Odds,15433
34,Olympic Dreams Against All Odds,785352
34,Olympic Dreams Against All Odds,25675
34,Olympic Dreams Against All Odds,103758
34,Olympic Dreams Against All Odds,42451
34,Olympic Dreams Against All Odds,468
34,Olympic Dreams Against All Odds,80596
34,Olympic Dreams Against All Odds,44502
34,Olympic Dreams Against All Odds,9816
34,Olympic Dreams Against All Odds,65240
34,Olympic Dreams Against All Odds,86233
34,Olympic Dreams Against All Odds,369883
34,Olympic Dreams Against All Odds,864
34,Olympic Dreams Against All Odds,10337
34,Olympic Dreams Against All Odds,620897
34,Olympic Dreams Against All Odds,17379
34,Olympic Dreams Against All Odds,53607
34,Olympic Dreams Against All Odds,491625
34,Olympic Dreams Against All Odds,305391
34,Olympic Dreams Against All Odds,16370
34,Olympic Dreams Against All Odds,436343
34,Olympic Dreams Against All Odds,377
34,Olympic Dreams Against All Odds,316029
35,Hubris Of Power Films,77953
35,Hubris Of Power Films,39043
35,Hubris Of Power Films,388
35,Hubris Of Power Films,2309
35,Hubris Of Power Films,33157
35,Hubris Of Power Films,132363
35,Hubris Of Power Films,429197
35,Hubris Of Power Films,542224
35,Hubris Of Power Films,85521
35,Hubris Of Power Films,45202
35,Hubris Of Power Films,109332
35,Hubris Of Power Films,3478
35,Hubris Of Power Films,69912
35,Hubris Of Power Films,10523
35,Hubris Of Power Films,415005
35,Hubris Of Power Films,472608
35,Hubris Of Power Films,55971
35,Hubris Of Power Films,51876
35,Hubris Of Power Films,328233
35,Hubris Of Power Films,402351
35,Hubris Of Power Films,76721
35,Hubris Of Power Films,37557
35,Hubris Of Power Films,195382
35,Hubris Of Power Films,2616
35,Hubris Of Power Films,5048
35,Hubris Of Power Films,77882
35,Hubris Of Power Films,203833
35,Hubris Of Power Films,32574
35,Hubris Of Power Films,448448
35,Hubris Of Power Films,66
35,Hubris Of Power Films,14786
35,Hubris Of Power Films,46917
35,Hubris Of Power Films,283591
35,Hubris Of Power Films,49355
35,Hubris Of Power Films,4556
35,Hubris Of Power Films,19661
35,Hubris Of Power Films,287947
35,Hubris Of Power Films,1491
35,Hubris Of Power Films,2259
35,Hubris Of Power Films,51540
35,Hubris Of Power Films,278484
35,Hubris Of Power Films,983
35,Hubris Of Power Films,345
35,Hubris Of Power Films,270302
35,Hubris Of Power Films,10212
35,Hubris Of Power Films,1895
35,Hubris Of Power Films,35695
35,Hubris Of Power Films,430447
35,Hubris Of Power Films,14449
35,Hubris Of Power Films,8818
35,Hubris Of Power Films,370168
35,Hubris Of Power Films,6521
35,Hubris Of Power Films,762
36,Neorealist Influenced Middle Eastern Cinema,501760
36,Neorealist Influenced Middle Eastern Cinema,87308
36,Neorealist Influenced Middle Eastern Cinema,336655
36,Neorealist Influenced Middle Eastern Cinema,49168
36,Neorealist Influenced Middle Eastern Cinema,8340
36,Neorealist Influenced Middle Eastern Cinema,77461
36,Neorealist Influenced Middle Eastern Cinema,433174
36,Neorealist Influenced Middle Eastern Cinema,16919
36,Neorealist Influenced Middle Eastern Cinema,250779
36,Neorealist Influenced Middle Eastern Cinema,44065
36,Neorealist Influenced Middle Eastern Cinema,594082
36,Neorealist Influenced Middle Eastern Cinema,7973
36,Neorealist Influenced Middle Eastern Cinema,99878
36,Neorealist Influenced Middle Eastern Cinema,370213
36,Neorealist Influenced Middle Eastern Cinema,3113
36,Neorealist Influenced Middle Eastern Cinema,452010
36,Neorealist Influenced Middle Eastern Cinema,11051
36,Neorealist Influenced Middle Eastern Cinema,812
36,Neorealist Influenced Middle Eastern Cinema,29996
36,Neorealist Influenced Middle Eastern Cinema,49964
36,Neorealist Influenced Middle Eastern Cinema,412203
36,Neorealist Influenced Middle Eastern Cinema,436270
36,Neorealist Influenced Middle Eastern Cinema,213938
36,Neorealist Influenced Middle Eastern Cinema,7860
36,Neorealist Influenced Middle Eastern Cinema,44085
36,Neorealist Influenced Middle Eastern Cinema,1290423
36,Neorealist Influenced Middle Eastern Cinema,435129
36,Neorealist Influenced Middle Eastern Cinema,468284
36,Neorealist Influenced Middle Eastern Cinema,121791
36,Neorealist Influenced Middle Eastern Cinema,67
36,Neorealist Influenced Middle Eastern Cinema,30020
36,Neorealist Influenced Middle Eastern Cinema,9543
36,Neorealist Influenced Middle Eastern Cinema,45899
36,Neorealist Influenced Middle Eastern Cinema,964943
36,Neorealist Influenced Middle Eastern Cinema,49104
36,Neorealist Influenced Middle Eastern Cinema,19026
36,Neorealist Influenced Middle Eastern Cinema,60243
36,Neorealist Influenced Middle Eastern Cinema,129112
36,Neorealist Influenced Middle Eastern Cinema,2011
36,Neorealist Influenced Middle Eastern Cinema,32092
36,Neorealist Influenced Middle Eastern Cinema,648795
36,Neorealist Influenced Middle Eastern Cinema,22238
36,Neorealist Influenced Middle Eastern Cinema,582881
36,Neorealist Influenced Middle Eastern Cinema,393571
36,Neorealist Influenced Middle Eastern Cinema,375012
36,Neorealist Influenced Middle Eastern Cinema,15976
36,Neorealist Influenced Middle Eastern Cinema,24424
36,Neorealist Influenced Middle Eastern Cinema,224746
36,Neorealist Influenced Middle Eastern Cinema,63083
36,Neorealist Influenced Middle Eastern Cinema,10351
36,Neorealist Influenced Middle Eastern Cinema,338928
36,Neorealist Influenced Middle Eastern Cinema,856437
36,Neorealist Influenced Middle Eastern Cinema,128250
36,Neorealist Influenced Middle Eastern Cinema,320639
37,Airplane Hijacking Crisis Films,63618
37,Airplane Hijacking Crisis Films,37637
37,Airplane Hijacking Crisis Films,5255
37,Airplane Hijacking Crisis Films,250761
37,Airplane Hijacking Crisis Films,1550
37,Airplane Hijacking Crisis Films,2320
37,Airplane Hijacking Crisis Films,59922
37,Airplane Hijacking Crisis Films,693906
37,Airplane Hijacking Crisis Films,8342
37,Airplane Hijacking Crisis Films,159004
37,Airplane Hijacking Crisis Films,107678
37,Airplane Hijacking Crisis Films,24739
37,Airplane Hijacking Crisis Films,500006
37,Airplane Hijacking Crisis Films,395560
37,Airplane Hijacking Crisis Films,71469
37,Airplane Hijacking Crisis Films,13362
37,Airplane Hijacking Crisis Films,37181
37,Airplane Hijacking Crisis Films,403390
37,Airplane Hijacking Crisis Films,139329
37,Airplane Hijacking Crisis Films,373442
37,Airplane Hijacking Crisis Films,3011
37,Airplane Hijacking Crisis Films,67
37,Airplane Hijacking Crisis Films,167494
37,Airplane Hijacking Crisis Films,858059
37,Airplane Hijacking Crisis Films,121677
37,Airplane Hijacking Crisis Films,10449
37,Airplane Hijacking Crisis Films,30673
37,Airplane Hijacking Crisis Films,26195
37,Airplane Hijacking Crisis Films,63058
37,Airplane Hijacking Crisis Films,119767
37,Airplane Hijacking Crisis Films,433627
37,Airplane Hijacking Crisis Films,74465
37,Airplane Hijacking Crisis Films,11490
37,Airplane Hijacking Crisis Films,458342
37,Airplane Hijacking Crisis Films,42087
37,Airplane Hijacking Crisis Films,432615
37,Airplane Hijacking Crisis Films,8937
37,Airplane Hijacking Crisis Films,41578
37,Airplane Hijacking Crisis Films,179179
37,Airplane Hijacking Crisis Films,36334
37,Airplane Hijacking Crisis Films,14703
37,Airplane Hijacking Crisis Films,25465
37,Airplane Hijacking Crisis Films,13818
37,Airplane Hijacking Crisis Films,1165563
37,Airplane Hijacking Crisis Films,25212
38,First Color Films By Masters,13318
38,First Color Films By Masters,8966
38,First Color Films By Masters,6418
38,First Color Films By Masters,2200
38,First Color Films By Masters,290841
38,First Color Films By Masters,16283
38,First Color Films By Masters,84636
38,First Color Films By Masters,19997
38,First Color Films By Masters,8222
38,First Color Films By Masters,19742
38,First Color Films By Masters,419743
38,First Color Films By Masters,517148
38,First Color Films By Masters,70435
38,First Color Films By Masters,550
38,First Color Films By Masters,25384
38,First Color Films By Masters,165935
38,First Color Films By Masters,19120
38,First Color Films By Masters,187
38,First Color Films By Masters,1725
38,First Color Films By Masters,2112
38,First Color Films By Masters,9920
38,First Color Films By Masters,67
38,First Color Films By Masters,843
38,First Color Films By Masters,5068
38,First Color Films By Masters,125264
38,First Color Films By Masters,13012
38,First Color Films By Masters,1494
38,First Color Films By Masters,219
38,First Color Films By Masters,2657
38,First Color Films By Masters,69605
38,First Color Films By Masters,517991
38,First Color Films By Masters,2668
38,First Color Films By Masters,49517
38,First Color Films By Masters,28272
38,First Color Films By Masters,335984
38,First Color Films By Masters,68726
38,First Color Films By Masters,78071
38,First Color Films By Masters,785398
38,First Color Films By Masters,2297
38,First Color Films By Masters,15867
38,First Color Films By Masters,201085
38,First Color Films By Masters,7294
38,First Color Films By Masters,134911
39,Music As Political Resistance Films,289026
39,Music As Political Resistance Films,11911
39,Music As Political Resistance Films,36362
39,Music As Political Resistance Films,26763
39,Music As Political Resistance Films,98189
39,Music As Political Resistance Films,49168
39,Music As Political Resistance Films,9746
39,Music As Political Resistance Films,659
39,Music As Political Resistance Films,91030
39,Music As Political Resistance Films,47900
39,Music As Political Resistance Films,3870
39,Music As Political Resistance Films,26784
39,Music As Political Resistance Films,511014
39,Music As Political Resistance Films,603519
39,Music As Political Resistance Films,49449
39,Music As Political Resistance Films,108970
39,Music As Political Resistance Films,122161
39,Music As Political Resistance Films,10419
39,Music As Political Resistance Films,1716
39,Music As Political Resistance Films,338355
39,Music As Political Resistance Films,65332
39,Music As Political Resistance Films,243899
39,Music As Political Resistance Films,566076
39,Music As Political Resistance Films,1038652
39,Music As Political Resistance Films,2111
39,Music As Political Resistance Films,23615
39,Music As Political Resistance Films,465914
39,Music As Political Resistance Films,68
39,Music As Political Resistance Films,2117
39,Music As Political Resistance Films,50117
39,Music As Political Resistance Films,85446
39,Music As Political Resistance Films,84169
39,Music As Political Resistance Films,84170
39,Music As Political Resistance Films,32075
39,Music As Political Resistance Films,355020
39,Music As Political Resistance Films,41678
39,Music As Political Resistance Films,446159
39,Music As Political Resistance Films,17360
39,Music As Political Resistance Films,19666
39,Music As Political Resistance Films,926676
39,Music As Political Resistance Films,27605
39,Music As Political Resistance Films,22614
39,Music As Political Resistance Films,7514
39,Music As Political Resistance Films,351454
39,Music As Political Resistance Films,224
39,Music As Political Resistance Films,277216
39,Music As Political Resistance Films,52967
39,Music As Political Resistance Films,166375
39,Music As Political Resistance Films,197607
39,Music As Political Resistance Films,9450
39,Music As Political Resistance Films,46315
39,Music As Political Resistance Films,373480
39,Music As Political Resistance Films,43118
39,Music As Political Resistance Films,49007
39,Music As Political Resistance Films,34036
39,Music As Political Resistance Films,1004663
39,Music As Political Resistance Films,57082
39,Music As Political Resistance Films,184827
39,Music As Political Resistance Films,497916
39,Music As Political Resistance Films,13823
40,Transformative Biopic Acting Performances,16769
40,Transformative Biopic Acting Performances,110338
40,Transformative Biopic Acting Performances,5001
40,Transformative Biopic Acting Performances,905
40,Transformative Biopic Acting Performances,1162
40,Transformative Biopic Acting Performances,8075
40,Transformative Biopic Acting Performances,26378
40,Transformative Biopic Acting Performances,654
40,Transformative Biopic Acting Performances,783
40,Transformative Biopic Acting Performances,9361
40,Transformative Biopic Acting Performances,95764
40,Transformative Biopic Acting Performances,29845
40,Transformative Biopic Acting Performances,17687
40,Transformative Biopic Acting Performances,29592
40,Transformative Biopic Acting Performances,28569
40,Transformative Biopic Acting Performances,72602
40,Transformative Biopic Acting Performances,85783
40,Transformative Biopic Acting Performances,10537
40,Transformative Biopic Acting Performances,20139
40,Transformative Biopic Acting Performances,3116
40,Transformative Biopic Acting Performances,41131
40,Transformative Biopic Acting Performances,49963
40,Transformative Biopic Acting Performances,46767
40,Transformative Biopic Acting Performances,2098
40,Transformative Biopic Acting Performances,11709
40,Transformative Biopic Acting Performances,702
40,Transformative Biopic Acting Performances,12093
40,Transformative Biopic Acting Performances,40383
40,Transformative Biopic Acting Performances,42816
40,Transformative Biopic Acting Performances,86081
40,Transformative Biopic Acting Performances,191550
40,Transformative Biopic Acting Performances,453
40,Transformative Biopic Acting Performances,70
40,Transformative Biopic Acting Performances,52679
40,Transformative Biopic Acting Performances,12496
40,Transformative Biopic Acting Performances,15697
40,Transformative Biopic Acting Performances,399057
40,Transformative Biopic Acting Performances,30547
40,Transformative Biopic Acting Performances,596
40,Transformative Biopic Acting Performances,2267
40,Transformative Biopic Acting Performances,220
40,Transformative Biopic Acting Performances,221
40,Transformative Biopic Acting Performances,226
40,Transformative Biopic Acting Performances,908389
40,Transformative Biopic Acting Performances,381288
40,Transformative Biopic Acting Performances,232168
40,Transformative Biopic Acting Performances,30315
40,Transformative Biopic Acting Performances,11884
40,Transformative Biopic Acting Performances,27372
40,Transformative Biopic Acting Performances,48365
40,Transformative Biopic Acting Performances,10609
40,Transformative Biopic Acting Performances,601585
40,Transformative Biopic Acting Performances,3060
40,Transformative Biopic Acting Performances,27509
40,Transformative Biopic Acting Performances,43896
41,Divine Intervention in Sports Films,22915
41,Divine Intervention in Sports Films,16900
41,Divine Intervention in Sports Films,50566
41,Divine Intervention in Sports Films,46094
41,Divine Intervention in Sports Films,33295
41,Divine Intervention in Sports Films,45588
41,Divine Intervention in Sports Films,18069
41,Divine Intervention in Sports Films,29973
41,Divine Intervention in Sports Films,42645
41,Divine Intervention in Sports Films,44053
41,Divine Intervention in Sports Films,312221
41,Divine Intervention in Sports Films,287
41,Divine Intervention in Sports Films,238751
41,Divine Intervention in Sports Films,33318
41,Divine Intervention in Sports Films,33575
41,Divine Intervention in Sports Films,1578
41,Divine Intervention in Sports Films,50986
41,Divine Intervention in Sports Films,108204
41,Divine Intervention in Sports Films,685
41,Divine Intervention in Sports Films,7214
41,Divine Intervention in Sports Films,40494
41,Divine Intervention in Sports Films,273964
41,Divine Intervention in Sports Films,44721
41,Divine Intervention in Sports Films,9266
41,Divine Intervention in Sports Films,357681
41,Divine Intervention in Sports Films,445999
41,Divine Intervention in Sports Films,898350
41,Divine Intervention in Sports Films,290358
41,Divine Intervention in Sports Films,511548
41,Divine Intervention in Sports Films,70
41,Divine Intervention in Sports Films,1609
41,Divine Intervention in Sports Films,26441
41,Divine Intervention in Sports Films,77650
41,Divine Intervention in Sports Films,296019
41,Divine Intervention in Sports Films,5205
41,Divine Intervention in Sports Films,24795
41,Divine Intervention in Sports Films,145115
41,Divine Intervention in Sports Films,1374
41,Divine Intervention in Sports Films,42847
41,Divine Intervention in Sports Films,13920
41,Divine Intervention in Sports Films,20704
41,Divine Intervention in Sports Films,82914
41,Divine Intervention in Sports Films,9443
41,Divine Intervention in Sports Films,1380
41,Divine Intervention in Sports Films,171361
41,Divine Intervention in Sports Films,474335
41,Divine Intervention in Sports Films,232679
41,Divine Intervention in Sports Films,314856
41,Divine Intervention in Sports Films,19819
41,Divine Intervention in Sports Films,15213
41,Divine Intervention in Sports Films,139254
41,Divine Intervention in Sports Films,31737
41,Divine Intervention in Sports Films,15487
42,Corrupt Cop Crime Drama Films,41613
42,Corrupt Cop Crime Drama Films,654
42,Corrupt Cop Crime Drama Films,191891
42,Corrupt Cop Crime Drama Films,192149
42,Corrupt Cop Crime Drama Films,158102
42,Corrupt Cop Crime Drama Films,14748
42,Corrupt Cop Crime Drama Films,56353
42,Corrupt Cop Crime Drama Films,112929
42,Corrupt Cop Crime Drama Films,35123
42,Corrupt Cop Crime Drama Films,32566
42,Corrupt Cop Crime Drama Films,3767
42,Corrupt Cop Crime Drama Films,196024
42,Corrupt Cop Crime Drama Films,58169
42,Corrupt Cop Crime Drama Films,196291
42,Corrupt Cop Crime Drama Films,22600
42,Corrupt Cop Crime Drama Films,73
42,Corrupt Cop Crime Drama Films,736074
42,Corrupt Cop Crime Drama Films,101325
42,Corrupt Cop Crime Drama Films,8270
42,Corrupt Cop Crime Drama Films,140497
42,Corrupt Cop Crime Drama Films,14290
42,Corrupt Cop Crime Drama Films,164695
42,Corrupt Cop Crime Drama Films,476
42,Corrupt Cop Crime Drama Films,2142
42,Corrupt Cop Crime Drama Films,46559
42,Corrupt Cop Crime Drama Films,19170
42,Corrupt Cop Crime Drama Films,500475
42,Corrupt Cop Crime Drama Films,240745
42,Corrupt Cop Crime Drama Films,26220
42,Corrupt Cop Crime Drama Films,35436
42,Corrupt Cop Crime Drama Films,8047
42,Corrupt Cop Crime Drama Films,13551
42,Corrupt Cop Crime Drama Films,50548
42,Corrupt Cop Crime Drama Films,81527
42,Corrupt Cop Crime Drama Films,13051
42,Corrupt Cop Crime Drama Films,26748
42,Corrupt Cop Crime Drama Films,32511
43,Family Business Legacy Drama Films,261
43,Family Business Legacy Drama Films,27141
43,Family Business Legacy Drama Films,26247
43,Family Business Legacy Drama Films,188166
43,Family Business Legacy Drama Films,12169
43,Family Business Legacy Drama Films,332159
43,Family Business Legacy Drama Films,429195
43,Family Business Legacy Drama Films,22414
43,Family Business Legacy Drama Films,15759
43,Family Business Legacy Drama Films,340627
43,Family Business Legacy Drama Films,66588
43,Family Business Legacy Drama Films,353571
43,Family Business Legacy Drama Films,52777
43,Family Business Legacy Drama Films,7211
43,Family Business Legacy Drama Films,43949
43,Family Business Legacy Drama Films,712749
43,Family Business Legacy Drama Films,159407
43,Family Business Legacy Drama Films,451504
43,Family Business Legacy Drama Films,9777
43,Family Business Legacy Drama Films,46641
43,Family Business Legacy Drama Films,574396
43,Family Business Legacy Drama Films,976573
43,Family Business Legacy Drama Films,671295
43,Family Business Legacy Drama Films,548544
43,Family Business Legacy Drama Films,18373
43,Family Business Legacy Drama Films,73
43,Family Business Legacy Drama Films,6346
43,Family Business Legacy Drama Films,69324
43,Family Business Legacy Drama Films,44367
43,Family Business Legacy Drama Films,26320
43,Family Business Legacy Drama Films,2001
43,Family Business Legacy Drama Films,18391
43,Family Business Legacy Drama Films,432087
43,Family Business Legacy Drama Films,22617
43,Family Business Legacy Drama Films,99
43,Family Business Legacy Drama Films,455401
43,Family Business Legacy Drama Films,2924
43,Family Business Legacy Drama Films,95342
43,Family Business Legacy Drama Films,42095
43,Family Business Legacy Drama Films,880
43,Family Business Legacy Drama Films,35580
43,Family Business Legacy Drama Films,579583
44,Cold War Alien Invasion Films,29058
44,Cold War Alien Invasion Films,29570
44,Cold War Alien Invasion Films,23045
44,Cold War Alien Invasion Films,62472
44,Cold War Alien Invasion Films,18442
44,Cold War Alien Invasion Films,8974
44,Cold War Alien Invasion Films,44943
44,Cold War Alien Invasion Films,14609
44,Cold War Alien Invasion Films,80274
44,Cold War Alien Invasion Films,615677
44,Cold War Alien Invasion Films,28445
44,Cold War Alien Invasion Films,59678
44,Cold War Alien Invasion Films,346910
44,Cold War Alien Invasion Films,44833
44,Cold War Alien Invasion Films,80035
44,Cold War Alien Invasion Films,292133
44,Cold War Alien Invasion Films,34086
44,Cold War Alien Invasion Films,31275
44,Cold War Alien Invasion Films,503346
44,Cold War Alien Invasion Films,49849
44,Cold War Alien Invasion Films,9276
44,Cold War Alien Invasion Films,47933
44,Cold War Alien Invasion Films,228161
44,Cold War Alien Invasion Films,2114
44,Cold War Alien Invasion Films,35139
44,Cold War Alien Invasion Films,145221
44,Cold War Alien Invasion Films,20424
44,Cold War Alien Invasion Films,74
44,Cold War Alien Invasion Films,9035
44,Cold War Alien Invasion Films,43341
44,Cold War Alien Invasion Films,846
44,Cold War Alien Invasion Films,107985
44,Cold War Alien Invasion Films,44117
44,Cold War Alien Invasion Films,3030
44,Cold War Alien Invasion Films,74839
44,Cold War Alien Invasion Films,43226
44,Cold War Alien Invasion Films,37467
44,Cold War Alien Invasion Films,16866
44,Cold War Alien Invasion Films,50153
44,Cold War Alien Invasion Films,25834
44,Cold War Alien Invasion Films,145135
44,Cold War Alien Invasion Films,43248
44,Cold War Alien Invasion Films,2675
44,Cold War Alien Invasion Films,5491
44,Cold War Alien Invasion Films,58997
44,Cold War Alien Invasion Films,4858
44,Cold War Alien Invasion Films,40059
44,Cold War Alien Invasion Films,23293
45,Romantic Outlaws Against The System,28289
45,Romantic Outlaws Against The System,82698
45,Romantic Outlaws Against The System,13707
45,Romantic Outlaws Against The System,139775
45,Romantic Outlaws Against The System,3981
45,Romantic Outlaws Against The System,41503
45,Romantic Outlaws Against The System,170657
45,Romantic Outlaws Against The System,51618
45,Romantic Outlaws Against The System,164
45,Romantic Outlaws Against The System,8356
45,Romantic Outlaws Against The System,31526
45,Romantic Outlaws Against The System,151848
45,Romantic Outlaws Against The System,44208
45,Romantic Outlaws Against The System,3001
45,Romantic Outlaws Against The System,13370
45,Romantic Outlaws Against The System,3133
45,Romantic Outlaws Against The System,42175
45,Romantic Outlaws Against The System,37056
45,Romantic Outlaws Against The System,17218
45,Romantic Outlaws Against The System,2251
45,Romantic Outlaws Against The System,76
45,Romantic Outlaws Against The System,37710
45,Romantic Outlaws Against The System,1266895
45,Romantic Outlaws Against The System,851
45,Romantic Outlaws Against The System,35671
45,Romantic Outlaws Against The System,35032
45,Romantic Outlaws Against The System,475
45,Romantic Outlaws Against The System,858716
45,Romantic Outlaws Against The System,95966
45,Romantic Outlaws Against The System,43231
45,Romantic Outlaws Against The System,400617
45,Romantic Outlaws Against The System,104301
45,Romantic Outlaws Against The System,1909
45,Romantic Outlaws Against The System,14326
45,Romantic Outlaws Against The System,507
45,Romantic Outlaws Against The System,105981
45,Romantic Outlaws Against The System,43775
46,Rome Nightlife Cinema Classics,42115
46,Rome Nightlife Cinema Classics,54277
46,Rome Nightlife Cinema Classics,288774
46,Rome Nightlife Cinema Classics,147
46,Rome Nightlife Cinema Classics,221463
46,Rome Nightlife Cinema Classics,19354
46,Rome Nightlife Cinema Classics,50075
46,Rome Nightlife Cinema Classics,1052
46,Rome Nightlife Cinema Classics,160
46,Rome Nightlife Cinema Classics,11297
46,Rome Nightlife Cinema Classics,48035
46,Rome Nightlife Cinema Classics,164
46,Rome Nightlife Cinema Classics,216873
46,Rome Nightlife Cinema Classics,1585
46,Rome Nightlife Cinema Classics,692
46,Rome Nightlife Cinema Classics,439
46,Rome Nightlife Cinema Classics,71995
46,Rome Nightlife Cinema Classics,836
46,Rome Nightlife Cinema Classics,37959
46,Rome Nightlife Cinema Classics,32713
46,Rome Nightlife Cinema Classics,843
46,Rome Nightlife Cinema Classics,76
46,Rome Nightlife Cinema Classics,977
46,Rome Nightlife Cinema Classics,167124
46,Rome Nightlife Cinema Classics,253780
46,Rome Nightlife Cinema Classics,26326
46,Rome Nightlife Cinema Classics,984
46,Rome Nightlife Cinema Classics,84060
46,Rome Nightlife Cinema Classics,535389
46,Rome Nightlife Cinema Classics,64867
46,Rome Nightlife Cinema Classics,9584
46,Rome Nightlife Cinema Classics,27376
46,Rome Nightlife Cinema Classics,84850
46,Rome Nightlife Cinema Classics,2292
46,Rome Nightlife Cinema Classics,124
46,Rome Nightlife Cinema Classics,7294
47,Precognition As Plot Device Films,487297
47,Precognition As Plot Device Films,8838
47,Precognition As Plot Device Films,75656
47,Precognition As Plot Device Films,779
47,Precognition As Plot Device Films,397837
47,Precognition As Plot Device Films,590223
47,Precognition As Plot Device Films,2064
47,Precognition As Plot Device Films,102419
47,Precognition As Plot Device Films,16661
47,Precognition As Plot Device Films,103704
47,Precognition As Plot Device Films,23449
47,Precognition As Plot Device Films,1052
47,Precognition As Plot Device Films,27036
47,Precognition As Plot Device Films,1954
47,Precognition As Plot Device Films,32677
47,Precognition As Plot Device Films,33575
47,Precognition As Plot Device Films,936
47,Precognition As Plot Device Films,15144
47,Precognition As Plot Device Films,37672
47,Precognition As Plot Device Films,973484
47,Precognition As Plot Device Films,11565
47,Precognition As Plot Device Films,12079
47,Precognition As Plot Device Films,19375
47,Precognition As Plot Device Films,180
47,Precognition As Plot Device Films,10166
47,Precognition As Plot Device Films,399031
47,Precognition As Plot Device Films,9531
47,Precognition As Plot Device Films,2107
47,Precognition As Plot Device Films,42430
47,Precognition As Plot Device Films,13759
47,Precognition As Plot Device Films,175422
47,Precognition As Plot Device Films,5825
47,Precognition As Plot Device Films,24008
47,Precognition As Plot Device Films,32073
47,Precognition As Plot Device Films,31947
47,Precognition As Plot Device Films,69324
47,Precognition As Plot Device Films,77
47,Precognition As Plot Device Films,845
47,Precognition As Plot Device Films,11470
47,Precognition As Plot Device Films,38222
47,Precognition As Plot Device Films,338
47,Precognition As Plot Device Films,22741
47,Precognition As Plot Device Films,1494
47,Precognition As Plot Device Films,117212
47,Precognition As Plot Device Films,36709
47,Precognition As Plot Device Films,226661
47,Precognition As Plot Device Films,835175
47,Precognition As Plot Device Films,30183
47,Precognition As Plot Device Films,5996
47,Precognition As Plot Device Films,1262
47,Precognition As Plot Device Films,11888
47,Precognition As Plot Device Films,44658
47,Precognition As Plot Device Films,254578
47,Precognition As Plot Device Films,11773
47,Precognition As Plot Device Films,10239
48,Desert Cinematography Masterpieces,53505
48,Desert Cinematography Masterpieces,43014
48,Desert Cinematography Masterpieces,903
48,Desert Cinematography Masterpieces,94727
48,Desert Cinematography Masterpieces,907
48,Desert Cinematography Masterpieces,33166
48,Desert Cinematography Masterpieces,72334
48,Desert Cinematography Masterpieces,275
48,Desert Cinematography Masterpieces,13715
48,Desert Cinematography Masterpieces,15384
48,Desert Cinematography Masterpieces,11163
48,Desert Cinematography Masterpieces,224290
48,Desert Cinematography Masterpieces,547
48,Desert Cinematography Masterpieces,25385
48,Desert Cinematography Masterpieces,152748
48,Desert Cinematography Masterpieces,429
48,Desert Cinematography Masterpieces,23220
48,Desert Cinematography Masterpieces,26174
48,Desert Cinematography Masterpieces,576
48,Desert Cinematography Masterpieces,1600
48,Desert Cinematography Masterpieces,6977
48,Desert Cinematography Masterpieces,43459
48,Desert Cinematography Masterpieces,2756
48,Desert Cinematography Masterpieces,22342
48,Desert Cinematography Masterpieces,32713
48,Desert Cinematography Masterpieces,78
48,Desert Cinematography Masterpieces,77560
48,Desert Cinematography Masterpieces,21210
48,Desert Cinematography Masterpieces,579676
48,Desert Cinematography Masterpieces,2013
48,Desert Cinematography Masterpieces,68450
48,Desert Cinematography Masterpieces,10858
48,Desert Cinematography Masterpieces,887
48,Desert Cinematography Masterpieces,42232
48,Desert Cinematography Masterpieces,891
48,Desert Cinematography Masterpieces,16638
49,Real Martial Artists Turned Actors,76163
49,Real Martial Artists Turned Actors,8845
49,Real Martial Artists Turned Actors,22164
49,Real Martial Artists Turned Actors,513045
49,Real Martial Artists Turned Actors,38040
49,Real Martial Artists Turned Actors,145561
49,Real Martial Artists Turned Actors,10275
49,Real Martial Artists Turned Actors,399100
49,Real Martial Artists Turned Actors,24230
49,Real Martial Artists Turned Actors,54182
49,Real Martial Artists Turned Actors,78375
49,Real Martial Artists Turned Actors,365222
49,Real Martial Artists Turned Actors,37034
49,Real Martial Artists Turned Actors,10027
49,Real Martial Artists Turned Actors,87083
49,Real Martial Artists Turned Actors,23470
49,Real Martial Artists Turned Actors,19506
49,Real Martial Artists Turned Actors,56118
49,Real Martial Artists Turned Actors,10423
49,Real Martial Artists Turned Actors,88633
49,Real Martial Artists Turned Actors,109116
49,Real Martial Artists Turned Actors,1729
49,Real Martial Artists Turned Actors,13124
49,Real Martial Artists Turned Actors,40644
49,Real Martial Artists Turned Actors,91847
49,Real Martial Artists Turned Actors,44616
49,Real Martial Artists Turned Actors,975
49,Real Martial Artists Turned Actors,79
49,Real Martial Artists Turned Actors,63441
49,Real Martial Artists Turned Actors,458576
49,Real Martial Artists Turned Actors,18259
49,Real Martial Artists Turned Actors,119892
49,Real Martial Artists Turned Actors,192339
49,Real Martial Artists Turned Actors,450001
49,Real Martial Artists Turned Actors,80343
49,Real Martial Artists Turned Actors,2140
49,Real Martial Artists Turned Actors,64994
49,Real Martial Artists Turned Actors,21733
49,Real Martial Artists Turned Actors,335462
49,Real Martial Artists Turned Actors,367206
49,Real Martial Artists Turned Actors,17386
49,Real Martial Artists Turned Actors,40810
49,Real Martial Artists Turned Actors,586347
49,Real Martial Artists Turned Actors,13293
49,Real Martial Artists Turned Actors,40813
49,Real Martial Artists Turned Actors,68590
49,Real Martial Artists Turned Actors,347375
49,Real Martial Artists Turned Actors,76403
49,Real Martial Artists Turned Actors,87156
49,Real Martial Artists Turned Actors,34421
49,Real Martial Artists Turned Actors,55157
49,Real Martial Artists Turned Actors,58358
49,Real Martial Artists Turned Actors,90616
49,Real Martial Artists Turned Actors,55292
49,Real Martial Artists Turned Actors,18813
49,Real Martial Artists Turned Actors,9470
50,Rehabilitation Versus Punishment Films,19968
50,Rehabilitation Versus Punishment Films,69765
50,Rehabilitation Versus Punishment Films,12167
50,Rehabilitation Versus Punishment Films,3596
50,Rehabilitation Versus Punishment Films,40206
50,Rehabilitation Versus Punishment Films,19728
50,Rehabilitation Versus Punishment Films,43920
50,Rehabilitation Versus Punishment Films,49046
50,Rehabilitation Versus Punishment Films,34327
50,Rehabilitation Versus Punishment Films,314134
50,Rehabilitation Versus Punishment Films,36762
50,Rehabilitation Versus Punishment Films,21410
50,Rehabilitation Versus Punishment Films,9894
50,Rehabilitation Versus Punishment Films,51366
50,Rehabilitation Versus Punishment Films,23336
50,Rehabilitation Versus Punishment Films,17966
50,Rehabilitation Versus Punishment Films,127918
50,Rehabilitation Versus Punishment Films,1592
50,Rehabilitation Versus Punishment Films,200505
50,Rehabilitation Versus Punishment Films,2750
50,Rehabilitation Versus Punishment Films,26815
50,Rehabilitation Versus Punishment Films,565310
50,Rehabilitation Versus Punishment Films,37315
50,Rehabilitation Versus Punishment Films,839
50,Rehabilitation Versus Punishment Films,6217
50,Rehabilitation Versus Punishment Films,116684
50,Rehabilitation Versus Punishment Films,28110
50,Rehabilitation Versus Punishment Films,79
50,Rehabilitation Versus Punishment Films,45007
50,Rehabilitation Versus Punishment Films,54863
50,Rehabilitation Versus Punishment Films,105038
50,Rehabilitation Versus Punishment Films,38357
50,Rehabilitation Versus Punishment Films,10586
50,Rehabilitation Versus Punishment Films,1629
50,Rehabilitation Versus Punishment Films,91487
50,Rehabilitation Versus Punishment Films,1632
50,Rehabilitation Versus Punishment Films,20453
50,Rehabilitation Versus Punishment Films,9702
50,Rehabilitation Versus Punishment Films,44009
50,Rehabilitation Versus Punishment Films,4202
50,Rehabilitation Versus Punishment Films,48233
50,Rehabilitation Versus Punishment Films,1773
50,Rehabilitation Versus Punishment Films,2675
50,Rehabilitation Versus Punishment Films,209276
50,Rehabilitation Versus Punishment Films,25468
51,Pass Laws Impact Stories,13185
51,Pass Laws Impact Stories,1282
51,Pass Laws Impact Stories,21634
51,Pass Laws Impact Stories,22660
51,Pass Laws Impact Stories,41475
51,Pass Laws Impact Stories,86413
51,Pass Laws Impact Stories,14608
51,Pass Laws Impact Stories,612368
51,Pass Laws Impact Stories,38805
51,Pass Laws Impact Stories,10647
51,Pass Laws Impact Stories,866712
51,Pass Laws Impact Stories,321066
51,Pass Laws Impact Stories,244268
51,Pass Laws Impact Stories,251053
51,Pass Laws Impact Stories,18734
51,Pass Laws Impact Stories,54580
51,Pass Laws Impact Stories,194101
51,Pass Laws Impact Stories,411701
51,Pass Laws Impact Stories,518452
51,Pass Laws Impact Stories,572859
51,Pass Laws Impact Stories,356414
51,Pass Laws Impact Stories,698948
51,Pass Laws Impact Stories,739269
51,Pass Laws Impact Stories,47562
51,Pass Laws Impact Stories,8267
51,Pass Laws Impact Stories,69069
51,Pass Laws Impact Stories,128206
51,Pass Laws Impact Stories,80
51,Pass Laws Impact Stories,598
51,Pass Laws Impact Stories,32855
51,Pass Laws Impact Stories,118488
51,Pass Laws Impact Stories,517975
51,Pass Laws Impact Stories,280795
51,Pass Laws Impact Stories,16988
51,Pass Laws Impact Stories,58076
51,Pass Laws Impact Stories,143838
51,Pass Laws Impact Stories,48992
51,Pass Laws Impact Stories,22881
51,Pass Laws Impact Stories,586863
51,Pass Laws Impact Stories,12276
51,Pass Laws Impact Stories,62463
52,Pre Jurassic Park Dinosaur Movies,99202
52,Pre Jurassic Park Dinosaur Movies,5763
52,Pre Jurassic Park Dinosaur Movies,136837
52,Pre Jurassic Park Dinosaur Movies,144393
52,Pre Jurassic Park Dinosaur Movies,34314
52,Pre Jurassic Park Dinosaur Movies,79372
52,Pre Jurassic Park Dinosaur Movies,27918
52,Pre Jurassic Park Dinosaur Movies,721174
52,Pre Jurassic Park Dinosaur Movies,28696
52,Pre Jurassic Park Dinosaur Movies,42661
52,Pre Jurassic Park Dinosaur Movies,13222
52,Pre Jurassic Park Dinosaur Movies,83880
52,Pre Jurassic Park Dinosaur Movies,118957
52,Pre Jurassic Park Dinosaur Movies,65455
52,Pre Jurassic Park Dinosaur Movies,123056
52,Pre Jurassic Park Dinosaur Movies,131504
52,Pre Jurassic Park Dinosaur Movies,994994
52,Pre Jurassic Park Dinosaur Movies,41651
52,Pre Jurassic Park Dinosaur Movies,178995
52,Pre Jurassic Park Dinosaur Movies,199989
52,Pre Jurassic Park Dinosaur Movies,34359
52,Pre Jurassic Park Dinosaur Movies,43716
52,Pre Jurassic Park Dinosaur Movies,1994
52,Pre Jurassic Park Dinosaur Movies,84426
52,Pre Jurassic Park Dinosaur Movies,44108
52,Pre Jurassic Park Dinosaur Movies,27085
52,Pre Jurassic Park Dinosaur Movies,66892
52,Pre Jurassic Park Dinosaur Movies,9679
52,Pre Jurassic Park Dinosaur Movies,80
52,Pre Jurassic Park Dinosaur Movies,41682
52,Pre Jurassic Park Dinosaur Movies,594130
52,Pre Jurassic Park Dinosaur Movies,18015
52,Pre Jurassic Park Dinosaur Movies,14560
52,Pre Jurassic Park Dinosaur Movies,2018
52,Pre Jurassic Park Dinosaur Movies,69480
52,Pre Jurassic Park Dinosaur Movies,4972
52,Pre Jurassic Park Dinosaur Movies,70385
52,Pre Jurassic Park Dinosaur Movies,17401
52,Pre Jurassic Park Dinosaur Movies,85499
53,Psychological Terror Over Gore Films,8843
53,Psychological Terror Over Gore Films,45964
53,Psychological Terror Over Gore Films,15244
53,Psychological Terror Over Gore Films,272
53,Psychological Terror Over Gore Films,41876
53,Psychological Terror Over Gore Films,210808
53,Psychological Terror Over Gore Films,63517
53,Psychological Terror Over Gore Films,2974
53,Psychological Terror Over Gore Films,79645
53,Psychological Terror Over Gore Films,548
53,Psychological Terror Over Gore Films,76200
53,Psychological Terror Over Gore Films,16938
53,Psychological Terror Over Gore Films,1835
53,Psychological Terror Over Gore Films,11051
53,Psychological Terror Over Gore Films,18352
53,Psychological Terror Over Gore Films,716594
53,Psychological Terror Over Gore Films,54580
53,Psychological Terror Over Gore Films,38325
53,Psychological Terror Over Gore Films,10294
53,Psychological Terror Over Gore Films,1719
53,Psychological Terror Over Gore Films,68727
53,Psychological Terror Over Gore Films,37305
53,Psychological Terror Over Gore Films,571
53,Psychological Terror Over Gore Films,11324
53,Psychological Terror Over Gore Films,29116
53,Psychological Terror Over Gore Films,11327
53,Psychological Terror Over Gore Films,42690
53,Psychological Terror Over Gore Films,2117
53,Psychological Terror Over Gore Films,11462
53,Psychological Terror Over Gore Films,246860
53,Psychological Terror Over Gore Films,11983
53,Psychological Terror Over Gore Films,24271
53,Psychological Terror Over Gore Films,32850
53,Psychological Terror Over Gore Films,83
53,Psychological Terror Over Gore Films,852
53,Psychological Terror Over Gore Films,25939
53,Psychological Terror Over Gore Films,19542
53,Psychological Terror Over Gore Films,38996
53,Psychological Terror Over Gore Films,68309
53,Psychological Terror Over Gore Films,993
53,Psychological Terror Over Gore Films,28285
53,Psychological Terror Over Gore Films,835175
53,Psychological Terror Over Gore Films,10858
53,Psychological Terror Over Gore Films,244458
53,Psychological Terror Over Gore Films,16759
53,Psychological Terror Over Gore Films,13560
53,Psychological Terror Over Gore Films,52857
53,Psychological Terror Over Gore Films,112892
53,Psychological Terror Over Gore Films,1405
54,Child Independence Adventure Stories,9475
54,Child Independence Adventure Stories,772
54,Child Independence Adventure Stories,24965
54,Child Independence Adventure Stories,235011
54,Child Independence Adventure Stories,430214
54,Child Independence Adventure Stories,525191
54,Child Independence Adventure Stories,458253
54,Child Independence Adventure Stories,10515
54,Child Independence Adventure Stories,127380
54,Child Independence Adventure Stories,19606
54,Child Independence Adventure Stories,50327
54,Child Independence Adventure Stories,51739
54,Child Independence Adventure Stories,181533
54,Child Independence Adventure Stories,18974
54,Child Independence Adventure Stories,1059
54,Child Independence Adventure Stories,14506
54,Child Independence Adventure Stories,79274
54,Child Independence Adventure Stories,11704
54,Child Independence Adventure Stories,46521
54,Child Independence Adventure Stories,11708
54,Child Independence Adventure Stories,10303
54,Child Independence Adventure Stories,55236
54,Child Independence Adventure Stories,80709
54,Child Independence Adventure Stories,146255
54,Child Independence Adventure Stories,37200
54,Child Independence Adventure Stories,2897
54,Child Independence Adventure Stories,85
54,Child Independence Adventure Stories,33754
54,Child Independence Adventure Stories,43867
54,Child Independence Adventure Stories,61020
54,Child Independence Adventure Stories,74461
54,Child Independence Adventure Stories,128867
54,Child Independence Adventure Stories,9444
54,Child Independence Adventure Stories,2023
54,Child Independence Adventure Stories,11114
54,Child Independence Adventure Stories,10865
54,Child Independence Adventure Stories,38782
55,Fast Fashion's Human Cost Films,522369
55,Fast Fashion's Human Cost Films,541574
55,Fast Fashion's Human Cost Films,29705
55,Fast Fashion's Human Cost Films,86282
55,Fast Fashion's Human Cost Films,106380
55,Fast Fashion's Human Cost Films,488445
55,Fast Fashion's Human Cost Films,54546
55,Fast Fashion's Human Cost Films,43155
55,Fast Fashion's Human Cost Films,415253
55,Fast Fashion's Human Cost Films,513178
55,Fast Fashion's Human Cost Films,40862
55,Fast Fashion's Human Cost Films,107678
55,Fast Fashion's Human Cost Films,428574
55,Fast Fashion's Human Cost Films,250658
55,Fast Fashion's Human Cost Films,1955
55,Fast Fashion's Human Cost Films,343843
55,Fast Fashion's Human Cost Films,5413
55,Fast Fashion's Human Cost Films,374315
55,Fast Fashion's Human Cost Films,426284
55,Fast Fashion's Human Cost Films,591278
55,Fast Fashion's Human Cost Films,653742
55,Fast Fashion's Human Cost Films,33588
55,Fast Fashion's Human Cost Films,22074
55,Fast Fashion's Human Cost Films,63290
55,Fast Fashion's Human Cost Films,159044
55,Fast Fashion's Human Cost Films,27461
55,Fast Fashion's Human Cost Films,87621
55,Fast Fashion's Human Cost Films,282820
55,Fast Fashion's Human Cost Films,221902
55,Fast Fashion's Human Cost Films,412366
55,Fast Fashion's Human Cost Films,54352
55,Fast Fashion's Human Cost Films,928720
55,Fast Fashion's Human Cost Films,32084
55,Fast Fashion's Human Cost Films,86
55,Fast Fashion's Human Cost Films,222
55,Fast Fashion's Human Cost Films,731235
55,Fast Fashion's Human Cost Films,613
55,Fast Fashion's Human Cost Films,1395430
55,Fast Fashion's Human Cost Films,179179
55,Fast Fashion's Human Cost Films,246519
55,Fast Fashion's Human Cost Films,571884
55,Fast Fashion's Human Cost Films,27375
55,Fast Fashion's Human Cost Films,57969
55,Fast Fashion's Human Cost Films,476275
55,Fast Fashion's Human Cost Films,41845
55,Fast Fashion's Human Cost Films,30966
55,Fast Fashion's Human Cost Films,81270
55,Fast Fashion's Human Cost Films,680438
55,Fast Fashion's Human Cost Films,409725
55,Fast Fashion's Human Cost Films,431479
56,Die Hard Formula Action Movies,76544
56,Die Hard Formula Action Movies,117251
56,Die Hard Formula Action Movies,597891
56,Die Hard Formula Action Movies,759175
56,Die Hard Formula Action Movies,92426
56,Die Hard Formula Action Movies,43915
56,Die Hard Formula Action Movies,726041
56,Die Hard Formula Action Movies,421658
56,Die Hard Formula Action Movies,14746
56,Die Hard Formula Action Movies,44571
56,Die Hard Formula Action Movies,645788
56,Die Hard Formula Action Movies,4638
56,Die Hard Formula Action Movies,1571
56,Die Hard Formula Action Movies,97187
56,Die Hard Formula Action Movies,1701
56,Die Hard Formula Action Movies,2086
56,Die Hard Formula Action Movies,6309
56,Die Hard Formula Action Movies,10538
56,Die Hard Formula Action Movies,37931
56,Die Hard Formula Action Movies,353070
56,Die Hard Formula Action Movies,8374
56,Die Hard Formula Action Movies,951
56,Die Hard Formula Action Movies,3512
56,Die Hard Formula Action Movies,522938
56,Die Hard Formula Action Movies,10045
56,Die Hard Formula Action Movies,9409
56,Die Hard Formula Action Movies,35453
56,Die Hard Formula Action Movies,1996
56,Die Hard Formula Action Movies,9292
56,Die Hard Formula Action Movies,38610
56,Die Hard Formula Action Movies,10835
56,Die Hard Formula Action Movies,1620
56,Die Hard Formula Action Movies,87
56,Die Hard Formula Action Movies,446807
56,Die Hard Formula Action Movies,554972
56,Die Hard Formula Action Movies,11358
56,Die Hard Formula Action Movies,65374
56,Die Hard Formula Action Movies,37472
56,Die Hard Formula Action Movies,10081
56,Die Hard Formula Action Movies,13153
56,Die Hard Formula Action Movies,2019
56,Die Hard Formula Action Movies,52451
56,Die Hard Formula Action Movies,101
56,Die Hard Formula Action Movies,316776
56,Die Hard Formula Action Movies,14570
56,Die Hard Formula Action Movies,28148
56,Die Hard Formula Action Movies,12661
56,Die Hard Formula Action Movies,11517
57,Practical Effects Creature Features 1980s,20481
57,Practical Effects Creature Features 1980s,4488
57,Practical Effects Creature Features 1980s,15762
57,Practical Effects Creature Features 1980s,58903
57,Practical Effects Creature Features 1980s,83866
57,Practical Effects Creature Features 1980s,46364
57,Practical Effects Creature Features 1980s,13597
57,Practical Effects Creature Features 1980s,1694
57,Practical Effects Creature Features 1980s,29345
57,Practical Effects Creature Features 1980s,11298
57,Practical Effects Creature Features 1980s,1175201
57,Practical Effects Creature Features 1980s,31909
57,Practical Effects Creature Features 1980s,15785
57,Practical Effects Creature Features 1980s,22572
57,Practical Effects Creature Features 1980s,5677
57,Practical Effects Creature Features 1980s,14510
57,Practical Effects Creature Features 1980s,23730
57,Practical Effects Creature Features 1980s,11828
57,Practical Effects Creature Features 1980s,15158
57,Practical Effects Creature Features 1980s,24124
57,Practical Effects Creature Features 1980s,10306
57,Practical Effects Creature Features 1980s,18498
57,Practical Effects Creature Features 1980s,709
57,Practical Effects Creature Features 1980s,249415
57,Practical Effects Creature Features 1980s,11976
57,Practical Effects Creature Features 1980s,31947
57,Practical Effects Creature Features 1980s,14029
57,Practical Effects Creature Features 1980s,50382
57,Practical Effects Creature Features 1980s,87
57,Practical Effects Creature Features 1980s,8408
57,Practical Effects Creature Features 1980s,1369
57,Practical Effects Creature Features 1980s,13155
57,Practical Effects Creature Features 1980s,47340
57,Practical Effects Creature Features 1980s,10606
57,Practical Effects Creature Features 1980s,879
57,Practical Effects Creature Features 1980s,33518
57,Practical Effects Creature Features 1980s,24054
57,Practical Effects Creature Features 1980s,377
57,Practical Effects Creature Features 1980s,9599
58,Dance Movies With Social Commentary,24963
58,Dance Movies With Social Commentary,37124
58,Dance Movies With Social Commentary,285700
58,Dance Movies With Social Commentary,10118
58,Dance Movies With Social Commentary,136
58,Dance Movies With Social Commentary,776
58,Dance Movies With Social Commentary,14475
58,Dance Movies With Social Commentary,54284
58,Dance Movies With Social Commentary,11282
58,Dance Movies With Social Commentary,44690
58,Dance Movies With Social Commentary,58007
58,Dance Movies With Social Commentary,921
58,Dance Movies With Social Commentary,77338
58,Dance Movies With Social Commentary,923
58,Dance Movies With Social Commentary,18331
58,Dance Movies With Social Commentary,464026
58,Dance Movies With Social Commentary,46885
58,Dance Movies With Social Commentary,787752
58,Dance Movies With Social Commentary,39464
58,Dance Movies With Social Commentary,102057
58,Dance Movies With Social Commentary,456750
58,Dance Movies With Social Commentary,11315
58,Dance Movies With Social Commentary,9788
58,Dance Movies With Social Commentary,58431
58,Dance Movies With Social Commentary,40897
58,Dance Movies With Social Commentary,32322
58,Dance Movies With Social Commentary,1987
58,Dance Movies With Social Commentary,196291
58,Dance Movies With Social Commentary,112328
58,Dance Movies With Social Commentary,161226
58,Dance Movies With Social Commentary,1257681
58,Dance Movies With Social Commentary,19794
58,Dance Movies With Social Commentary,8916
58,Dance Movies With Social Commentary,14166
58,Dance Movies With Social Commentary,88
58,Dance Movies With Social Commentary,86616
58,Dance Movies With Social Commentary,946137
58,Dance Movies With Social Commentary,39899
58,Dance Movies With Social Commentary,323675
58,Dance Movies With Social Commentary,163677
58,Dance Movies With Social Commentary,525661
58,Dance Movies With Social Commentary,7010
58,Dance Movies With Social Commentary,612706
58,Dance Movies With Social Commentary,30566
58,Dance Movies With Social Commentary,2925
58,Dance Movies With Social Commentary,518639
58,Dance Movies With Social Commentary,496
58,Dance Movies With Social Commentary,12277
58,Dance Movies With Social Commentary,23160
58,Dance Movies With Social Commentary,28410
58,Dance Movies With Social Commentary,763
58,Dance Movies With Social Commentary,1788
58,Dance Movies With Social Commentary,3581
59,Subverted Road Movie Conventions Films,1537
59,Subverted Road Movie Conventions Films,53121
59,Subverted Road Movie Conventions Films,429698
59,Subverted Road Movie Conventions Films,340103
59,Subverted Road Movie Conventions Films,33676
59,Subverted Road Movie Conventions Films,36113
59,Subverted Road Movie Conventions Films,8468
59,Subverted Road Movie Conventions Films,404
59,Subverted Road Movie Conventions Films,9621
59,Subverted Road Movie Conventions Films,61718
59,Subverted Road Movie Conventions Films,920
59,Subverted Road Movie Conventions Films,5915
59,Subverted Road Movie Conventions Films,2204
59,Subverted Road Movie Conventions Films,1693
59,Subverted Road Movie Conventions Films,12444
59,Subverted Road Movie Conventions Films,22557
59,Subverted Road Movie Conventions Films,8992
59,Subverted Road Movie Conventions Films,29979
59,Subverted Road Movie Conventions Films,107678
59,Subverted Road Movie Conventions Films,296099
59,Subverted Road Movie Conventions Films,642208
59,Subverted Road Movie Conventions Films,536743
59,Subverted Road Movie Conventions Films,242088
59,Subverted Road Movie Conventions Films,651058
59,Subverted Road Movie Conventions Films,5683
59,Subverted Road Movie Conventions Films,37300
59,Subverted Road Movie Conventions Films,392499
59,Subverted Road Movie Conventions Films,36536
59,Subverted Road Movie Conventions Films,16191
59,Subverted Road Movie Conventions Films,85697
59,Subverted Road Movie Conventions Films,88005
59,Subverted Road Movie Conventions Films,9542
59,Subverted Road Movie Conventions Films,441542
59,Subverted Road Movie Conventions Films,540359
59,Subverted Road Movie Conventions Films,37963
59,Subverted Road Movie Conventions Films,204
59,Subverted Road Movie Conventions Films,136141
59,Subverted Road Movie Conventions Films,13007
59,Subverted Road Movie Conventions Films,239568
59,Subverted Road Movie Conventions Films,468
59,Subverted Road Movie Conventions Films,469
59,Subverted Road Movie Conventions Films,449749
59,Subverted Road Movie Conventions Films,89
59,Subverted Road Movie Conventions Films,632666
59,Subverted Road Movie Conventions Films,95324
59,Subverted Road Movie Conventions Films,11229
59,Subverted Road Movie Conventions Films,69217
59,Subverted Road Movie Conventions Films,93669
59,Subverted Road Movie Conventions Films,614
59,Subverted Road Movie Conventions Films,127973
59,Subverted Road Movie Conventions Films,24681
59,Subverted Road Movie Conventions Films,42221
59,Subverted Road Movie Conventions Films,53102
59,Subverted Road Movie Conventions Films,1391
59,Subverted Road Movie Conventions Films,365805
59,Subverted Road Movie Conventions Films,1248241
59,Subverted Road Movie Conventions Films,2163
59,Subverted Road Movie Conventions Films,42227
59,Subverted Road Movie Conventions Films,2294
59,Subverted Road Movie Conventions Films,20862
60,Late Eighties Limited Animation Features,50560
60,Late Eighties Limited Animation Features,268
60,Late Eighties Limited Animation Features,28557
60,Late Eighties Limited Animation Features,107021
60,Late Eighties Limited Animation Features,9618
60,Late Eighties Limited Animation Features,15762
60,Late Eighties Limited Animation Features,92562
60,Late Eighties Limited Animation Features,30875
60,Late Eighties Limited Animation Features,397981
60,Late Eighties Limited Animation Features,18462
60,Late Eighties Limited Animation Features,87710
60,Late Eighties Limited Animation Features,238751
60,Late Eighties Limited Animation Features,32033
60,Late Eighties Limited Animation Features,97187
60,Late Eighties Limited Animation Features,8491
60,Late Eighties Limited Animation Features,2604
60,Late Eighties Limited Animation Features,33838
60,Late Eighties Limited Animation Features,44338
60,Late Eighties Limited Animation Features,26676
60,Late Eighties Limited Animation Features,62132
60,Late Eighties Limited Animation Features,11191
60,Late Eighties Limited Animation Features,2617
60,Late Eighties Limited Animation Features,204730
60,Late Eighties Limited Animation Features,8769
60,Late Eighties Limited Animation Features,296130
60,Late Eighties Limited Animation Features,527174
60,Late Eighties Limited Animation Features,10823
60,Late Eighties Limited Animation Features,26440
60,Late Eighties Limited Animation Features,6217
60,Late Eighties Limited Animation Features,11082
60,Late Eighties Limited Animation Features,9035
60,Late Eighties Limited Animation Features,22611
60,Late Eighties Limited Animation Features,27475
60,Late Eighties Limited Animation Features,37843
60,Late Eighties Limited Animation Features,460885
60,Late Eighties Limited Animation Features,89
60,Late Eighties Limited Animation Features,28377
60,Late Eighties Limited Animation Features,24924
60,Late Eighties Limited Animation Features,47453
60,Late Eighties Limited Animation Features,96
60,Late Eighties Limited Animation Features,28389
60,Late Eighties Limited Animation Features,28774
60,Late Eighties Limited Animation Features,11495
60,Late Eighties Limited Animation Features,25834
60,Late Eighties Limited Animation Features,475628
60,Late Eighties Limited Animation Features,31597
60,Late Eighties Limited Animation Features,41965
60,Late Eighties Limited Animation Features,20465
60,Late Eighties Limited Animation Features,9717
60,Late Eighties Limited Animation Features,346364
60,Late Eighties Limited Animation Features,11133
61,Police Dog Sidekick Movies,5760
61,Police Dog Sidekick Movies,13572
61,Police Dog Sidekick Movies,37136
61,Police Dog Sidekick Movies,95771
61,Police Dog Sidekick Movies,11423
61,Police Dog Sidekick Movies,131880
61,Police Dog Sidekick Movies,198184
61,Police Dog Sidekick Movies,12719
61,Police Dog Sidekick Movies,68656
61,Police Dog Sidekick Movies,290864
61,Police Dog Sidekick Movies,47931
61,Police Dog Sidekick Movies,60481
61,Police Dog Sidekick Movies,14405
61,Police Dog Sidekick Movies,37447
61,Police Dog Sidekick Movies,511689
61,Police Dog Sidekick Movies,2762
61,Police Dog Sidekick Movies,493006
61,Police Dog Sidekick Movies,1871
61,Police Dog Sidekick Movies,142545
61,Police Dog Sidekick Movies,346709
61,Police Dog Sidekick Movies,77016
61,Police Dog Sidekick Movies,90
61,Police Dog Sidekick Movies,388701
61,Police Dog Sidekick Movies,1325789
61,Police Dog Sidekick Movies,72031
61,Police Dog Sidekick Movies,190945
61,Police Dog Sidekick Movies,145762
61,Police Dog Sidekick Movies,10723
61,Police Dog Sidekick Movies,16228
61,Police Dog Sidekick Movies,32233
61,Police Dog Sidekick Movies,60778
61,Police Dog Sidekick Movies,19052
61,Police Dog Sidekick Movies,28784
61,Police Dog Sidekick Movies,319089
61,Police Dog Sidekick Movies,149362
61,Police Dog Sidekick Movies,1079540
61,Police Dog Sidekick Movies,16885
61,Police Dog Sidekick Movies,377462
61,Police Dog Sidekick Movies,85367
62,Media Ethics Gone Terribly Wrong,3085
62,Media Ethics Gone Terribly Wrong,20623
62,Media Ethics Gone Terribly Wrong,69266
62,Media Ethics Gone Terribly Wrong,10132
62,Media Ethics Gone Terribly Wrong,42260
62,Media Ethics Gone Terribly Wrong,10774
62,Media Ethics Gone Terribly Wrong,16537
62,Media Ethics Gone Terribly Wrong,15644
62,Media Ethics Gone Terribly Wrong,31773
62,Media Ethics Gone Terribly Wrong,190879
62,Media Ethics Gone Terribly Wrong,340001
62,Media Ethics Gone Terribly Wrong,150946
62,Media Ethics Gone Terribly Wrong,4515
62,Media Ethics Gone Terribly Wrong,31652
62,Media Ethics Gone Terribly Wrong,1302703
62,Media Ethics Gone Terribly Wrong,36786
62,Media Ethics Gone Terribly Wrong,442293
62,Media Ethics Gone Terribly Wrong,14905
62,Media Ethics Gone Terribly Wrong,28730
62,Media Ethics Gone Terribly Wrong,4806
62,Media Ethics Gone Terribly Wrong,496328
62,Media Ethics Gone Terribly Wrong,12237
62,Media Ethics Gone Terribly Wrong,10961
62,Media Ethics Gone Terribly Wrong,849746
62,Media Ethics Gone Terribly Wrong,19155
62,Media Ethics Gone Terribly Wrong,27990
62,Media Ethics Gone Terribly Wrong,12503
62,Media Ethics Gone Terribly Wrong,411606
62,Media Ethics Gone Terribly Wrong,6106
62,Media Ethics Gone Terribly Wrong,3291
62,Media Ethics Gone Terribly Wrong,91
62,Media Ethics Gone Terribly Wrong,988
62,Media Ethics Gone Terribly Wrong,476764
62,Media Ethics Gone Terribly Wrong,225
62,Media Ethics Gone Terribly Wrong,19429
62,Media Ethics Gone Terribly Wrong,10086
62,Media Ethics Gone Terribly Wrong,74727
62,Media Ethics Gone Terribly Wrong,5353
62,Media Ethics Gone Terribly Wrong,618
62,Media Ethics Gone Terribly Wrong,60011
62,Media Ethics Gone Terribly Wrong,65002
62,Media Ethics Gone Terribly Wrong,625
62,Media Ethics Gone Terribly Wrong,211067
63,Small Town Serial Killer Movies,89484
63,Small Town Serial Killer Movies,7442
63,Small Town Serial Killer Movies,16279
63,Small Town Serial Killer Movies,16665
63,Small Town Serial Killer Movies,535581
63,Small Town Serial Killer Movies,28452
63,Small Town Serial Killer Movies,22309
63,Small Town Serial Killer Movies,6950
63,Small Town Serial Killer Movies,257445
63,Small Town Serial Killer Movies,22824
63,Small Town Serial Killer Movies,38442
63,Small Town Serial Killer Movies,11821
63,Small Town Serial Killer Movies,90030
63,Small Town Serial Killer Movies,108717
63,Small Town Serial Killer Movies,1585
63,Small Town Serial Killer Movies,1842
63,Small Town Serial Killer Movies,10162
63,Small Town Serial Killer Movies,27318
63,Small Town Serial Killer Movies,10424
63,Small Town Serial Killer Movies,16448
63,Small Town Serial Killer Movies,38724
63,Small Town Serial Killer Movies,48197
63,Small Town Serial Killer Movies,293831
63,Small Town Serial Killer Movies,11216
63,Small Town Serial Killer Movies,26320
63,Small Town Serial Killer Movies,216282
63,Small Town Serial Killer Movies,93
63,Small Town Serial Killer Movies,86626
63,Small Town Serial Killer Movies,14435
63,Small Town Serial Killer Movies,10860
63,Small Town Serial Killer Movies,565743
63,Small Town Serial Killer Movies,15602
63,Small Town Serial Killer Movies,9333
63,Small Town Serial Killer Movies,11381
63,Small Town Serial Killer Movies,42487
63,Small Town Serial Killer Movies,8696
63,Small Town Serial Killer Movies,8954
64,Bureaucratic Failure Disaster Movies,44548
64,Bureaucratic Failure Disaster Movies,61701
64,Bureaucratic Failure Disaster Movies,52615
64,Bureaucratic Failure Disaster Movies,7305
64,Bureaucratic Failure Disaster Movies,341012
64,Bureaucratic Failure Disaster Movies,28955
64,Bureaucratic Failure Disaster Movies,27932
64,Bureaucratic Failure Disaster Movies,11165
64,Bureaucratic Failure Disaster Movies,61979
64,Bureaucratic Failure Disaster Movies,108062
64,Bureaucratic Failure Disaster Movies,51104
64,Bureaucratic Failure Disaster Movies,405535
64,Bureaucratic Failure Disaster Movies,78370
64,Bureaucratic Failure Disaster Movies,14372
64,Bureaucratic Failure Disaster Movies,6309
64,Bureaucratic Failure Disaster Movies,551
64,Bureaucratic Failure Disaster Movies,42367
64,Bureaucratic Failure Disaster Movies,26158
64,Bureaucratic Failure Disaster Movies,21039
64,Bureaucratic Failure Disaster Movies,254128
64,Bureaucratic Failure Disaster Movies,519866
64,Bureaucratic Failure Disaster Movies,53949
64,Bureaucratic Failure Disaster Movies,326
64,Bureaucratic Failure Disaster Movies,9423
64,Bureaucratic Failure Disaster Movies,14161
64,Bureaucratic Failure Disaster Movies,182228
64,Bureaucratic Failure Disaster Movies,27223
64,Bureaucratic Failure Disaster Movies,216282
64,Bureaucratic Failure Disaster Movies,95
64,Bureaucratic Failure Disaster Movies,71520
64,Bureaucratic Failure Disaster Movies,28001
64,Bureaucratic Failure Disaster Movies,11623
64,Bureaucratic Failure Disaster Movies,26223
64,Bureaucratic Failure Disaster Movies,76403
64,Bureaucratic Failure Disaster Movies,36983
64,Bureaucratic Failure Disaster Movies,178809
64,Bureaucratic Failure Disaster Movies,11258
64,Bureaucratic Failure Disaster Movies,405757
64,Bureaucratic Failure Disaster Movies,27391
65,1980s Teen Sex Comedy Genre,28288
65,1980s Teen Sex Comedy Genre,3078
65,1980s Teen Sex Comedy Genre,15239
65,1980s Teen Sex Comedy Genre,33676
65,1980s Teen Sex Comedy Genre,9490
65,1980s Teen Sex Comedy Genre,531
65,1980s Teen Sex Comedy Genre,9749
65,1980s Teen Sex Comedy Genre,270487
65,1980s Teen Sex Comedy Genre,139038
65,1980s Teen Sex Comedy Genre,17696
65,1980s Teen Sex Comedy Genre,34977
65,1980s Teen Sex Comedy Genre,42659
65,1980s Teen Sex Comedy Genre,11300
65,1980s Teen Sex Comedy Genre,31140
65,1980s Teen Sex Comedy Genre,10023
65,1980s Teen Sex Comedy Genre,936
65,1980s Teen Sex Comedy Genre,940
65,1980s Teen Sex Comedy Genre,9522
65,1980s Teen Sex Comedy Genre,692
65,1980s Teen Sex Comedy Genre,11448
65,1980s Teen Sex Comedy Genre,2241
65,1980s Teen Sex Comedy Genre,10179
65,1980s Teen Sex Comedy Genre,180296
65,1980s Teen Sex Comedy Genre,2123
65,1980s Teen Sex Comedy Genre,12110
65,1980s Teen Sex Comedy Genre,14931
65,1980s Teen Sex Comedy Genre,475
65,1980s Teen Sex Comedy Genre,203739
65,1980s Teen Sex Comedy Genre,96
65,1980s Teen Sex Comedy Genre,248805
65,1980s Teen Sex Comedy Genre,19174
65,1980s Teen Sex Comedy Genre,118887
65,1980s Teen Sex Comedy Genre,446695
65,1980s Teen Sex Comedy Genre,233
65,1980s Teen Sex Comedy Genre,3049
65,1980s Teen Sex Comedy Genre,41579
65,1980s Teen Sex Comedy Genre,10098
65,1980s Teen Sex Comedy Genre,14578
65,1980s Teen Sex Comedy Genre,11510
65,1980s Teen Sex Comedy Genre,89723
66,Exposition Heavy Science Fiction Movies,7299
66,Exposition Heavy Science Fiction Movies,9348
66,Exposition Heavy Science Fiction Movies,662022
66,Exposition Heavy Science Fiction Movies,29065
66,Exposition Heavy Science Fiction Movies,302349
66,Exposition Heavy Science Fiction Movies,11662
66,Exposition Heavy Science Fiction Movies,29326
66,Exposition Heavy Science Fiction Movies,56718
66,Exposition Heavy Science Fiction Movies,2067
66,Exposition Heavy Science Fiction Movies,31380
66,Exposition Heavy Science Fiction Movies,34069
66,Exposition Heavy Science Fiction Movies,17431
66,Exposition Heavy Science Fiction Movies,58903
66,Exposition Heavy Science Fiction Movies,18841
66,Exposition Heavy Science Fiction Movies,31769
66,Exposition Heavy Science Fiction Movies,33305
66,Exposition Heavy Science Fiction Movies,413594
66,Exposition Heavy Science Fiction Movies,157
66,Exposition Heavy Science Fiction Movies,9886
66,Exposition Heavy Science Fiction Movies,26398
66,Exposition Heavy Science Fiction Movies,301728
66,Exposition Heavy Science Fiction Movies,11425
66,Exposition Heavy Science Fiction Movies,429471
66,Exposition Heavy Science Fiction Movies,30374
66,Exposition Heavy Science Fiction Movies,39335
66,Exposition Heavy Science Fiction Movies,25392
66,Exposition Heavy Science Fiction Movies,27185
66,Exposition Heavy Science Fiction Movies,11571
66,Exposition Heavy Science Fiction Movies,7737
66,Exposition Heavy Science Fiction Movies,19002
66,Exposition Heavy Science Fiction Movies,239804
66,Exposition Heavy Science Fiction Movies,56769
66,Exposition Heavy Science Fiction Movies,2114
66,Exposition Heavy Science Fiction Movies,835
66,Exposition Heavy Science Fiction Movies,18242
66,Exposition Heavy Science Fiction Movies,66628
66,Exposition Heavy Science Fiction Movies,145221
66,Exposition Heavy Science Fiction Movies,249415
66,Exposition Heavy Science Fiction Movies,30921
66,Exposition Heavy Science Fiction Movies,471498
66,Exposition Heavy Science Fiction Movies,107985
66,Exposition Heavy Science Fiction Movies,38610
66,Exposition Heavy Science Fiction Movies,35668
66,Exposition Heavy Science Fiction Movies,16220
66,Exposition Heavy Science Fiction Movies,97
66,Exposition Heavy Science Fiction Movies,34276
66,Exposition Heavy Science Fiction Movies,66918
66,Exposition Heavy Science Fiction Movies,9323
66,Exposition Heavy Science Fiction Movies,49516
66,Exposition Heavy Science Fiction Movies,43374
66,Exposition Heavy Science Fiction Movies,2927
66,Exposition Heavy Science Fiction Movies,2160
66,Exposition Heavy Science Fiction Movies,565743
66,Exposition Heavy Science Fiction Movies,42994
66,Exposition Heavy Science Fiction Movies,9460
66,Exposition Heavy Science Fiction Movies,100089
66,Exposition Heavy Science Fiction Movies,49530
66,Exposition Heavy Science Fiction Movies,21886
66,Exposition Heavy Science Fiction Movies,614911
67,Female Friendships Tested By Weddings,40578
67,Female Friendships Tested By Weddings,8583
67,Female Friendships Tested By Weddings,649
67,Female Friendships Tested By Weddings,77966
67,Female Friendships Tested By Weddings,443791
67,Female Friendships Tested By Weddings,121872
67,Female Friendships Tested By Weddings,657
67,Female Friendships Tested By Weddings,45714
67,Female Friendships Tested By Weddings,490005
67,Female Friendships Tested By Weddings,60567
67,Female Friendships Tested By Weddings,10521
67,Female Friendships Tested By Weddings,19994
67,Female Friendships Tested By Weddings,34459
67,Female Friendships Tested By Weddings,122524
67,Female Friendships Tested By Weddings,449562
67,Female Friendships Tested By Weddings,42620
67,Female Friendships Tested By Weddings,284284
67,Female Friendships Tested By Weddings,399905
67,Female Friendships Tested By Weddings,62116
67,Female Friendships Tested By Weddings,44069
67,Female Friendships Tested By Weddings,296360
67,Female Friendships Tested By Weddings,55721
67,Female Friendships Tested By Weddings,47018
67,Female Friendships Tested By Weddings,431017
67,Female Friendships Tested By Weddings,1141805
67,Female Friendships Tested By Weddings,1588
67,Female Friendships Tested By Weddings,458423
67,Female Friendships Tested By Weddings,315
67,Female Friendships Tested By Weddings,158011
67,Female Friendships Tested By Weddings,53182
67,Female Friendships Tested By Weddings,14538
67,Female Friendships Tested By Weddings,24010
67,Female Friendships Tested By Weddings,12620
67,Female Friendships Tested By Weddings,9293
67,Female Friendships Tested By Weddings,33997
67,Female Friendships Tested By Weddings,35790
67,Female Friendships Tested By Weddings,193610
67,Female Friendships Tested By Weddings,10833
67,Female Friendships Tested By Weddings,56317
67,Female Friendships Tested By Weddings,2003
67,Female Friendships Tested By Weddings,4564
67,Female Friendships Tested By Weddings,491473
67,Female Friendships Tested By Weddings,3542
67,Female Friendships Tested By Weddings,90071
67,Female Friendships Tested By Weddings,39775
67,Female Friendships Tested By Weddings,25313
67,Female Friendships Tested By Weddings,51681
67,Female Friendships Tested By Weddings,99
67,Female Friendships Tested By Weddings,271718
67,Female Friendships Tested By Weddings,48233
67,Female Friendships Tested By Weddings,57706
67,Female Friendships Tested By Weddings,574060
67,Female Friendships Tested By Weddings,4973
67,Female Friendships Tested By Weddings,239
67,Female Friendships Tested By Weddings,11889
67,Female Friendships Tested By Weddings,724209
67,Female Friendships Tested By Weddings,14587
67,Female Friendships Tested By Weddings,42108
67,Female Friendships Tested By Weddings,44413
67,Female Friendships Tested By Weddings,582014
68,Thatcher Era British Crime Films,13696
68,Thatcher Era British Crime Films,25728
68,Thatcher Era British Crime Films,131074
68,Thatcher Era British Crime Films,124167
68,Thatcher Era British Crime Films,50697
68,Thatcher Era British Crime Films,38539
68,Thatcher Era British Crime Films,26124
68,Thatcher Era British Crime Films,27917
68,Thatcher Era British Crime Films,1938
68,Thatcher Era British Crime Films,109714
68,Thatcher Era British Crime Films,97434
68,Thatcher Era British Crime Films,15007
68,Thatcher Era British Crime Films,34977
68,Thatcher Era British Crime Films,36514
68,Thatcher Era British Crime Films,42151
68,Thatcher Era British Crime Films,9905
68,Thatcher Era British Crime Films,11826
68,Thatcher Era British Crime Films,64690
68,Thatcher Era British Crime Films,518963
68,Thatcher Era British Crime Films,26936
68,Thatcher Era British Crime Films,3515
68,Thatcher Era British Crime Films,18877
68,Thatcher Era British Crime Films,91583
68,Thatcher Era British Crime Films,48838
68,Thatcher Era British Crime Films,13385
68,Thatcher Era British Crime Films,69065
68,Thatcher Era British Crime Films,1485
68,Thatcher Era British Crime Films,25941
68,Thatcher Era British Crime Films,9558
68,Thatcher Era British Crime Films,14807
68,Thatcher Era British Crime Films,18394
68,Thatcher Era British Crime Films,10461
68,Thatcher Era British Crime Films,46559
68,Thatcher Era British Crime Films,398175
68,Thatcher Era British Crime Films,450274
68,Thatcher Era British Crime Films,100
68,Thatcher Era British Crime Films,3173
68,Thatcher Era British Crime Films,4836
68,Thatcher Era British Crime Films,104548
68,Thatcher Era British Crime Films,900714
68,Thatcher Era British Crime Films,26606
68,Thatcher Era British Crime Films,28784
68,Thatcher Era British Crime Films,42995
68,Thatcher Era British Crime Films,27256
68,Thatcher Era British Crime Films,29182
69,Athletes Turned Action Movie Stars,50560
69,Athletes Turned Action Movie Stars,92673
69,Athletes Turned Action Movie Stars,554241
69,Athletes Turned Action Movie Stars,82179
69,Athletes Turned Action Movie Stars,10117
69,Athletes Turned Action Movie Stars,9991
69,Athletes Turned Action Movie Stars,20873
69,Athletes Turned Action Movie Stars,10634
69,Athletes Turned Action Movie Stars,10254
69,Athletes Turned Action Movie Stars,43797
69,Athletes Turned Action Movie Stars,8854
69,Athletes Turned Action Movie Stars,421658
69,Athletes Turned Action Movie Stars,26011
69,Athletes Turned Action Movie Stars,740511
69,Athletes Turned Action Movie Stars,650272
69,Athletes Turned Action Movie Stars,7457
69,Athletes Turned Action Movie Stars,56353
69,Athletes Turned Action Movie Stars,14114
69,Athletes Turned Action Movie Stars,653349
69,Athletes Turned Action Movie Stars,22572
69,Athletes Turned Action Movie Stars,43437
69,Athletes Turned Action Movie Stars,11570
69,Athletes Turned Action Movie Stars,32563
69,Athletes Turned Action Movie Stars,86194
69,Athletes Turned Action Movie Stars,1179829
69,Athletes Turned Action Movie Stars,9910
69,Athletes Turned Action Movie Stars,83896
69,Athletes Turned Action Movie Stars,37308
69,Athletes Turned Action Movie Stars,9405
69,Athletes Turned Action Movie Stars,31937
69,Athletes Turned Action Movie Stars,23107
69,Athletes Turned Action Movie Stars,2501
69,Athletes Turned Action Movie Stars,10060
69,Athletes Turned Action Movie Stars,43597
69,Athletes Turned Action Movie Stars,42576
69,Athletes Turned Action Movie Stars,168530
69,Athletes Turned Action Movie Stars,12500
69,Athletes Turned Action Movie Stars,26452
69,Athletes Turned Action Movie Stars,12502
69,Athletes Turned Action Movie Stars,56535
69,Athletes Turned Action Movie Stars,566872
69,Athletes Turned Action Movie Stars,22233
69,Athletes Turned Action Movie Stars,11867
69,Athletes Turned Action Movie Stars,26845
69,Athletes Turned Action Movie Stars,16094
69,Athletes Turned Action Movie Stars,100
69,Athletes Turned Action Movie Stars,39400
69,Athletes Turned Action Movie Stars,43752
69,Athletes Turned Action Movie Stars,4587
69,Athletes Turned Action Movie Stars,11504
69,Athletes Turned Action Movie Stars,12657
69,Athletes Turned Action Movie Stars,1781
69,Athletes Turned Action Movie Stars,9334
69,Athletes Turned Action Movie Stars,17911
69,Athletes Turned Action Movie Stars,88950
69,Athletes Turned Action Movie Stars,10877
70,War Crime Trial Cinema,487680
70,War Crime Trial Cinema,87041
70,War Crime Trial Cinema,65156
70,War Crime Trial Cinema,51209
70,War Crime Trial Cinema,174351
70,War Crime Trial Cinema,130066
70,War Crime Trial Cinema,8090
70,War Crime Trial Cinema,354332
70,War Crime Trial Cinema,70942
70,War Crime Trial Cinema,820511
70,War Crime Trial Cinema,30368
70,War Crime Trial Cinema,158755
70,War Crime Trial Cinema,23847
70,War Crime Trial Cinema,11560
70,War Crime Trial Cinema,13098
70,War Crime Trial Cinema,8882
70,War Crime Trial Cinema,186
70,War Crime Trial Cinema,47931
70,War Crime Trial Cinema,588030
70,War Crime Trial Cinema,10559
70,War Crime Trial Cinema,1047747
70,War Crime Trial Cinema,351044
70,War Crime Trial Cinema,110410
70,War Crime Trial Cinema,36814
70,War Crime Trial Cinema,25680
70,War Crime Trial Cinema,86225
70,War Crime Trial Cinema,14931
70,War Crime Trial Cinema,11220
70,War Crime Trial Cinema,42966
70,War Crime Trial Cinema,13783
70,War Crime Trial Cinema,984
70,War Crime Trial Cinema,18394
70,War Crime Trial Cinema,59226
70,War Crime Trial Cinema,415836
70,War Crime Trial Cinema,59230
70,War Crime Trial Cinema,9442
70,War Crime Trial Cinema,542178
70,War Crime Trial Cinema,100
70,War Crime Trial Cinema,45284
70,War Crime Trial Cinema,9958
70,War Crime Trial Cinema,14310
70,War Crime Trial Cinema,900714
70,War Crime Trial Cinema,45549
70,War Crime Trial Cinema,122734
70,War Crime Trial Cinema,111
70,War Crime Trial Cinema,37616
70,War Crime Trial Cinema,45679
70,War Crime Trial Cinema,259695
70,War Crime Trial Cinema,80755
70,War Crime Trial Cinema,43636
70,War Crime Trial Cinema,13685
70,War Crime Trial Cinema,483184
70,War Crime Trial Cinema,356216
70,War Crime Trial Cinema,82682
70,War Crime Trial Cinema,379
70,War Crime Trial Cinema,14588
70,War Crime Trial Cinema,21502
71,Unlikely Pairs On The Run,11008
71,Unlikely Pairs On The Run,12289
71,Unlikely Pairs On The Run,22404
71,Unlikely Pairs On The Run,36998
71,Unlikely Pairs On The Run,396810
71,Unlikely Pairs On The Run,2444
71,Unlikely Pairs On The Run,525183
71,Unlikely Pairs On The Run,2207
71,Unlikely Pairs On The Run,718501
71,Unlikely Pairs On The Run,19371
71,Unlikely Pairs On The Run,2609
71,Unlikely Pairs On The Run,140607
71,Unlikely Pairs On The Run,7874
71,Unlikely Pairs On The Run,65218
71,Unlikely Pairs On The Run,19525
71,Unlikely Pairs On The Run,37189
71,Unlikely Pairs On The Run,52936
71,Unlikely Pairs On The Run,15433
71,Unlikely Pairs On The Run,27085
71,Unlikely Pairs On The Run,420814
71,Unlikely Pairs On The Run,16082
71,Unlikely Pairs On The Run,246741
71,Unlikely Pairs On The Run,503125
71,Unlikely Pairs On The Run,506072
71,Unlikely Pairs On The Run,34650
71,Unlikely Pairs On The Run,101
71,Unlikely Pairs On The Run,61416
71,Unlikely Pairs On The Run,11499
71,Unlikely Pairs On The Run,2028
71,Unlikely Pairs On The Run,9326
71,Unlikely Pairs On The Run,722800
71,Unlikely Pairs On The Run,141043
71,Unlikely Pairs On The Run,369524
71,Unlikely Pairs On The Run,245
71,Unlikely Pairs On The Run,444539
71,Unlikely Pairs On The Run,9343
72,Genre Defining Heist Movies,794368
72,Genre Defining Heist Movies,262402
72,Genre Defining Heist Movies,387
72,Genre Defining Heist Movies,16269
72,Genre Defining Heist Movies,1678
72,Genre Defining Heist Movies,37136
72,Genre Defining Heist Movies,47250
72,Genre Defining Heist Movies,8467
72,Genre Defining Heist Movies,24212
72,Genre Defining Heist Movies,12309
72,Genre Defining Heist Movies,34326
72,Genre Defining Heist Movies,923
72,Genre Defining Heist Movies,20379
72,Genre Defining Heist Movies,934
72,Genre Defining Heist Movies,551
72,Genre Defining Heist Movies,170
72,Genre Defining Heist Movies,18860
72,Genre Defining Heist Movies,19503
72,Genre Defining Heist Movies,18992
72,Genre Defining Heist Movies,43387
72,Genre Defining Heist Movies,92341
72,Genre Defining Heist Movies,23479
72,Genre Defining Heist Movies,16958
72,Genre Defining Heist Movies,39113
72,Genre Defining Heist Movies,5066
72,Genre Defining Heist Movies,54862
72,Genre Defining Heist Movies,68309
72,Genre Defining Heist Movies,101
72,Genre Defining Heist Movies,42725
72,Genre Defining Heist Movies,554600
72,Genre Defining Heist Movies,40683
72,Genre Defining Heist Movies,239
72,Genre Defining Heist Movies,13939
72,Genre Defining Heist Movies,244
72,Genre Defining Heist Movies,1654
72,Genre Defining Heist Movies,247
72,Genre Defining Heist Movies,96250
72,Genre Defining Heist Movies,763
72,Genre Defining Heist Movies,21886
73,Career Versus Love Relationship Films,10497
73,Career Versus Love Relationship Films,22273
73,Career Versus Love Relationship Films,60420
73,Career Versus Love Relationship Films,437253
73,Career Versus Love Relationship Films,5767
73,Career Versus Love Relationship Films,27145
73,Career Versus Love Relationship Films,126219
73,Career Versus Love Relationship Films,396
73,Career Versus Love Relationship Films,36492
73,Career Versus Love Relationship Films,55309
73,Career Versus Love Relationship Films,72207
73,Career Versus Love Relationship Films,73358
73,Career Versus Love Relationship Films,145
73,Career Versus Love Relationship Films,15761
73,Career Versus Love Relationship Films,226448
73,Career Versus Love Relationship Films,490132
73,Career Versus Love Relationship Films,10525
73,Career Versus Love Relationship Films,44445
73,Career Versus Love Relationship Films,261023
73,Career Versus Love Relationship Films,548639
73,Career Versus Love Relationship Films,270753
73,Career Versus Love Relationship Films,45602
73,Career Versus Love Relationship Films,807070
73,Career Versus Love Relationship Films,288036
73,Career Versus Love Relationship Films,665894
73,Career Versus Love Relationship Films,337960
73,Career Versus Love Relationship Films,21035
73,Career Versus Love Relationship Films,37038
73,Career Versus Love Relationship Films,345649
73,Career Versus Love Relationship Films,91186
73,Career Versus Love Relationship Films,1845
73,Career Versus Love Relationship Films,13365
73,Career Versus Love Relationship Films,662712
73,Career Versus Love Relationship Films,27066
73,Career Versus Love Relationship Films,2748
73,Career Versus Love Relationship Films,49471
73,Career Versus Love Relationship Films,218559
73,Career Versus Love Relationship Films,619979
73,Career Versus Love Relationship Films,48204
73,Career Versus Love Relationship Films,718032
73,Career Versus Love Relationship Films,12116
73,Career Versus Love Relationship Films,26964
73,Career Versus Love Relationship Films,45269
73,Career Versus Love Relationship Films,340182
73,Career Versus Love Relationship Films,8280
73,Career Versus Love Relationship Films,7515
73,Career Versus Love Relationship Films,423899
73,Career Versus Love Relationship Films,42593
73,Career Versus Love Relationship Films,75491
73,Career Versus Love Relationship Films,39781
73,Career Versus Love Relationship Films,102
73,Career Versus Love Relationship Films,413543
73,Career Versus Love Relationship Films,60261
73,Career Versus Love Relationship Films,33257
73,Career Versus Love Relationship Films,494822
73,Career Versus Love Relationship Films,290542
73,Career Versus Love Relationship Films,451957
73,Career Versus Love Relationship Films,24055
73,Career Versus Love Relationship Films,13433
73,Career Versus Love Relationship Films,501628
74,New York City As Character,35073
74,New York City As Character,9475
74,New York City As Character,772
74,New York City As Character,196867
74,New York City As Character,209802
74,New York City As Character,54028
74,New York City As Character,10518
74,New York City As Character,25239
74,New York City As Character,191515
74,New York City As Character,10654
74,New York City As Character,4254
74,New York City As Character,929
74,New York City As Character,2978
74,New York City As Character,60966
74,New York City As Character,10279
74,New York City As Character,13990
74,New York City As Character,23334
74,New York City As Character,3116
74,New York City As Character,64685
74,New York City As Character,9778
74,New York City As Character,435
74,New York City As Character,196278
74,New York City As Character,855098
74,New York City As Character,76411
74,New York City As Character,1282491
74,New York City As Character,109886
74,New York City As Character,27841
74,New York City As Character,61892
74,New York City As Character,39495
74,New York City As Character,1103
74,New York City As Character,9558
74,New York City As Character,57431
74,New York City As Character,241239
74,New York City As Character,112735
74,New York City As Character,11232
74,New York City As Character,103
74,New York City As Character,10729
74,New York City As Character,59881
74,New York City As Character,42731
74,New York City As Character,508791
74,New York City As Character,572404
74,New York City As Character,111479
74,New York City As Character,161915
75,Urban Alienation Character Studies,284294
75,Urban Alienation Character Studies,59143
75,Urban Alienation Character Studies,230154
75,Urban Alienation Character Studies,400267
75,Urban Alienation Character Studies,47120
75,Urban Alienation Character Studies,23954
75,Urban Alienation Character Studies,340627
75,Urban Alienation Character Studies,1429
75,Urban Alienation Character Studies,1406485
75,Urban Alienation Character Studies,487321
75,Urban Alienation Character Studies,925
75,Urban Alienation Character Studies,1567
75,Urban Alienation Character Studies,52512
75,Urban Alienation Character Studies,501154
75,Urban Alienation Character Studies,10149
75,Urban Alienation Character Studies,20649
75,Urban Alienation Character Studies,209840
75,Urban Alienation Character Studies,7859
75,Urban Alienation Character Studies,130739
75,Urban Alienation Character Studies,949
75,Urban Alienation Character Studies,17592
75,Urban Alienation Character Studies,63418
75,Urban Alienation Character Studies,414906
75,Urban Alienation Character Studies,20540
75,Urban Alienation Character Studies,13633
75,Urban Alienation Character Studies,477122
75,Urban Alienation Character Studies,103620
75,Urban Alienation Character Studies,48837
75,Urban Alienation Character Studies,39495
75,Urban Alienation Character Studies,1126090
75,Urban Alienation Character Studies,102347
75,Urban Alienation Character Studies,1359
75,Urban Alienation Character Studies,42448
75,Urban Alienation Character Studies,491473
75,Urban Alienation Character Studies,27346
75,Urban Alienation Character Studies,339
75,Urban Alienation Character Studies,63064
75,Urban Alienation Character Studies,56156
75,Urban Alienation Character Studies,28000
75,Urban Alienation Character Studies,76388
75,Urban Alienation Character Studies,12774
75,Urban Alienation Character Studies,103
75,Urban Alienation Character Studies,79591
75,Urban Alienation Character Studies,233
75,Urban Alienation Character Studies,491625
75,Urban Alienation Character Studies,80755
75,Urban Alienation Character Studies,436340
75,Urban Alienation Character Studies,37749
75,Urban Alienation Character Studies,8441
75,Urban Alienation Character Studies,15484
75,Urban Alienation Character Studies,36351
76,Guns As Social Powder Kegs,77571
76,Guns As Social Powder Kegs,117129
76,Guns As Social Powder Kegs,145033
76,Guns As Social Powder Kegs,3083
76,Guns As Social Powder Kegs,52620
76,Guns As Social Powder Kegs,10637
76,Guns As Social Powder Kegs,1040
76,Guns As Social Powder Kegs,8338
76,Guns As Social Powder Kegs,614292
76,Guns As Social Powder Kegs,406
76,Guns As Social Powder Kegs,541339
76,Guns As Social Powder Kegs,924
76,Guns As Social Powder Kegs,15389
76,Guns As Social Powder Kegs,37916
76,Guns As Social Powder Kegs,164
76,Guns As Social Powder Kegs,166
76,Guns As Social Powder Kegs,296360
76,Guns As Social Powder Kegs,10794
76,Guns As Social Powder Kegs,64682
76,Guns As Social Powder Kegs,18480
76,Guns As Social Powder Kegs,59058
76,Guns As Social Powder Kegs,184244
76,Guns As Social Powder Kegs,1213
76,Guns As Social Powder Kegs,37181
76,Guns As Social Powder Kegs,30017
76,Guns As Social Powder Kegs,81857
76,Guns As Social Powder Kegs,175041
76,Guns As Social Powder Kegs,24134
76,Guns As Social Powder Kegs,38729
76,Guns As Social Powder Kegs,160588
76,Guns As Social Powder Kegs,21459
76,Guns As Social Powder Kegs,67155
76,Guns As Social Powder Kegs,15319
76,Guns As Social Powder Kegs,74072
76,Guns As Social Powder Kegs,56153
76,Guns As Social Powder Kegs,346
76,Guns As Social Powder Kegs,414425
76,Guns As Social Powder Kegs,47324
76,Guns As Social Powder Kegs,680535
76,Guns As Social Powder Kegs,155230
76,Guns As Social Powder Kegs,254302
76,Guns As Social Powder Kegs,2528
76,Guns As Social Powder Kegs,83809
76,Guns As Social Powder Kegs,483297
76,Guns As Social Powder Kegs,11876
76,Guns As Social Powder Kegs,34148
76,Guns As Social Powder Kegs,103
76,Guns As Social Powder Kegs,3175
76,Guns As Social Powder Kegs,117479
76,Guns As Social Powder Kegs,42987
76,Guns As Social Powder Kegs,143980
76,Guns As Social Powder Kegs,1199725
76,Guns As Social Powder Kegs,496
76,Guns As Social Powder Kegs,116
77,Sidney Lumet's New York Stories,73604
77,Sidney Lumet's New York Stories,124167
77,Sidney Lumet's New York Stories,940935
77,Sidney Lumet's New York Stories,183053
77,Sidney Lumet's New York Stories,79888
77,Sidney Lumet's New York Stories,42257
77,Sidney Lumet's New York Stories,13076
77,Sidney Lumet's New York Stories,29080
77,Sidney Lumet's New York Stories,98328
77,Sidney Lumet's New York Stories,14362
77,Sidney Lumet's New York Stories,256503
77,Sidney Lumet's New York Stories,292
77,Sidney Lumet's New York Stories,60966
77,Sidney Lumet's New York Stories,23847
77,Sidney Lumet's New York Stories,86829
77,Sidney Lumet's New York Stories,7216
77,Sidney Lumet's New York Stories,311
77,Sidney Lumet's New York Stories,696
77,Sidney Lumet's New York Stories,46137
77,Sidney Lumet's New York Stories,76344
77,Sidney Lumet's New York Stories,32446
77,Sidney Lumet's New York Stories,22595
77,Sidney Lumet's New York Stories,91459
77,Sidney Lumet's New York Stories,159047
77,Sidney Lumet's New York Stories,52936
77,Sidney Lumet's New York Stories,8649
77,Sidney Lumet's New York Stories,206408
77,Sidney Lumet's New York Stories,46027
77,Sidney Lumet's New York Stories,473033
77,Sidney Lumet's New York Stories,121677
77,Sidney Lumet's New York Stories,14030
77,Sidney Lumet's New York Stories,10068
77,Sidney Lumet's New York Stories,4825
77,Sidney Lumet's New York Stories,163293
77,Sidney Lumet's New York Stories,9950
77,Sidney Lumet's New York Stories,103
77,Sidney Lumet's New York Stories,4967
77,Sidney Lumet's New York Stories,52844
77,Sidney Lumet's New York Stories,31598
77,Sidney Lumet's New York Stories,4978
77,Sidney Lumet's New York Stories,94066
77,Sidney Lumet's New York Stories,2039
77,Sidney Lumet's New York Stories,1662
77,Sidney Lumet's New York Stories,639
78,Mixed Media War Documentary Films,46336
78,Mixed Media War Documentary Films,296449
78,Mixed Media War Documentary Films,410114
78,Mixed Media War Documentary Films,150535
78,Mixed Media War Documentary Films,604552
78,Mixed Media War Documentary Films,25099
78,Mixed Media War Documentary Films,500859
78,Mixed Media War Documentary Films,289556
78,Mixed Media War Documentary Films,210071
78,Mixed Media War Documentary Films,1214110
78,Mixed Media War Documentary Films,148511
78,Mixed Media War Documentary Films,34981
78,Mixed Media War Documentary Films,128678
78,Mixed Media War Documentary Films,506407
78,Mixed Media War Documentary Films,120360
78,Mixed Media War Documentary Films,376233
78,Mixed Media War Documentary Films,17711
78,Mixed Media War Documentary Films,294959
78,Mixed Media War Documentary Films,820
78,Mixed Media War Documentary Films,15030
78,Mixed Media War Documentary Films,18491
78,Mixed Media War Documentary Films,19006
78,Mixed Media War Documentary Films,128831
78,Mixed Media War Documentary Films,193726
78,Mixed Media War Documentary Films,54083
78,Mixed Media War Documentary Films,74308
78,Mixed Media War Documentary Films,352197
78,Mixed Media War Documentary Films,42696
78,Mixed Media War Documentary Films,2771
78,Mixed Media War Documentary Films,25939
78,Mixed Media War Documentary Films,44510
78,Mixed Media War Documentary Films,14048
78,Mixed Media War Documentary Films,110689
78,Mixed Media War Documentary Films,319075
78,Mixed Media War Documentary Films,381028
78,Mixed Media War Documentary Films,18534
78,Mixed Media War Documentary Films,18919
78,Mixed Media War Documentary Films,104
78,Mixed Media War Documentary Films,103016
78,Mixed Media War Documentary Films,375914
78,Mixed Media War Documentary Films,1387
78,Mixed Media War Documentary Films,123
78,Mixed Media War Documentary Films,100205
78,Mixed Media War Documentary Films,22638
78,Mixed Media War Documentary Films,37234
78,Mixed Media War Documentary Films,10996
78,Mixed Media War Documentary Films,186997
78,Mixed Media War Documentary Films,127992
78,Mixed Media War Documentary Films,378107
78,Mixed Media War Documentary Films,27645
78,Mixed Media War Documentary Films,588030
79,Sports Saving Small Towns,333696
79,Sports Saving Small Towns,300673
79,Sports Saving Small Towns,9090
79,Sports Saving Small Towns,899
79,Sports Saving Small Towns,39940
79,Sports Saving Small Towns,152578
79,Sports Saving Small Towns,340487
79,Sports Saving Small Towns,31245
79,Sports Saving Small Towns,146446
79,Sports Saving Small Towns,47889
79,Sports Saving Small Towns,36498
79,Sports Saving Small Towns,38394
79,Sports Saving Small Towns,40085
79,Sports Saving Small Towns,22553
79,Sports Saving Small Towns,247321
79,Sports Saving Small Towns,46875
79,Sports Saving Small Towns,2594
79,Sports Saving Small Towns,37412
79,Sports Saving Small Towns,454693
79,Sports Saving Small Towns,10155
79,Sports Saving Small Towns,67884
79,Sports Saving Small Towns,1084337
79,Sports Saving Small Towns,29112
79,Sports Saving Small Towns,35896
79,Sports Saving Small Towns,194
79,Sports Saving Small Towns,11593
79,Sports Saving Small Towns,2251
79,Sports Saving Small Towns,24274
79,Sports Saving Small Towns,224471
79,Sports Saving Small Towns,12762
79,Sports Saving Small Towns,12122
79,Sports Saving Small Towns,79194
79,Sports Saving Small Towns,22621
79,Sports Saving Small Towns,15198
79,Sports Saving Small Towns,65501
79,Sports Saving Small Towns,88673
79,Sports Saving Small Towns,11235
79,Sports Saving Small Towns,13671
79,Sports Saving Small Towns,21991
79,Sports Saving Small Towns,105
79,Sports Saving Small Towns,12649
79,Sports Saving Small Towns,8942
79,Sports Saving Small Towns,43886
79,Sports Saving Small Towns,97008
79,Sports Saving Small Towns,35185
79,Sports Saving Small Towns,31602
79,Sports Saving Small Towns,19958
79,Sports Saving Small Towns,26618
79,Sports Saving Small Towns,1788
80,Practical Effects Monster Masterpieces,24194
80,Practical Effects Monster Masterpieces,254474
80,Practical Effects Monster Masterpieces,3980
80,Practical Effects Monster Masterpieces,71692
80,Practical Effects Monster Masterpieces,1680
80,Practical Effects Monster Masterpieces,9362
80,Practical Effects Monster Masterpieces,26515
80,Practical Effects Monster Masterpieces,3350
80,Practical Effects Monster Masterpieces,3103
80,Practical Effects Monster Masterpieces,287903
80,Practical Effects Monster Masterpieces,1702
80,Practical Effects Monster Masterpieces,3115
80,Practical Effects Monster Masterpieces,25527
80,Practical Effects Monster Masterpieces,295737
80,Practical Effects Monster Masterpieces,11834
80,Practical Effects Monster Masterpieces,11071
80,Practical Effects Monster Masterpieces,13509
80,Practical Effects Monster Masterpieces,13511
80,Practical Effects Monster Masterpieces,27591
80,Practical Effects Monster Masterpieces,3146
80,Practical Effects Monster Masterpieces,27085
80,Practical Effects Monster Masterpieces,27726
80,Practical Effects Monster Masterpieces,769235
80,Practical Effects Monster Masterpieces,421467
80,Practical Effects Monster Masterpieces,670428
80,Practical Effects Monster Masterpieces,37601
80,Practical Effects Monster Masterpieces,210913
80,Practical Effects Monster Masterpieces,1255
80,Practical Effects Monster Masterpieces,106
80,Practical Effects Monster Masterpieces,43115
80,Practical Effects Monster Masterpieces,10730
80,Practical Effects Monster Masterpieces,84204
80,Practical Effects Monster Masterpieces,18289
80,Practical Effects Monster Masterpieces,26865
80,Practical Effects Monster Masterpieces,311539
80,Practical Effects Monster Masterpieces,28667
80,Practical Effects Monster Masterpieces,17918
80,Practical Effects Monster Masterpieces,675327
81,Military Experiments Gone Horribly Wrong,33670
81,Military Experiments Gone Horribly Wrong,59144
81,Military Experiments Gone Horribly Wrong,96394
81,Military Experiments Gone Horribly Wrong,23567
81,Military Experiments Gone Horribly Wrong,174351
81,Military Experiments Gone Horribly Wrong,67217
81,Military Experiments Gone Horribly Wrong,1047831
81,Military Experiments Gone Horribly Wrong,44184
81,Military Experiments Gone Horribly Wrong,1562
81,Military Experiments Gone Horribly Wrong,10782
81,Military Experiments Gone Horribly Wrong,628900
81,Military Experiments Gone Horribly Wrong,8997
81,Military Experiments Gone Horribly Wrong,9383
81,Military Experiments Gone Horribly Wrong,45612
81,Military Experiments Gone Horribly Wrong,87469
81,Military Experiments Gone Horribly Wrong,563
81,Military Experiments Gone Horribly Wrong,34359
81,Military Experiments Gone Horribly Wrong,19644
81,Military Experiments Gone Horribly Wrong,46020
81,Military Experiments Gone Horribly Wrong,112328
81,Military Experiments Gone Horribly Wrong,10313
81,Military Experiments Gone Horribly Wrong,17744
81,Military Experiments Gone Horribly Wrong,11607
81,Military Experiments Gone Horribly Wrong,10839
81,Military Experiments Gone Horribly Wrong,855
81,Military Experiments Gone Horribly Wrong,32087
81,Military Experiments Gone Horribly Wrong,860
81,Military Experiments Gone Horribly Wrong,112481
81,Military Experiments Gone Horribly Wrong,2275
81,Military Experiments Gone Horribly Wrong,28260
81,Military Experiments Gone Horribly Wrong,14439
81,Military Experiments Gone Horribly Wrong,122857
81,Military Experiments Gone Horribly Wrong,106
81,Military Experiments Gone Horribly Wrong,10606
81,Military Experiments Gone Horribly Wrong,4722
81,Military Experiments Gone Horribly Wrong,9331
81,Military Experiments Gone Horribly Wrong,44023
81,Military Experiments Gone Horribly Wrong,10364
81,Military Experiments Gone Horribly Wrong,34814
81,Military Experiments Gone Horribly Wrong,24831
82,Underground Music Scene Time Capsules,501760
82,Underground Music Scene Time Capsules,53250
82,Underground Music Scene Time Capsules,60421
82,Underground Music Scene Time Capsules,8456
82,Underground Music Scene Time Capsules,186379
82,Underground Music Scene Time Capsules,365707
82,Underground Music Scene Time Capsules,21137
82,Underground Music Scene Time Capsules,109843
82,Underground Music Scene Time Capsules,12182
82,Underground Music Scene Time Capsules,16919
82,Underground Music Scene Time Capsules,42649
82,Underground Music Scene Time Capsules,81435
82,Underground Music Scene Time Capsules,67742
82,Underground Music Scene Time Capsules,821406
82,Underground Music Scene Time Capsules,550
82,Underground Music Scene Time Capsules,297265
82,Underground Music Scene Time Capsules,1843
82,Underground Music Scene Time Capsules,30645
82,Underground Music Scene Time Capsules,208054
82,Underground Music Scene Time Capsules,408637
82,Underground Music Scene Time Capsules,36799
82,Underground Music Scene Time Capsules,34113
82,Underground Music Scene Time Capsules,32451
82,Underground Music Scene Time Capsules,293572
82,Underground Music Scene Time Capsules,28742
82,Underground Music Scene Time Capsules,409035
82,Underground Music Scene Time Capsules,15570
82,Underground Music Scene Time Capsules,979
82,Underground Music Scene Time Capsules,2771
82,Underground Music Scene Time Capsules,41940
82,Underground Music Scene Time Capsules,655322
82,Underground Music Scene Time Capsules,723679
82,Underground Music Scene Time Capsules,185830
82,Underground Music Scene Time Capsules,107
82,Underground Music Scene Time Capsules,41964
82,Underground Music Scene Time Capsules,194926
82,Underground Music Scene Time Capsules,4975
82,Underground Music Scene Time Capsules,47219
82,Underground Music Scene Time Capsules,20980
82,Underground Music Scene Time Capsules,36725
82,Underground Music Scene Time Capsules,264308
82,Underground Music Scene Time Capsules,13817
82,Underground Music Scene Time Capsules,57082
82,Underground Music Scene Time Capsules,63100
82,Underground Music Scene Time Capsules,102653
82,Underground Music Scene Time Capsules,383
83,Early Hiroyuki Sanada Starring Roles,24961
83,Early Hiroyuki Sanada Starring Roles,43396
83,Early Hiroyuki Sanada Starring Roles,19592
83,Early Hiroyuki Sanada Starring Roles,54792
83,Early Hiroyuki Sanada Starring Roles,9738
83,Early Hiroyuki Sanada Starring Roles,28042
83,Early Hiroyuki Sanada Starring Roles,43148
83,Early Hiroyuki Sanada Starring Roles,154515
83,Early Hiroyuki Sanada Starring Roles,37658
83,Early Hiroyuki Sanada Starring Roles,82203
83,Early Hiroyuki Sanada Starring Roles,14239
83,Early Hiroyuki Sanada Starring Roles,44963
83,Early Hiroyuki Sanada Starring Roles,16806
83,Early Hiroyuki Sanada Starring Roles,31655
83,Early Hiroyuki Sanada Starring Roles,12584
83,Early Hiroyuki Sanada Starring Roles,9257
83,Early Hiroyuki Sanada Starring Roles,25645
83,Early Hiroyuki Sanada Starring Roles,15278
83,Early Hiroyuki Sanada Starring Roles,71853
83,Early Hiroyuki Sanada Starring Roles,34098
83,Early Hiroyuki Sanada Starring Roles,131766
83,Early Hiroyuki Sanada Starring Roles,26680
83,Early Hiroyuki Sanada Starring Roles,1979
83,Early Hiroyuki Sanada Starring Roles,239804
83,Early Hiroyuki Sanada Starring Roles,18813
83,Early Hiroyuki Sanada Starring Roles,62143
83,Early Hiroyuki Sanada Starring Roles,48249
83,Early Hiroyuki Sanada Starring Roles,24772
83,Early Hiroyuki Sanada Starring Roles,242631
83,Early Hiroyuki Sanada Starring Roles,1482
83,Early Hiroyuki Sanada Starring Roles,11338
83,Early Hiroyuki Sanada Starring Roles,28363
83,Early Hiroyuki Sanada Starring Roles,84426
83,Early Hiroyuki Sanada Starring Roles,11856
83,Early Hiroyuki Sanada Starring Roles,15184
83,Early Hiroyuki Sanada Starring Roles,59226
83,Early Hiroyuki Sanada Starring Roles,42205
83,Early Hiroyuki Sanada Starring Roles,118141
83,Early Hiroyuki Sanada Starring Roles,26337
83,Early Hiroyuki Sanada Starring Roles,68326
83,Early Hiroyuki Sanada Starring Roles,11496
83,Early Hiroyuki Sanada Starring Roles,52970
83,Early Hiroyuki Sanada Starring Roles,107
83,Early Hiroyuki Sanada Starring Roles,4972
83,Early Hiroyuki Sanada Starring Roles,15596
83,Early Hiroyuki Sanada Starring Roles,64877
83,Early Hiroyuki Sanada Starring Roles,120813
83,Early Hiroyuki Sanada Starring Roles,21620
83,Early Hiroyuki Sanada Starring Roles,2293
83,Early Hiroyuki Sanada Starring Roles,10486
83,Early Hiroyuki Sanada Starring Roles,41204
83,Early Hiroyuki Sanada Starring Roles,20857
83,Early Hiroyuki Sanada Starring Roles,31866
83,Early Hiroyuki Sanada Starring Roles,12796
83,Early Hiroyuki Sanada Starring Roles,11517
84,Fate Versus Free Will Films,121856
84,Fate Versus Free Will Films,10241
84,Fate Versus Free Will Films,577922
84,Fate Versus Free Will Films,35077
84,Fate Versus Free Will Films,40069
84,Fate Versus Free Will Films,24959
84,Fate Versus Free Will Films,98567
84,Fate Versus Free Will Films,782
84,Fate Versus Free Will Films,9358
84,Fate Versus Free Will Films,665742
84,Fate Versus Free Will Films,45713
84,Fate Versus Free Will Films,328595
84,Fate Versus Free Will Films,206487
84,Fate Versus Free Will Films,430231
84,Fate Versus Free Will Films,114201
84,Fate Versus Free Will Films,18971
84,Fate Versus Free Will Films,879901
84,Fate Versus Free Will Films,1954
84,Fate Versus Free Will Films,13986
84,Fate Versus Free Will Films,13475
84,Fate Versus Free Will Films,31011
84,Fate Versus Free Will Films,276908
84,Fate Versus Free Will Films,9778
84,Fate Versus Free Will Films,109491
84,Fate Versus Free Will Films,180
84,Fate Versus Free Will Films,310
84,Fate Versus Free Will Films,185
84,Fate Versus Free Will Films,218425
84,Fate Versus Free Will Films,14139
84,Fate Versus Free Will Films,9532
84,Fate Versus Free Will Films,604605
84,Fate Versus Free Will Films,939072
84,Fate Versus Free Will Films,41154
84,Fate Versus Free Will Films,42691
84,Fate Versus Free Will Films,828613
84,Fate Versus Free Will Films,9286
84,Fate Versus Free Will Films,19912
84,Fate Versus Free Will Films,8909
84,Fate Versus Free Will Films,1487
84,Fate Versus Free Will Films,14295
84,Fate Versus Free Will Films,268641
84,Fate Versus Free Will Films,9058
84,Fate Versus Free Will Films,55779
84,Fate Versus Free Will Films,24420
84,Fate Versus Free Will Films,10215
84,Fate Versus Free Will Films,7551
84,Fate Versus Free Will Films,32233
84,Fate Versus Free Will Films,9963
84,Fate Versus Free Will Films,37100
84,Fate Versus Free Will Films,201579
84,Fate Versus Free Will Films,110
84,Fate Versus Free Will Films,1262
84,Fate Versus Free Will Films,24559
84,Fate Versus Free Will Films,273271
84,Fate Versus Free Will Films,10744
84,Fate Versus Free Will Films,127
85,Immigrant Dreams in Urban America,17030
85,Immigrant Dreams in Urban America,10511
85,Immigrant Dreams in Urban America,40082
85,Immigrant Dreams in Urban America,593427
85,Immigrant Dreams in Urban America,9763
85,Immigrant Dreams in Urban America,45219
85,Immigrant Dreams in Urban America,310307
85,Immigrant Dreams in Urban America,1574
85,Immigrant Dreams in Urban America,18603
85,Immigrant Dreams in Urban America,11698
85,Immigrant Dreams in Urban America,371638
85,Immigrant Dreams in Urban America,56764
85,Immigrant Dreams in Urban America,36288
85,Immigrant Dreams in Urban America,38722
85,Immigrant Dreams in Urban America,2755
85,Immigrant Dreams in Urban America,15555
85,Immigrant Dreams in Urban America,50627
85,Immigrant Dreams in Urban America,85956
85,Immigrant Dreams in Urban America,455
85,Immigrant Dreams in Urban America,467909
85,Immigrant Dreams in Urban America,1993
85,Immigrant Dreams in Urban America,104394
85,Immigrant Dreams in Urban America,26320
85,Immigrant Dreams in Urban America,35583
85,Immigrant Dreams in Urban America,42451
85,Immigrant Dreams in Urban America,469
85,Immigrant Dreams in Urban America,440918
85,Immigrant Dreams in Urban America,615643
85,Immigrant Dreams in Urban America,257245
85,Immigrant Dreams in Urban America,32223
85,Immigrant Dreams in Urban America,264416
85,Immigrant Dreams in Urban America,30177
85,Immigrant Dreams in Urban America,39786
85,Immigrant Dreams in Urban America,111
85,Immigrant Dreams in Urban America,38135
85,Immigrant Dreams in Urban America,42488
85,Immigrant Dreams in Urban America,11259
85,Immigrant Dreams in Urban America,2302
85,Immigrant Dreams in Urban America,34943
86,Crime Capers With Heart,640
86,Crime Capers With Heart,769
86,Crime Capers With Heart,8065
86,Crime Capers With Heart,25473
86,Crime Capers With Heart,8333
86,Crime Capers With Heart,400
86,Crime Capers With Heart,37911
86,Crime Capers With Heart,27036
86,Crime Capers With Heart,1949
86,Crime Capers With Heart,29470
86,Crime Capers With Heart,20769
86,Crime Capers With Heart,19618
86,Crime Capers With Heart,29473
86,Crime Capers With Heart,320675
86,Crime Capers With Heart,934
86,Crime Capers With Heart,1574
86,Crime Capers With Heart,12582
86,Crime Capers With Heart,681
86,Crime Capers With Heart,14886
86,Crime Capers With Heart,96171
86,Crime Capers With Heart,17966
86,Crime Capers With Heart,4911
86,Crime Capers With Heart,23342
86,Crime Capers With Heart,1075
86,Crime Capers With Heart,41780
86,Crime Capers With Heart,76851
86,Crime Capers With Heart,567
86,Crime Capers With Heart,311
86,Crime Capers With Heart,16311
86,Crime Capers With Heart,6977
86,Crime Capers With Heart,32961
86,Crime Capers With Heart,37956
86,Crime Capers With Heart,13899
86,Crime Capers With Heart,16723
86,Crime Capers With Heart,26712
86,Crime Capers With Heart,15321
86,Crime Capers With Heart,476
86,Crime Capers With Heart,10589
86,Crime Capers With Heart,34652
86,Crime Capers With Heart,64605
86,Crime Capers With Heart,36321
86,Crime Capers With Heart,192097
86,Crime Capers With Heart,64611
86,Crime Capers With Heart,20075
86,Crime Capers With Heart,46059
86,Crime Capers With Heart,36334
86,Crime Capers With Heart,111
86,Crime Capers With Heart,259695
86,Crime Capers With Heart,242
86,Crime Capers With Heart,320882
86,Crime Capers With Heart,156022
86,Crime Capers With Heart,19959
86,Crime Capers With Heart,381
86,Crime Capers With Heart,21502
86,Crime Capers With Heart,12543
87,Wong Kar Wai Influenced Films,643
87,Wong Kar Wai Influenced Films,16388
87,Wong Kar Wai Influenced Films,15244
87,Wong Kar Wai Influenced Films,587130
87,Wong Kar Wai Influenced Films,72079
87,Wong Kar Wai Influenced Films,197010
87,Wong Kar Wai Influenced Films,52627
87,Wong Kar Wai Influenced Films,24212
87,Wong Kar Wai Influenced Films,43798
87,Wong Kar Wai Influenced Films,79000
87,Wong Kar Wai Influenced Films,105757
87,Wong Kar Wai Influenced Films,544415
87,Wong Kar Wai Influenced Films,1696
87,Wong Kar Wai Influenced Films,133919
87,Wong Kar Wai Influenced Films,56358
87,Wong Kar Wai Influenced Films,110761
87,Wong Kar Wai Influenced Films,9902
87,Wong Kar Wai Influenced Films,206647
87,Wong Kar Wai Influenced Films,65592
87,Wong Kar Wai Influenced Films,1598
87,Wong Kar Wai Influenced Films,567103
87,Wong Kar Wai Influenced Films,600000
87,Wong Kar Wai Influenced Films,11841
87,Wong Kar Wai Influenced Films,25538
87,Wong Kar Wai Influenced Films,30788
87,Wong Kar Wai Influenced Films,82120
87,Wong Kar Wai Influenced Films,11081
87,Wong Kar Wai Influenced Films,9675
87,Wong Kar Wai Influenced Films,127822
87,Wong Kar Wai Influenced Films,11599
87,Wong Kar Wai Influenced Films,175953
87,Wong Kar Wai Influenced Films,9556
87,Wong Kar Wai Influenced Films,34647
87,Wong Kar Wai Influenced Films,653528
87,Wong Kar Wai Influenced Films,860
87,Wong Kar Wai Influenced Films,9696
87,Wong Kar Wai Influenced Films,27233
87,Wong Kar Wai Influenced Films,32100
87,Wong Kar Wai Influenced Films,2662
87,Wong Kar Wai Influenced Films,371560
87,Wong Kar Wai Influenced Films,2666
87,Wong Kar Wai Influenced Films,9323
87,Wong Kar Wai Influenced Films,36971
87,Wong Kar Wai Influenced Films,111
87,Wong Kar Wai Influenced Films,43636
87,Wong Kar Wai Influenced Films,18421
87,Wong Kar Wai Influenced Films,76406
87,Wong Kar Wai Influenced Films,12535
87,Wong Kar Wai Influenced Films,355066
87,Wong Kar Wai Influenced Films,22779
87,Wong Kar Wai Influenced Films,42495
88,Orphans Finding Magical New Families,44559
88,Orphans Finding Magical New Families,784
88,Orphans Finding Magical New Families,99351
88,Orphans Finding Magical New Families,5528
88,Orphans Finding Magical New Families,19995
88,Orphans Finding Magical New Families,926
88,Orphans Finding Magical New Families,11172
88,Orphans Finding Magical New Families,2470
88,Orphans Finding Magical New Families,13223
88,Orphans Finding Magical New Families,10539
88,Orphans Finding Magical New Families,28971
88,Orphans Finding Magical New Families,941
88,Orphans Finding Magical New Families,159406
88,Orphans Finding Magical New Families,457262
88,Orphans Finding Magical New Families,1584
88,Orphans Finding Magical New Families,17592
88,Orphans Finding Magical New Families,12473
88,Orphans Finding Magical New Families,953
88,Orphans Finding Magical New Families,28345
88,Orphans Finding Magical New Families,37049
88,Orphans Finding Magical New Families,111037
88,Orphans Finding Magical New Families,13374
88,Orphans Finding Magical New Families,206408
88,Orphans Finding Magical New Families,15433
88,Orphans Finding Magical New Families,37200
88,Orphans Finding Magical New Families,9425
88,Orphans Finding Magical New Families,81616
88,Orphans Finding Magical New Families,39254
88,Orphans Finding Magical New Families,14298
88,Orphans Finding Magical New Families,114266
88,Orphans Finding Magical New Families,667869
88,Orphans Finding Magical New Families,51170
88,Orphans Finding Magical New Families,42342
88,Orphans Finding Magical New Families,45799
88,Orphans Finding Magical New Families,664423
88,Orphans Finding Magical New Families,1034474
88,Orphans Finding Magical New Families,115821
88,Orphans Finding Magical New Families,112
88,Orphans Finding Magical New Families,34672
88,Orphans Finding Magical New Families,1653
88,Orphans Finding Magical New Families,10747
88,Orphans Finding Magical New Families,562942
89,Eastern Mysticism in Western Cinema,666243
89,Eastern Mysticism in Western Cinema,20873
89,Eastern Mysticism in Western Cinema,23305
89,Eastern Mysticism in Western Cinema,162057
89,Eastern Mysticism in Western Cinema,68365
89,Eastern Mysticism in Western Cinema,3598
89,Eastern Mysticism in Western Cinema,67342
89,Eastern Mysticism in Western Cinema,355600
89,Eastern Mysticism in Western Cinema,284052
89,Eastern Mysticism in Western Cinema,2325
89,Eastern Mysticism in Western Cinema,91030
89,Eastern Mysticism in Western Cinema,44695
89,Eastern Mysticism in Western Cinema,10136
89,Eastern Mysticism in Western Cinema,1439
89,Eastern Mysticism in Western Cinema,38563
89,Eastern Mysticism in Western Cinema,45736
89,Eastern Mysticism in Western Cinema,19124
89,Eastern Mysticism in Western Cinema,4538
89,Eastern Mysticism in Western Cinema,2111
89,Eastern Mysticism in Western Cinema,1600
89,Eastern Mysticism in Western Cinema,54848
89,Eastern Mysticism in Western Cinema,6978
89,Eastern Mysticism in Western Cinema,56135
89,Eastern Mysticism in Western Cinema,277582
89,Eastern Mysticism in Western Cinema,978
89,Eastern Mysticism in Western Cinema,4820
89,Eastern Mysticism in Western Cinema,108758
89,Eastern Mysticism in Western Cinema,101591
89,Eastern Mysticism in Western Cinema,271706
89,Eastern Mysticism in Western Cinema,15067
89,Eastern Mysticism in Western Cinema,33126
89,Eastern Mysticism in Western Cinema,17897
89,Eastern Mysticism in Western Cinema,746
89,Eastern Mysticism in Western Cinema,48492
89,Eastern Mysticism in Western Cinema,14830
89,Eastern Mysticism in Western Cinema,14831
89,Eastern Mysticism in Western Cinema,97519
89,Eastern Mysticism in Western Cinema,113
89,Eastern Mysticism in Western Cinema,864370
89,Eastern Mysticism in Western Cinema,1907
89,Eastern Mysticism in Western Cinema,28148
89,Eastern Mysticism in Western Cinema,9461
89,Eastern Mysticism in Western Cinema,41077
89,Eastern Mysticism in Western Cinema,76406
89,Eastern Mysticism in Western Cinema,393338
89,Eastern Mysticism in Western Cinema,255996
89,Eastern Mysticism in Western Cinema,1507966
90,Banned Films That Changed Cinema,595841
90,Banned Films That Changed Cinema,770
90,Banned Films That Changed Cinema,643
90,Banned Films That Changed Cinema,389
90,Banned Films That Changed Cinema,391
90,Banned Films That Changed Cinema,8840
90,Banned Films That Changed Cinema,654
90,Banned Films That Changed Cinema,42006
90,Banned Films That Changed Cinema,793
90,Banned Films That Changed Cinema,11033
90,Banned Films That Changed Cinema,85535
90,Banned Films That Changed Cinema,44065
90,Banned Films That Changed Cinema,11176
90,Banned Films That Changed Cinema,1357481
90,Banned Films That Changed Cinema,79274
90,Banned Films That Changed Cinema,939
90,Banned Films That Changed Cinema,598826
90,Banned Films That Changed Cinema,62382
90,Banned Films That Changed Cinema,15412
90,Banned Films That Changed Cinema,1978
90,Banned Films That Changed Cinema,5822
90,Banned Films That Changed Cinema,1089
90,Banned Films That Changed Cinema,197
90,Banned Films That Changed Cinema,11462
90,Banned Films That Changed Cinema,31432
90,Banned Films That Changed Cinema,329
90,Banned Films That Changed Cinema,1491145
90,Banned Films That Changed Cinema,203
90,Banned Films That Changed Cinema,791373
90,Banned Films That Changed Cinema,44494
90,Banned Films That Changed Cinema,21463
90,Banned Films That Changed Cinema,263640
90,Banned Films That Changed Cinema,218
90,Banned Films That Changed Cinema,604
90,Banned Films That Changed Cinema,88285
90,Banned Films That Changed Cinema,1891
90,Banned Films That Changed Cinema,3175
90,Banned Films That Changed Cinema,191720
90,Banned Films That Changed Cinema,1643
90,Banned Films That Changed Cinema,114
90,Banned Films That Changed Cinema,627
90,Banned Films That Changed Cinema,500
90,Banned Films That Changed Cinema,58227
90,Banned Films That Changed Cinema,3062
90,Banned Films That Changed Cinema,10998
90,Banned Films That Changed Cinema,121
90,Banned Films That Changed Cinema,15484
91,PBS Heroes Fighting For Change,271110
91,PBS Heroes Fighting For Change,18823
91,PBS Heroes Fighting For Change,490003
91,PBS Heroes Fighting For Change,8854
91,PBS Heroes Fighting For Change,21142
91,PBS Heroes Fighting For Change,433049
91,PBS Heroes Fighting For Change,615453
91,PBS Heroes Fighting For Change,122787
91,PBS Heroes Fighting For Change,567971
91,PBS Heroes Fighting For Change,1573
91,PBS Heroes Fighting For Change,10281
91,PBS Heroes Fighting For Change,940
91,PBS Heroes Fighting For Change,37036
91,PBS Heroes Fighting For Change,17710
91,PBS Heroes Fighting For Change,91694
91,PBS Heroes Fighting For Change,114606
91,PBS Heroes Fighting For Change,522938
91,PBS Heroes Fighting For Change,9531
91,PBS Heroes Fighting For Change,41276
91,PBS Heroes Fighting For Change,11713
91,PBS Heroes Fighting For Change,19140
91,PBS Heroes Fighting For Change,22855
91,PBS Heroes Fighting For Change,191562
91,PBS Heroes Fighting For Change,96715
91,PBS Heroes Fighting For Change,128206
91,PBS Heroes Fighting For Change,57680
91,PBS Heroes Fighting For Change,432851
91,PBS Heroes Fighting For Change,290773
91,PBS Heroes Fighting For Change,2007
91,PBS Heroes Fighting For Change,13400
91,PBS Heroes Fighting For Change,209112
91,PBS Heroes Fighting For Change,14554
91,PBS Heroes Fighting For Change,3040
91,PBS Heroes Fighting For Change,30432
91,PBS Heroes Fighting For Change,398181
91,PBS Heroes Fighting For Change,42087
91,PBS Heroes Fighting For Change,18410
91,PBS Heroes Fighting For Change,115
91,PBS Heroes Fighting For Change,10869
91,PBS Heroes Fighting For Change,9463
91,PBS Heroes Fighting For Change,4984
91,PBS Heroes Fighting For Change,355065
92,Class Conscious British Heist Films,17920
92,Class Conscious British Heist Films,16899
92,Class Conscious British Heist Films,42758
92,Class Conscious British Heist Films,71688
92,Class Conscious British Heist Films,60041
92,Class Conscious British Heist Films,26124
92,Class Conscious British Heist Films,39948
92,Class Conscious British Heist Films,41996
92,Class Conscious British Heist Films,64655
92,Class Conscious British Heist Films,284689
92,Class Conscious British Heist Films,51863
92,Class Conscious British Heist Films,12568
92,Class Conscious British Heist Films,13849
92,Class Conscious British Heist Films,120729
92,Class Conscious British Heist Films,29596
92,Class Conscious British Heist Films,51618
92,Class Conscious British Heist Films,35494
92,Class Conscious British Heist Films,44201
92,Class Conscious British Heist Films,276907
92,Class Conscious British Heist Films,30892
92,Class Conscious British Heist Films,54316
92,Class Conscious British Heist Films,43438
92,Class Conscious British Heist Films,43439
92,Class Conscious British Heist Films,52270
92,Class Conscious British Heist Films,74544
92,Class Conscious British Heist Films,26290
92,Class Conscious British Heist Films,9267
92,Class Conscious British Heist Films,13365
92,Class Conscious British Heist Films,44472
92,Class Conscious British Heist Films,704
92,Class Conscious British Heist Films,603206
92,Class Conscious British Heist Films,14794
92,Class Conscious British Heist Films,1162700
92,Class Conscious British Heist Films,18893
92,Class Conscious British Heist Films,16463
92,Class Conscious British Heist Films,39893
92,Class Conscious British Heist Films,294741
92,Class Conscious British Heist Films,64984
92,Class Conscious British Heist Films,123354
92,Class Conscious British Heist Films,1123298
92,Class Conscious British Heist Films,11619
92,Class Conscious British Heist Films,102903
92,Class Conscious British Heist Films,508003
92,Class Conscious British Heist Films,44009
92,Class Conscious British Heist Films,356842
92,Class Conscious British Heist Films,42987
92,Class Conscious British Heist Films,787434
92,Class Conscious British Heist Films,42989
92,Class Conscious British Heist Films,49391
92,Class Conscious British Heist Films,28784
92,Class Conscious British Heist Films,438259
92,Class Conscious British Heist Films,116
92,Class Conscious British Heist Films,44023
92,Class Conscious British Heist Films,535544
92,Class Conscious British Heist Films,50553
92,Class Conscious British Heist Films,444539
92,Class Conscious British Heist Films,22908
93,Classic To Modern Noir Bridge,19200
93,Classic To Modern Noir Bridge,33924
93,Classic To Modern Noir Bridge,504582
93,Classic To Modern Noir Bridge,22160
93,Classic To Modern Noir Bridge,1938
93,Classic To Modern Noir Bridge,1939
93,Classic To Modern Noir Bridge,30614
93,Classic To Modern Noir Bridge,27034
93,Classic To Modern Noir Bridge,38042
93,Classic To Modern Noir Bridge,25501
93,Classic To Modern Noir Bridge,74525
93,Classic To Modern Noir Bridge,25506
93,Classic To Modern Noir Bridge,32048
93,Classic To Modern Noir Bridge,28467
93,Classic To Modern Noir Bridge,31924
93,Classic To Modern Noir Bridge,3766
93,Classic To Modern Noir Bridge,89656
93,Classic To Modern Noir Bridge,1978
93,Classic To Modern Noir Bridge,189
93,Classic To Modern Noir Bridge,31167
93,Classic To Modern Noir Bridge,2112
93,Classic To Modern Noir Bridge,2118
93,Classic To Modern Noir Bridge,27974
93,Classic To Modern Noir Bridge,14412
93,Classic To Modern Noir Bridge,4174
93,Classic To Modern Noir Bridge,47056
93,Classic To Modern Noir Bridge,18129
93,Classic To Modern Noir Bridge,466
93,Classic To Modern Noir Bridge,4823
93,Classic To Modern Noir Bridge,9303
93,Classic To Modern Noir Bridge,90077
93,Classic To Modern Noir Bridge,31583
93,Classic To Modern Noir Bridge,19171
93,Classic To Modern Noir Bridge,37992
93,Classic To Modern Noir Bridge,11498
93,Classic To Modern Noir Bridge,116
93,Classic To Modern Noir Bridge,86903
93,Classic To Modern Noir Bridge,4990
94,Noir Directors Tackle War Genre,1024
94,Noir Directors Tackle War Genre,35200
94,Noir Directors Tackle War Genre,8067
94,Noir Directors Tackle War Genre,246403
94,Noir Directors Tackle War Genre,54663
94,Noir Directors Tackle War Genre,26378
94,Noir Directors Tackle War Genre,38027
94,Noir Directors Tackle War Genre,60304
94,Noir Directors Tackle War Genre,84499
94,Noir Directors Tackle War Genre,10390
94,Noir Directors Tackle War Genre,69784
94,Noir Directors Tackle War Genre,72602
94,Noir Directors Tackle War Genre,26652
94,Noir Directors Tackle War Genre,535581
94,Noir Directors Tackle War Genre,41889
94,Noir Directors Tackle War Genre,1955
94,Noir Directors Tackle War Genre,38319
94,Noir Directors Tackle War Genre,19761
94,Noir Directors Tackle War Genre,6963
94,Noir Directors Tackle War Genre,61370
94,Noir Directors Tackle War Genre,87358
94,Noir Directors Tackle War Genre,5056
94,Noir Directors Tackle War Genre,9796
94,Noir Directors Tackle War Genre,916807
94,Noir Directors Tackle War Genre,82379
94,Noir Directors Tackle War Genre,42702
94,Noir Directors Tackle War Genre,4175
94,Noir Directors Tackle War Genre,36943
94,Noir Directors Tackle War Genre,63311
94,Noir Directors Tackle War Genre,41682
94,Noir Directors Tackle War Genre,27475
94,Noir Directors Tackle War Genre,68692
94,Noir Directors Tackle War Genre,11607
94,Noir Directors Tackle War Genre,40157
94,Noir Directors Tackle War Genre,28638
94,Noir Directors Tackle War Genre,10725
94,Noir Directors Tackle War Genre,333669
94,Noir Directors Tackle War Genre,419430
94,Noir Directors Tackle War Genre,58733
94,Noir Directors Tackle War Genre,72559
94,Noir Directors Tackle War Genre,118908
94,Noir Directors Tackle War Genre,116
94,Noir Directors Tackle War Genre,2044
94,Noir Directors Tackle War Genre,23807
95,Post Watergate Cynical Crime Films,108426
95,Post Watergate Cynical Crime Films,26635
95,Post Watergate Cynical Crime Films,94348
95,Post Watergate Cynical Crime Films,269
95,Post Watergate Cynical Crime Films,1422
95,Post Watergate Cynical Crime Films,33423
95,Post Watergate Cynical Crime Films,47504
95,Post Watergate Cynical Crime Films,130066
95,Post Watergate Cynical Crime Films,504603
95,Post Watergate Cynical Crime Films,27292
95,Post Watergate Cynical Crime Films,130717
95,Post Watergate Cynical Crime Films,10656
95,Post Watergate Cynical Crime Films,8867
95,Post Watergate Cynical Crime Films,7972
95,Post Watergate Cynical Crime Films,152742
95,Post Watergate Cynical Crime Films,23847
95,Post Watergate Cynical Crime Films,32040
95,Post Watergate Cynical Crime Films,43051
95,Post Watergate Cynical Crime Films,11315
95,Post Watergate Cynical Crime Films,184
95,Post Watergate Cynical Crime Films,344120
95,Post Watergate Cynical Crime Films,412988
95,Post Watergate Cynical Crime Films,574396
95,Post Watergate Cynical Crime Films,10431
95,Post Watergate Cynical Crime Films,39494
95,Post Watergate Cynical Crime Films,41158
95,Post Watergate Cynical Crime Films,10952
95,Post Watergate Cynical Crime Films,49607
95,Post Watergate Cynical Crime Films,203
95,Post Watergate Cynical Crime Films,42702
95,Post Watergate Cynical Crime Films,97531
95,Post Watergate Cynical Crime Films,11088
95,Post Watergate Cynical Crime Films,25680
95,Post Watergate Cynical Crime Films,47312
95,Post Watergate Cynical Crime Films,98255
95,Post Watergate Cynical Crime Films,27092
95,Post Watergate Cynical Crime Films,290773
95,Post Watergate Cynical Crime Films,97367
95,Post Watergate Cynical Crime Films,104153
95,Post Watergate Cynical Crime Films,42203
95,Post Watergate Cynical Crime Films,31583
95,Post Watergate Cynical Crime Films,13154
95,Post Watergate Cynical Crime Films,22242
95,Post Watergate Cynical Crime Films,24163
95,Post Watergate Cynical Crime Films,64611
95,Post Watergate Cynical Crime Films,75622
95,Post Watergate Cynical Crime Films,471014
95,Post Watergate Cynical Crime Films,497768
95,Post Watergate Cynical Crime Films,2153
95,Post Watergate Cynical Crime Films,32620
95,Post Watergate Cynical Crime Films,242
95,Post Watergate Cynical Crime Films,593395
95,Post Watergate Cynical Crime Films,117
95,Post Watergate Cynical Crime Films,42741
95,Post Watergate Cynical Crime Films,25719
95,Post Watergate Cynical Crime Films,199928
95,Post Watergate Cynical Crime Films,500475
95,Post Watergate Cynical Crime Films,10237
96,Cops Hunting Their Own Kind,9600
96,Cops Hunting Their Own Kind,85889
96,Cops Hunting Their Own Kind,13572
96,Cops Hunting Their Own Kind,33924
96,Cops Hunting Their Own Kind,11782
96,Cops Hunting Their Own Kind,199818
96,Cops Hunting Their Own Kind,22924
96,Cops Hunting Their Own Kind,255756
96,Cops Hunting Their Own Kind,28047
96,Cops Hunting Their Own Kind,9618
96,Cops Hunting Their Own Kind,9491
96,Cops Hunting Their Own Kind,26390
96,Cops Hunting Their Own Kind,10648
96,Cops Hunting Their Own Kind,14362
96,Cops Hunting Their Own Kind,9631
96,Cops Hunting Their Own Kind,163
96,Cops Hunting Their Own Kind,6951
96,Cops Hunting Their Own Kind,1662
96,Cops Hunting Their Own Kind,22314
96,Cops Hunting Their Own Kind,26283
96,Cops Hunting Their Own Kind,36522
96,Cops Hunting Their Own Kind,2099
96,Cops Hunting Their Own Kind,180
96,Cops Hunting Their Own Kind,11060
96,Cops Hunting Their Own Kind,269494
96,Cops Hunting Their Own Kind,605116
96,Cops Hunting Their Own Kind,18877
96,Cops Hunting Their Own Kind,5955
96,Cops Hunting Their Own Kind,106054
96,Cops Hunting Their Own Kind,9799
96,Cops Hunting Their Own Kind,14664
96,Cops Hunting Their Own Kind,2001
96,Cops Hunting Their Own Kind,10835
96,Cops Hunting Their Own Kind,30036
96,Cops Hunting Their Own Kind,984
96,Cops Hunting Their Own Kind,14937
96,Cops Hunting Their Own Kind,2142
96,Cops Hunting Their Own Kind,300000
96,Cops Hunting Their Own Kind,10723
96,Cops Hunting Their Own Kind,84324
96,Cops Hunting Their Own Kind,10345
96,Cops Hunting Their Own Kind,11375
96,Cops Hunting Their Own Kind,320882
96,Cops Hunting Their Own Kind,117
96,Cops Hunting Their Own Kind,9846
96,Cops Hunting Their Own Kind,42741
96,Cops Hunting Their Own Kind,12153
96,Cops Hunting Their Own Kind,4990
97,Pre Digital Effects Masterpieces,8961
97,Pre Digital Effects Masterpieces,22915
97,Pre Digital Effects Masterpieces,820232
97,Pre Digital Effects Masterpieces,8843
97,Pre Digital Effects Masterpieces,152
97,Pre Digital Effects Masterpieces,24734
97,Pre Digital Effects Masterpieces,122917
97,Pre Digital Effects Masterpieces,218805
97,Pre Digital Effects Masterpieces,277685
97,Pre Digital Effects Masterpieces,5048
97,Pre Digital Effects Masterpieces,65083
97,Pre Digital Effects Masterpieces,189
97,Pre Digital Effects Masterpieces,654144
97,Pre Digital Effects Masterpieces,52034
97,Pre Digital Effects Masterpieces,34372
97,Pre Digital Effects Masterpieces,57158
97,Pre Digital Effects Masterpieces,11849
97,Pre Digital Effects Masterpieces,35671
97,Pre Digital Effects Masterpieces,2137
97,Pre Digital Effects Masterpieces,217
97,Pre Digital Effects Masterpieces,127323
97,Pre Digital Effects Masterpieces,861
97,Pre Digital Effects Masterpieces,69469
97,Pre Digital Effects Masterpieces,432606
97,Pre Digital Effects Masterpieces,10208
97,Pre Digital Effects Masterpieces,12129
97,Pre Digital Effects Masterpieces,1892
97,Pre Digital Effects Masterpieces,1893
97,Pre Digital Effects Masterpieces,15206
97,Pre Digital Effects Masterpieces,11114
97,Pre Digital Effects Masterpieces,1388
97,Pre Digital Effects Masterpieces,29425
97,Pre Digital Effects Masterpieces,114034
97,Pre Digital Effects Masterpieces,118
97,Pre Digital Effects Masterpieces,73208
97,Pre Digital Effects Masterpieces,122
97,Pre Digital Effects Masterpieces,123
97,Pre Digital Effects Masterpieces,9598
98,Practical Effects Fantasy Masterpieces,902
98,Practical Effects Fantasy Masterpieces,150535
98,Practical Effects Fantasy Masterpieces,1417
98,Practical Effects Fantasy Masterpieces,37530
98,Practical Effects Fantasy Masterpieces,11163
98,Practical Effects Fantasy Masterpieces,49051
98,Practical Effects Fantasy Masterpieces,14495
98,Practical Effects Fantasy Masterpieces,24100
98,Practical Effects Fantasy Masterpieces,33061
98,Practical Effects Fantasy Masterpieces,124324
98,Practical Effects Fantasy Masterpieces,9387
98,Practical Effects Fantasy Masterpieces,12335
98,Practical Effects Fantasy Masterpieces,2619
98,Practical Effects Fantasy Masterpieces,92349
98,Practical Effects Fantasy Masterpieces,6978
98,Practical Effects Fantasy Masterpieces,13764
98,Practical Effects Fantasy Masterpieces,27850
98,Practical Effects Fantasy Masterpieces,8779
98,Practical Effects Fantasy Masterpieces,70349
98,Practical Effects Fantasy Masterpieces,149837
98,Practical Effects Fantasy Masterpieces,4558
98,Practical Effects Fantasy Masterpieces,848
98,Practical Effects Fantasy Masterpieces,849
98,Practical Effects Fantasy Masterpieces,33743
98,Practical Effects Fantasy Masterpieces,36819
98,Practical Effects Fantasy Masterpieces,904020
98,Practical Effects Fantasy Masterpieces,111960
98,Practical Effects Fantasy Masterpieces,32985
98,Practical Effects Fantasy Masterpieces,4442
98,Practical Effects Fantasy Masterpieces,9050
98,Practical Effects Fantasy Masterpieces,56800
98,Practical Effects Fantasy Masterpieces,11236
98,Practical Effects Fantasy Masterpieces,24808
98,Practical Effects Fantasy Masterpieces,41965
98,Practical Effects Fantasy Masterpieces,689390
98,Practical Effects Fantasy Masterpieces,24816
98,Practical Effects Fantasy Masterpieces,48242
98,Practical Effects Fantasy Masterpieces,63859
98,Practical Effects Fantasy Masterpieces,11253
98,Practical Effects Fantasy Masterpieces,8054
98,Practical Effects Fantasy Masterpieces,11639
98,Practical Effects Fantasy Masterpieces,122
98,Practical Effects Fantasy Masterpieces,83965
98,Practical Effects Fantasy Masterpieces,8703
99,Adult Animation Breaking Genre Boundaries,133121
99,Adult Animation Breaking Genre Boundaries,666243
99,Adult Animation Breaking Genre Boundaries,547588
99,Adult Animation Breaking Genre Boundaries,27273
99,Adult Animation Breaking Genre Boundaries,63498
99,Adult Animation Breaking Genre Boundaries,130445
99,Adult Animation Breaking Genre Boundaries,295693
99,Adult Animation Breaking Genre Boundaries,36751
99,Adult Animation Breaking Genre Boundaries,95380
99,Adult Animation Breaking Genre Boundaries,29204
99,Adult Animation Breaking Genre Boundaries,7450
99,Adult Animation Breaking Genre Boundaries,14239
99,Adult Animation Breaking Genre Boundaries,22561
99,Adult Animation Breaking Genre Boundaries,879137
99,Adult Animation Breaking Genre Boundaries,24238
99,Adult Animation Breaking Genre Boundaries,46126
99,Adult Animation Breaking Genre Boundaries,12593
99,Adult Animation Breaking Genre Boundaries,38577
99,Adult Animation Breaking Genre Boundaries,11827
99,Adult Animation Breaking Genre Boundaries,90034
99,Adult Animation Breaking Genre Boundaries,926899
99,Adult Animation Breaking Genre Boundaries,435129
99,Adult Animation Breaking Genre Boundaries,15035
99,Adult Animation Breaking Genre Boundaries,40123
99,Adult Animation Breaking Genre Boundaries,11837
99,Adult Animation Breaking Genre Boundaries,1857
99,Adult Animation Breaking Genre Boundaries,13640
99,Adult Animation Breaking Genre Boundaries,32202
99,Adult Animation Breaking Genre Boundaries,64847
99,Adult Animation Breaking Genre Boundaries,8916
99,Adult Animation Breaking Genre Boundaries,223702
99,Adult Animation Breaking Genre Boundaries,14683
99,Adult Animation Breaking Genre Boundaries,518747
99,Adult Animation Breaking Genre Boundaries,16225
99,Adult Animation Breaking Genre Boundaries,582881
99,Adult Animation Breaking Genre Boundaries,75491
99,Adult Animation Breaking Genre Boundaries,396899
99,Adult Animation Breaking Genre Boundaries,22501
99,Adult Animation Breaking Genre Boundaries,21356
99,Adult Animation Breaking Genre Boundaries,30060
99,Adult Animation Breaking Genre Boundaries,19311
99,Adult Animation Breaking Genre Boundaries,625651
99,Adult Animation Breaking Genre Boundaries,453364
99,Adult Animation Breaking Genre Boundaries,355066
99,Adult Animation Breaking Genre Boundaries,123
100,Mixed Media Animation Breakthrough Films,20352
100,Mixed Media Animation Breakthrough Films,9473
100,Mixed Media Animation Breakthrough Films,30593
100,Mixed Media Animation Breakthrough Films,106112
100,Mixed Media Animation Breakthrough Films,689024
100,Mixed Media Animation Breakthrough Films,9487
100,Mixed Media Animation Breakthrough Films,37135
100,Mixed Media Animation Breakthrough Films,530
100,Mixed Media Animation Breakthrough Films,7443
100,Mixed Media Animation Breakthrough Films,32532
100,Mixed Media Animation Breakthrough Films,29204
100,Mixed Media Animation Breakthrough Films,629014
100,Mixed Media Animation Breakthrough Films,15257
100,Mixed Media Animation Breakthrough Films,615453
100,Mixed Media Animation Breakthrough Films,36129
100,Mixed Media Animation Breakthrough Films,425
100,Mixed Media Animation Breakthrough Films,12589
100,Mixed Media Animation Breakthrough Films,45745
100,Mixed Media Animation Breakthrough Films,11827
100,Mixed Media Animation Breakthrough Films,8885
100,Mixed Media Animation Breakthrough Films,457784
100,Mixed Media Animation Breakthrough Films,55931
100,Mixed Media Animation Breakthrough Films,15035
100,Mixed Media Animation Breakthrough Films,358332
100,Mixed Media Animation Breakthrough Films,14919
100,Mixed Media Animation Breakthrough Films,8779
100,Mixed Media Animation Breakthrough Films,160332
100,Mixed Media Animation Breakthrough Films,21712
100,Mixed Media Animation Breakthrough Films,9297
100,Mixed Media Animation Breakthrough Films,22611
100,Mixed Media Animation Breakthrough Films,330457
100,Mixed Media Animation Breakthrough Films,2011
100,Mixed Media Animation Breakthrough Films,862
100,Mixed Media Animation Breakthrough Films,863
100,Mixed Media Animation Breakthrough Films,3170
100,Mixed Media Animation Breakthrough Films,20579
100,Mixed Media Animation Breakthrough Films,54498
100,Mixed Media Animation Breakthrough Films,381028
100,Mixed Media Animation Breakthrough Films,228326
100,Mixed Media Animation Breakthrough Films,11243
100,Mixed Media Animation Breakthrough Films,3179
100,Mixed Media Animation Breakthrough Films,9323
100,Mixed Media Animation Breakthrough Films,9836
100,Mixed Media Animation Breakthrough Films,14444
100,Mixed Media Animation Breakthrough Films,19947
100,Mixed Media Animation Breakthrough Films,1485166
100,Mixed Media Animation Breakthrough Films,126963
100,Mixed Media Animation Breakthrough Films,67572
100,Mixed Media Animation Breakthrough Films,123
100,Mixed Media Animation Breakthrough Films,635389
100,Mixed Media Animation Breakthrough Films,11135
101,Natural Light Period Drama Films,257
101,Natural Light Period Drama Films,899
101,Natural Light Period Drama Films,60041
101,Natural Light Period Drama Films,26506
101,Natural Light Period Drama Films,38027
101,Natural Light Period Drama Films,185357
101,Natural Light Period Drama Films,277398
101,Natural Light Period Drama Films,35227
101,Natural Light Period Drama Films,17820
101,Natural Light Period Drama Films,1328796
101,Natural Light Period Drama Films,25248
101,Natural Light Period Drama Films,548
101,Natural Light Period Drama Films,287403
101,Natural Light Period Drama Films,52654
101,Natural Light Period Drama Films,25520
101,Natural Light Period Drama Films,47282
101,Natural Light Period Drama Films,17589
101,Natural Light Period Drama Films,1976
101,Natural Light Period Drama Films,31548
101,Natural Light Period Drama Films,1077182
101,Natural Light Period Drama Films,24767
101,Natural Light Period Drama Films,147135
101,Natural Light Period Drama Films,11969
101,Natural Light Period Drama Films,154946
101,Natural Light Period Drama Films,11971
101,Natural Light Period Drama Films,520900
101,Natural Light Period Drama Films,728136
101,Natural Light Period Drama Films,4175
101,Natural Light Period Drama Films,15184
101,Natural Light Period Drama Films,2002
101,Natural Light Period Drama Films,123605
101,Natural Light Period Drama Films,1494
101,Natural Light Period Drama Films,283227
101,Natural Light Period Drama Films,45793
101,Natural Light Period Drama Films,37606
101,Natural Light Period Drama Films,237
101,Natural Light Period Drama Films,112493
101,Natural Light Period Drama Films,124
101,Natural Light Period Drama Films,210674
101,Natural Light Period Drama Films,4348
101,Natural Light Period Drama Films,12660
101,Natural Light Period Drama Films,12537
101,Natural Light Period Drama Films,14202
101,Natural Light Period Drama Films,46203
101,Natural Light Period Drama Films,7548
101,Natural Light Period Drama Films,4734
102,Garden to Table Documentary,668800
102,Garden to Table Documentary,489985
102,Garden to Table Documentary,411013
102,Garden to Table Documentary,653574
102,Garden to Table Documentary,118407
102,Garden to Table Documentary,41480
102,Garden to Table Documentary,536841
102,Garden to Table Documentary,578439
102,Garden to Table Documentary,996741
102,Garden to Table Documentary,608658
102,Garden to Table Documentary,1563
102,Garden to Table Documentary,11420
102,Garden to Table Documentary,117404
102,Garden to Table Documentary,162589
102,Garden to Table Documentary,598430
102,Garden to Table Documentary,43936
102,Garden to Table Documentary,999067
102,Garden to Table Documentary,470819
102,Garden to Table Documentary,653731
102,Garden to Table Documentary,21925
102,Garden to Table Documentary,42918
102,Garden to Table Documentary,124074
102,Garden to Table Documentary,124075
102,Garden to Table Documentary,32688
102,Garden to Table Documentary,655154
102,Garden to Table Documentary,567860
102,Garden to Table Documentary,156982
102,Garden to Table Documentary,121655
102,Garden to Table Documentary,549559
102,Garden to Table Documentary,84026
102,Garden to Table Documentary,316095
102,Garden to Table Documentary,471745
102,Garden to Table Documentary,91459
102,Garden to Table Documentary,566216
102,Garden to Table Documentary,53194
102,Garden to Table Documentary,60234
102,Garden to Table Documentary,20556
102,Garden to Table Documentary,83660
102,Garden to Table Documentary,318543
102,Garden to Table Documentary,211024
102,Garden to Table Documentary,552400
102,Garden to Table Documentary,34389
102,Garden to Table Documentary,119767
102,Garden to Table Documentary,215258
102,Garden to Table Documentary,21725
102,Garden to Table Documentary,102752
102,Garden to Table Documentary,114401
102,Garden to Table Documentary,59490
102,Garden to Table Documentary,264416
102,Garden to Table Documentary,194532
102,Garden to Table Documentary,373472
102,Garden to Table Documentary,66150
102,Garden to Table Documentary,84327
102,Garden to Table Documentary,250989
102,Garden to Table Documentary,415086
102,Garden to Table Documentary,51311
102,Garden to Table Documentary,1392
102,Garden to Table Documentary,1777
102,Garden to Table Documentary,1779
102,Garden to Table Documentary,125
103,Non Narrative Concert Films,36096
103,Non Narrative Concert Films,94721
103,Non Narrative Concert Films,400000
103,Non Narrative Concert Films,107011
103,Non Narrative Concert Films,51205
103,Non Narrative Concert Films,145160
103,Non Narrative Concert Films,329865
103,Non Narrative Concert Films,1409677
103,Non Narrative Concert Films,355600
103,Non Narrative Concert Films,846867
103,Non Narrative Concert Films,25621
103,Non Narrative Concert Films,73241
103,Non Narrative Concert Films,801435
103,Non Narrative Concert Films,24348
103,Non Narrative Concert Films,1152156
103,Non Narrative Concert Films,107551
103,Non Narrative Concert Films,45731
103,Non Narrative Concert Films,1287081
103,Non Narrative Concert Films,144811
103,Non Narrative Concert Films,121902
103,Non Narrative Concert Films,1302703
103,Non Narrative Concert Films,11314
103,Non Narrative Concert Films,9012
103,Non Narrative Concert Films,13245
103,Non Narrative Concert Films,18493
103,Non Narrative Concert Films,28093
103,Non Narrative Concert Films,1730
103,Non Narrative Concert Films,46788
103,Non Narrative Concert Films,14022
103,Non Narrative Concert Films,51018
103,Non Narrative Concert Films,11598
103,Non Narrative Concert Films,147282
103,Non Narrative Concert Films,283988
103,Non Narrative Concert Films,127962
103,Non Narrative Concert Films,222
103,Non Narrative Concert Films,130915
103,Non Narrative Concert Films,85479
103,Non Narrative Concert Films,105577
103,Non Narrative Concert Films,9963
103,Non Narrative Concert Films,41964
103,Non Narrative Concert Films,185579
103,Non Narrative Concert Films,539757
103,Non Narrative Concert Films,41970
103,Non Narrative Concert Films,733177
103,Non Narrative Concert Films,125
103,Non Narrative Concert Films,255615
104,Jump Cut Political Cinema,111744
104,Jump Cut Political Cinema,1475329
104,Jump Cut Political Cinema,105347
104,Jump Cut Political Cinema,1540
104,Jump Cut Political Cinema,576005
104,Jump Cut Political Cinema,11911
104,Jump Cut Political Cinema,5001
104,Jump Cut Political Cinema,55562
104,Jump Cut Political Cinema,11148
104,Jump Cut Political Cinema,59277
104,Jump Cut Political Cinema,36495
104,Jump Cut Political Cinema,58383
104,Jump Cut Political Cinema,10644
104,Jump Cut Political Cinema,42141
104,Jump Cut Political Cinema,306342
104,Jump Cut Political Cinema,598826
104,Jump Cut Political Cinema,471853
104,Jump Cut Political Cinema,3121
104,Jump Cut Political Cinema,156982
104,Jump Cut Political Cinema,2361
104,Jump Cut Political Cinema,60859
104,Jump Cut Political Cinema,49982
104,Jump Cut Political Cinema,177472
104,Jump Cut Political Cinema,190785
104,Jump Cut Political Cinema,565312
104,Jump Cut Political Cinema,198
104,Jump Cut Political Cinema,137599
104,Jump Cut Political Cinema,87496
104,Jump Cut Political Cinema,413770
104,Jump Cut Political Cinema,68173
104,Jump Cut Political Cinema,41678
104,Jump Cut Political Cinema,1629
104,Jump Cut Political Cinema,22238
104,Jump Cut Political Cinema,34014
104,Jump Cut Political Cinema,78045
104,Jump Cut Political Cinema,50785
104,Jump Cut Political Cinema,16228
104,Jump Cut Political Cinema,4710
104,Jump Cut Political Cinema,500458
104,Jump Cut Political Cinema,531819
104,Jump Cut Political Cinema,209401
104,Jump Cut Political Cinema,304878
104,Jump Cut Political Cinema,466415
104,Jump Cut Political Cinema,8818
104,Jump Cut Political Cinema,67062
104,Jump Cut Political Cinema,61943
104,Jump Cut Political Cinema,33273
104,Jump Cut Political Cinema,42234
104,Jump Cut Political Cinema,161915
104,Jump Cut Political Cinema,11902
104,Jump Cut Political Cinema,127
105,Multiple Roles By Single Actor,9602
105,Multiple Roles By Single Actor,2440
105,Multiple Roles By Single Actor,132363
105,Multiple Roles By Single Actor,106124
105,Multiple Roles By Single Actor,13581
105,Multiple Roles By Single Actor,23312
105,Multiple Roles By Single Actor,43410
105,Multiple Roles By Single Actor,114324
105,Multiple Roles By Single Actor,121238
105,Multiple Roles By Single Actor,206487
105,Multiple Roles By Single Actor,13851
105,Multiple Roles By Single Actor,9757
105,Multiple Roles By Single Actor,103328
105,Multiple Roles By Single Actor,14241
105,Multiple Roles By Single Actor,31011
105,Multiple Roles By Single Actor,548
105,Multiple Roles By Single Actor,7461
105,Multiple Roles By Single Actor,37413
105,Multiple Roles By Single Actor,598826
105,Multiple Roles By Single Actor,18860
105,Multiple Roles By Single Actor,95404
105,Multiple Roles By Single Actor,62637
105,Multiple Roles By Single Actor,9391
105,Multiple Roles By Single Actor,12208
105,Multiple Roles By Single Actor,818
105,Multiple Roles By Single Actor,410678
105,Multiple Roles By Single Actor,38783
105,Multiple Roles By Single Actor,353464
105,Multiple Roles By Single Actor,143675
105,Multiple Roles By Single Actor,189
105,Multiple Roles By Single Actor,8766
105,Multiple Roles By Single Actor,26302
105,Multiple Roles By Single Actor,175041
105,Multiple Roles By Single Actor,47553
105,Multiple Roles By Single Actor,11848
105,Multiple Roles By Single Actor,2891
105,Multiple Roles By Single Actor,354251
105,Multiple Roles By Single Actor,25037
105,Multiple Roles By Single Actor,9686
105,Multiple Roles By Single Actor,83542
105,Multiple Roles By Single Actor,9304
105,Multiple Roles By Single Actor,2266
105,Multiple Roles By Single Actor,14171
105,Multiple Roles By Single Actor,190940
105,Multiple Roles By Single Actor,1354719
105,Multiple Roles By Single Actor,762
105,Multiple Roles By Single Actor,90980
105,Multiple Roles By Single Actor,325348
105,Multiple Roles By Single Actor,17771
105,Multiple Roles By Single Actor,46059
105,Multiple Roles By Single Actor,239
105,Multiple Roles By Single Actor,32628
105,Multiple Roles By Single Actor,38773
105,Multiple Roles By Single Actor,86261
105,Multiple Roles By Single Actor,42999
105,Multiple Roles By Single Actor,27256
105,Multiple Roles By Single Actor,11897
105,Multiple Roles By Single Actor,11898
105,Multiple Roles By Single Actor,9085
105,Multiple Roles By Single Actor,127
106,Hand Drawn Animation Masterpieces,128
106,Hand Drawn Animation Masterpieces,24960
106,Hand Drawn Animation Masterpieces,10882
106,Hand Drawn Animation Masterpieces,83203
106,Hand Drawn Animation Masterpieces,140420
106,Hand Drawn Animation Masterpieces,32389
106,Hand Drawn Animation Masterpieces,340357
106,Hand Drawn Animation Masterpieces,46990
106,Hand Drawn Animation Masterpieces,149
106,Hand Drawn Animation Masterpieces,10009
106,Hand Drawn Animation Masterpieces,49565
106,Hand Drawn Animation Masterpieces,36129
106,Hand Drawn Animation Masterpieces,635302
106,Hand Drawn Animation Masterpieces,52264
106,Hand Drawn Animation Masterpieces,441130
106,Hand Drawn Animation Masterpieces,39853
106,Hand Drawn Animation Masterpieces,345775
106,Hand Drawn Animation Masterpieces,38577
106,Hand Drawn Animation Masterpieces,16306
106,Hand Drawn Animation Masterpieces,15283
106,Hand Drawn Animation Masterpieces,1311031
106,Hand Drawn Animation Masterpieces,783675
106,Hand Drawn Animation Masterpieces,125244
106,Hand Drawn Animation Masterpieces,83389
106,Hand Drawn Animation Masterpieces,8392
106,Hand Drawn Animation Masterpieces,502216
106,Hand Drawn Animation Masterpieces,26700
106,Hand Drawn Animation Masterpieces,110416
106,Hand Drawn Animation Masterpieces,37585
106,Hand Drawn Animation Masterpieces,26963
106,Hand Drawn Animation Masterpieces,555604
106,Hand Drawn Animation Masterpieces,795607
106,Hand Drawn Animation Masterpieces,59356
106,Hand Drawn Animation Masterpieces,11360
106,Hand Drawn Animation Masterpieces,14945
106,Hand Drawn Animation Masterpieces,53217
106,Hand Drawn Animation Masterpieces,130915
106,Hand Drawn Animation Masterpieces,11497
106,Hand Drawn Animation Masterpieces,48617
106,Hand Drawn Animation Masterpieces,19947
106,Hand Drawn Animation Masterpieces,12140
106,Hand Drawn Animation Masterpieces,9837
106,Hand Drawn Animation Masterpieces,137193
106,Hand Drawn Animation Masterpieces,126319
106,Hand Drawn Animation Masterpieces,149871
106,Hand Drawn Animation Masterpieces,1333100
106,Hand Drawn Animation Masterpieces,41077
106,Hand Drawn Animation Masterpieces,585077
106,Hand Drawn Animation Masterpieces,378108
106,Hand Drawn Animation Masterpieces,635389
106,Hand Drawn Animation Masterpieces,38142
106,Hand Drawn Animation Masterpieces,241535
107,Bubble Economy Era Japanese Films,129
107,Bubble Economy Era Japanese Films,36867
107,Bubble Economy Era Japanese Films,42116
107,Bubble Economy Era Japanese Films,36232
107,Bubble Economy Era Japanese Films,19337
107,Bubble Economy Era Japanese Films,781066
107,Bubble Economy Era Japanese Films,70412
107,Bubble Economy Era Japanese Films,319373
107,Bubble Economy Era Japanese Films,17809
107,Bubble Economy Era Japanese Films,22557
107,Bubble Economy Era Japanese Films,17566
107,Bubble Economy Era Japanese Films,61475
107,Bubble Economy Era Japanese Films,16804
107,Bubble Economy Era Japanese Films,37797
107,Bubble Economy Era Japanese Films,31140
107,Bubble Economy Era Japanese Films,45998
107,Bubble Economy Era Japanese Films,1970
107,Bubble Economy Era Japanese Films,11315
107,Bubble Economy Era Japanese Films,15284
107,Bubble Economy Era Japanese Films,97978
107,Bubble Economy Era Japanese Films,25659
107,Bubble Economy Era Japanese Films,85692
107,Bubble Economy Era Japanese Films,11838
107,Bubble Economy Era Japanese Films,52034
107,Bubble Economy Era Japanese Films,4291
107,Bubble Economy Era Japanese Films,180803
107,Bubble Economy Era Japanese Films,622532
107,Bubble Economy Era Japanese Films,46918
107,Bubble Economy Era Japanese Films,12487
107,Bubble Economy Era Japanese Films,315846
107,Bubble Economy Era Japanese Films,376391
107,Bubble Economy Era Japanese Films,12496
107,Bubble Economy Era Japanese Films,91989
107,Bubble Economy Era Japanese Films,27351
107,Bubble Economy Era Japanese Films,2010
107,Bubble Economy Era Japanese Films,392795
107,Bubble Economy Era Japanese Films,468710
107,Bubble Economy Era Japanese Films,16231
107,Bubble Economy Era Japanese Films,616
107,Bubble Economy Era Japanese Films,1279334
107,Bubble Economy Era Japanese Films,14571
107,Bubble Economy Era Japanese Films,27372
107,Bubble Economy Era Japanese Films,20722
107,Bubble Economy Era Japanese Films,68341
107,Bubble Economy Era Japanese Films,32250
107,Bubble Economy Era Japanese Films,36092
108,Women Breaking Free From Marriage,1921
108,Women Breaking Free From Marriage,431491
108,Women Breaking Free From Marriage,45316
108,Women Breaking Free From Marriage,133
108,Women Breaking Free From Marriage,38151
108,Women Breaking Free From Marriage,124680
108,Women Breaking Free From Marriage,653708
108,Women Breaking Free From Marriage,1409677
108,Women Breaking Free From Marriage,42108
108,Women Breaking Free From Marriage,16659
108,Women Breaking Free From Marriage,148245
108,Women Breaking Free From Marriage,143128
108,Women Breaking Free From Marriage,28571
108,Women Breaking Free From Marriage,51447
108,Women Breaking Free From Marriage,286875
108,Women Breaking Free From Marriage,801
108,Women Breaking Free From Marriage,47908
108,Women Breaking Free From Marriage,336804
108,Women Breaking Free From Marriage,571818
108,Women Breaking Free From Marriage,10027
108,Women Breaking Free From Marriage,11051
108,Women Breaking Free From Marriage,2605
108,Women Breaking Free From Marriage,14459
108,Women Breaking Free From Marriage,276908
108,Women Breaking Free From Marriage,169648
108,Women Breaking Free From Marriage,3638
108,Women Breaking Free From Marriage,401469
108,Women Breaking Free From Marriage,8130
108,Women Breaking Free From Marriage,8391
108,Women Breaking Free From Marriage,10823
108,Women Breaking Free From Marriage,474569
108,Women Breaking Free From Marriage,352205
108,Women Breaking Free From Marriage,10191
108,Women Breaking Free From Marriage,581585
108,Women Breaking Free From Marriage,244563
108,Women Breaking Free From Marriage,27094
108,Women Breaking Free From Marriage,221014
108,Women Breaking Free From Marriage,12890
108,Women Breaking Free From Marriage,50779
108,Women Breaking Free From Marriage,2140
108,Women Breaking Free From Marriage,1630
108,Women Breaking Free From Marriage,59231
108,Women Breaking Free From Marriage,8545
108,Women Breaking Free From Marriage,595813
108,Women Breaking Free From Marriage,1641
108,Women Breaking Free From Marriage,241771
108,Women Breaking Free From Marriage,571884
108,Women Breaking Free From Marriage,35056
108,Women Breaking Free From Marriage,742262
108,Women Breaking Free From Marriage,42615
108,Women Breaking Free From Marriage,14587
108,Women Breaking Free From Marriage,454652
108,Women Breaking Free From Marriage,21887
109,Greek Myths in Modern Settings,11393
109,Greek Myths in Modern Settings,38148
109,Greek Myths in Modern Settings,134
109,Greek Myths in Modern Settings,1417
109,Greek Myths in Modern Settings,32657
109,Greek Myths in Modern Settings,1813
109,Greek Myths in Modern Settings,10395
109,Greek Myths in Modern Settings,181533
109,Greek Myths in Modern Settings,38688
109,Greek Myths in Modern Settings,14241
109,Greek Myths in Modern Settings,41762
109,Greek Myths in Modern Settings,135718
109,Greek Myths in Modern Settings,188846
109,Greek Myths in Modern Settings,177
109,Greek Myths in Modern Settings,19124
109,Greek Myths in Modern Settings,82101
109,Greek Myths in Modern Settings,43447
109,Greek Myths in Modern Settings,28855
109,Greek Myths in Modern Settings,567609
109,Greek Myths in Modern Settings,26170
109,Greek Myths in Modern Settings,204730
109,Greek Myths in Modern Settings,375742
109,Greek Myths in Modern Settings,53567
109,Greek Myths in Modern Settings,46146
109,Greek Myths in Modern Settings,33221
109,Greek Myths in Modern Settings,318917
109,Greek Myths in Modern Settings,903496
109,Greek Myths in Modern Settings,334
109,Greek Myths in Modern Settings,84175
109,Greek Myths in Modern Settings,1166418
109,Greek Myths in Modern Settings,468
109,Greek Myths in Modern Settings,53080
109,Greek Myths in Modern Settings,9821
109,Greek Myths in Modern Settings,38117
109,Greek Myths in Modern Settings,18919
109,Greek Myths in Modern Settings,77291
109,Greek Myths in Modern Settings,490219
109,Greek Myths in Modern Settings,444395
109,Greek Myths in Modern Settings,48110
109,Greek Myths in Modern Settings,64494
109,Greek Myths in Modern Settings,43249
109,Greek Myths in Modern Settings,126963
109,Greek Myths in Modern Settings,71668
109,Greek Myths in Modern Settings,8054
109,Greek Myths in Modern Settings,72826
109,Greek Myths in Modern Settings,635
110,Stop Motion Holiday Special Classics,13187
110,Stop Motion Holiday Special Classics,17159
110,Stop Motion Holiday Special Classics,1546
110,Stop Motion Holiday Special Classics,139
110,Stop Motion Holiday Special Classics,12556
110,Stop Motion Holiday Special Classics,28042
110,Stop Motion Holiday Special Classics,28557
110,Stop Motion Holiday Special Classics,27281
110,Stop Motion Holiday Special Classics,49041
110,Stop Motion Holiday Special Classics,577427
110,Stop Motion Holiday Special Classics,942609
110,Stop Motion Holiday Special Classics,288789
110,Stop Motion Holiday Special Classics,15767
110,Stop Motion Holiday Special Classics,470295
110,Stop Motion Holiday Special Classics,18846
110,Stop Motion Holiday Special Classics,379170
110,Stop Motion Holiday Special Classics,496676
110,Stop Motion Holiday Special Classics,157350
110,Stop Motion Holiday Special Classics,26536
110,Stop Motion Holiday Special Classics,26537
110,Stop Motion Holiday Special Classics,26539
110,Stop Motion Holiday Special Classics,207659
110,Stop Motion Holiday Special Classics,4911
110,Stop Motion Holiday Special Classics,749744
110,Stop Motion Holiday Special Classics,16561
110,Stop Motion Holiday Special Classics,133682
110,Stop Motion Holiday Special Classics,1163956
110,Stop Motion Holiday Special Classics,561461
110,Stop Motion Holiday Special Classics,40246
110,Stop Motion Holiday Special Classics,47670
110,Stop Motion Holiday Special Classics,13247
110,Stop Motion Holiday Special Classics,33602
110,Stop Motion Holiday Special Classics,47182
110,Stop Motion Holiday Special Classics,338768
110,Stop Motion Holiday Special Classics,52691
110,Stop Motion Holiday Special Classics,711254
110,Stop Motion Holiday Special Classics,44890
110,Stop Motion Holiday Special Classics,44383
110,Stop Motion Holiday Special Classics,18146
110,Stop Motion Holiday Special Classics,14821
110,Stop Motion Holiday Special Classics,62183
110,Stop Motion Holiday Special Classics,338025
110,Stop Motion Holiday Special Classics,1087081
110,Stop Motion Holiday Special Classics,30059
110,Stop Motion Holiday Special Classics,19566
110,Stop Motion Holiday Special Classics,769647
110,Stop Motion Holiday Special Classics,181618
110,Stop Motion Holiday Special Classics,954613
110,Stop Motion Holiday Special Classics,50934
110,Stop Motion Holiday Special Classics,62838
110,Stop Motion Holiday Special Classics,460793
110,Stop Motion Holiday Special Classics,273148
110,Stop Motion Holiday Special Classics,26237
110,Stop Motion Holiday Special Classics,121598
110,Stop Motion Holiday Special Classics,31615
111,Duty Versus Personal Desire Films,897
111,Duty Versus Personal Desire Films,2694
111,Duty Versus Personal Desire Films,18183
111,Duty Versus Personal Desire Films,253450
111,Duty Versus Personal Desire Films,139
111,Duty Versus Personal Desire Films,371724
111,Duty Versus Personal Desire Films,18320
111,Duty Versus Personal Desire Films,498448
111,Duty Versus Personal Desire Films,146
111,Duty Versus Personal Desire Films,203538
111,Duty Versus Personal Desire Films,10644
111,Duty Versus Personal Desire Films,5910
111,Duty Versus Personal Desire Films,288
111,Duty Versus Personal Desire Films,804
111,Duty Versus Personal Desire Films,180900
111,Duty Versus Personal Desire Films,635302
111,Duty Versus Personal Desire Films,938
111,Duty Versus Personal Desire Films,34732
111,Duty Versus Personal Desire Films,9261
111,Duty Versus Personal Desire Films,43822
111,Duty Versus Personal Desire Films,864692
111,Duty Versus Personal Desire Films,17589
111,Duty Versus Personal Desire Films,92341
111,Duty Versus Personal Desire Films,21175
111,Duty Versus Personal Desire Films,61880
111,Duty Versus Personal Desire Films,11577
111,Duty Versus Personal Desire Films,28089
111,Duty Versus Personal Desire Films,14395
111,Duty Versus Personal Desire Films,43195
111,Duty Versus Personal Desire Films,175422
111,Duty Versus Personal Desire Films,121922
111,Duty Versus Personal Desire Films,39890
111,Duty Versus Personal Desire Films,462546
111,Duty Versus Personal Desire Films,8536
111,Duty Versus Personal Desire Films,46043
111,Duty Versus Personal Desire Films,1245
111,Duty Versus Personal Desire Films,37853
111,Duty Versus Personal Desire Films,388191
111,Duty Versus Personal Desire Films,18784
111,Duty Versus Personal Desire Films,61667
111,Duty Versus Personal Desire Films,49508
111,Duty Versus Personal Desire Films,27372
111,Duty Versus Personal Desire Films,291692
111,Duty Versus Personal Desire Films,491629
111,Duty Versus Personal Desire Films,902381
111,Duty Versus Personal Desire Films,20848
111,Duty Versus Personal Desire Films,85876
111,Duty Versus Personal Desire Films,31604
111,Duty Versus Personal Desire Films,44662
111,Duty Versus Personal Desire Films,61048
111,Duty Versus Personal Desire Films,11130
111,Duty Versus Personal Desire Films,300155
111,Duty Versus Personal Desire Films,35580
112,Rural Urban Divide Asian Films,896
112,Rural Urban Divide Asian Films,27904
112,Rural Urban Divide Asian Films,9090
112,Rural Urban Divide Asian Films,2694
112,Rural Urban Divide Asian Films,27655
112,Rural Urban Divide Asian Films,21128
112,Rural Urban Divide Asian Films,45576
112,Rural Urban Divide Asian Films,139
112,Rural Urban Divide Asian Films,1550
112,Rural Urban Divide Asian Films,13203
112,Rural Urban Divide Asian Films,43027
112,Rural Urban Divide Asian Films,101908
112,Rural Urban Divide Asian Films,221463
112,Rural Urban Divide Asian Films,317720
112,Rural Urban Divide Asian Films,74392
112,Rural Urban Divide Asian Films,1050
112,Rural Urban Divide Asian Films,666
112,Rural Urban Divide Asian Films,38302
112,Rural Urban Divide Asian Films,43423
112,Rural Urban Divide Asian Films,547
112,Rural Urban Divide Asian Films,85540
112,Rural Urban Divide Asian Films,42150
112,Rural Urban Divide Asian Films,15272
112,Rural Urban Divide Asian Films,418472
112,Rural Urban Divide Asian Films,124460
112,Rural Urban Divide Asian Films,10669
112,Rural Urban Divide Asian Films,9902
112,Rural Urban Divide Asian Films,813106
112,Rural Urban Divide Asian Films,79615
112,Rural Urban Divide Asian Films,21566
112,Rural Urban Divide Asian Films,21950
112,Rural Urban Divide Asian Films,30142
112,Rural Urban Divide Asian Films,124991
112,Rural Urban Divide Asian Films,474051
112,Rural Urban Divide Asian Films,77381
112,Rural Urban Divide Asian Films,287179
112,Rural Urban Divide Asian Films,52047
112,Rural Urban Divide Asian Films,928720
112,Rural Urban Divide Asian Films,14929
112,Rural Urban Divide Asian Films,18385
112,Rural Urban Divide Asian Films,372058
112,Rural Urban Divide Asian Films,430043
112,Rural Urban Divide Asian Films,297825
112,Rural Urban Divide Asian Films,226
112,Rural Urban Divide Asian Films,473320
112,Rural Urban Divide Asian Films,34796
112,Rural Urban Divide Asian Films,42733
112,Rural Urban Divide Asian Films,228205
112,Rural Urban Divide Asian Films,1391
112,Rural Urban Divide Asian Films,35695
112,Rural Urban Divide Asian Films,9841
112,Rural Urban Divide Asian Films,36210
112,Rural Urban Divide Asian Films,2163
112,Rural Urban Divide Asian Films,12659
112,Rural Urban Divide Asian Films,94716
112,Rural Urban Divide Asian Films,74879
113,Performance Within Performance Movies,294016
113,Performance Within Performance Movies,90369
113,Performance Within Performance Movies,440708
113,Performance Within Performance Movies,23942
113,Performance Within Performance Movies,8071
113,Performance Within Performance Movies,140
113,Performance Within Performance Movies,1813
113,Performance Within Performance Movies,2457
113,Performance Within Performance Movies,513434
113,Performance Within Performance Movies,797
113,Performance Within Performance Movies,103328
113,Performance Within Performance Movies,169377
113,Performance Within Performance Movies,17450
113,Performance Within Performance Movies,9266
113,Performance Within Performance Movies,21554
113,Performance Within Performance Movies,58169
113,Performance Within Performance Movies,38846
113,Performance Within Performance Movies,11332
113,Performance Within Performance Movies,107973
113,Performance Within Performance Movies,41158
113,Performance Within Performance Movies,3400
113,Performance Within Performance Movies,39113
113,Performance Within Performance Movies,5066
113,Performance Within Performance Movies,579400
113,Performance Within Performance Movies,718032
113,Performance Within Performance Movies,18385
113,Performance Within Performance Movies,64214
113,Performance Within Performance Movies,395990
113,Performance Within Performance Movies,10329
113,Performance Within Performance Movies,97370
113,Performance Within Performance Movies,197082
113,Performance Within Performance Movies,911578
113,Performance Within Performance Movies,8414
113,Performance Within Performance Movies,24034
113,Performance Within Performance Movies,253414
113,Performance Within Performance Movies,11113
113,Performance Within Performance Movies,26479
113,Performance Within Performance Movies,35703
113,Performance Within Performance Movies,12537
113,Performance Within Performance Movies,53501
113,Performance Within Performance Movies,67967
114,Childhood Friends Turned Moral Enemies,13696
114,Childhood Friends Turned Moral Enemies,19457
114,Childhood Friends Turned Moral Enemies,11909
114,Childhood Friends Turned Moral Enemies,621191
114,Childhood Friends Turned Moral Enemies,708615
114,Childhood Friends Turned Moral Enemies,140
114,Childhood Friends Turned Moral Enemies,14736
114,Childhood Friends Turned Moral Enemies,10897
114,Childhood Friends Turned Moral Enemies,28564
114,Childhood Friends Turned Moral Enemies,233112
114,Childhood Friends Turned Moral Enemies,261023
114,Childhood Friends Turned Moral Enemies,11296
114,Childhood Friends Turned Moral Enemies,26784
114,Childhood Friends Turned Moral Enemies,666277
114,Childhood Friends Turned Moral Enemies,513576
114,Childhood Friends Turned Moral Enemies,49449
114,Childhood Friends Turned Moral Enemies,72105
114,Childhood Friends Turned Moral Enemies,41901
114,Childhood Friends Turned Moral Enemies,64945
114,Childhood Friends Turned Moral Enemies,819
114,Childhood Friends Turned Moral Enemies,15801
114,Childhood Friends Turned Moral Enemies,677179
114,Childhood Friends Turned Moral Enemies,98493
114,Childhood Friends Turned Moral Enemies,550205
114,Childhood Friends Turned Moral Enemies,4032
114,Childhood Friends Turned Moral Enemies,67521
114,Childhood Friends Turned Moral Enemies,263105
114,Childhood Friends Turned Moral Enemies,639424
114,Childhood Friends Turned Moral Enemies,584
114,Childhood Friends Turned Moral Enemies,13899
114,Childhood Friends Turned Moral Enemies,37964
114,Childhood Friends Turned Moral Enemies,194507
114,Childhood Friends Turned Moral Enemies,420814
114,Childhood Friends Turned Moral Enemies,214742
114,Childhood Friends Turned Moral Enemies,20183
114,Childhood Friends Turned Moral Enemies,12888
114,Childhood Friends Turned Moral Enemies,108248
114,Childhood Friends Turned Moral Enemies,273762
114,Childhood Friends Turned Moral Enemies,4967
114,Childhood Friends Turned Moral Enemies,8424
114,Childhood Friends Turned Moral Enemies,19958
114,Childhood Friends Turned Moral Enemies,13816
114,Childhood Friends Turned Moral Enemies,465914
114,Childhood Friends Turned Moral Enemies,20605
114,Childhood Friends Turned Moral Enemies,1662
115,Reality Versus Performance Art Films,198400
115,Reality Versus Performance Art Films,59266
115,Reality Versus Performance Art Films,64131
115,Reality Versus Performance Art Films,851334
115,Reality Versus Performance Art Films,512263
115,Reality Versus Performance Art Films,140
115,Reality Versus Performance Art Films,87308
115,Reality Versus Performance Art Films,574220
115,Reality Versus Performance Art Films,1015061
115,Reality Versus Performance Art Films,1686
115,Reality Versus Performance Art Films,797
115,Reality Versus Performance Art Films,107551
115,Reality Versus Performance Art Films,8353
115,Reality Versus Performance Art Films,38178
115,Reality Versus Performance Art Films,169377
115,Reality Versus Performance Art Films,22188
115,Reality Versus Performance Art Films,651058
115,Reality Versus Performance Art Films,692
115,Reality Versus Performance Art Films,46772
115,Reality Versus Performance Art Films,208054
115,Reality Versus Performance Art Films,126004
115,Reality Versus Performance Art Films,1850
115,Reality Versus Performance Art Films,14267
115,Reality Versus Performance Art Films,621754
115,Reality Versus Performance Art Films,22975
115,Reality Versus Performance Art Films,24128
115,Reality Versus Performance Art Films,55616
115,Reality Versus Performance Art Films,153410
115,Reality Versus Performance Art Films,1730
115,Reality Versus Performance Art Films,2759
115,Reality Versus Performance Art Films,42695
115,Reality Versus Performance Art Films,823754
115,Reality Versus Performance Art Films,253261
115,Reality Versus Performance Art Films,96724
115,Reality Versus Performance Art Films,68569
115,Reality Versus Performance Art Films,5722
115,Reality Versus Performance Art Films,14048
115,Reality Versus Performance Art Films,44258
115,Reality Versus Performance Art Films,32237
115,Reality Versus Performance Art Films,100205
115,Reality Versus Performance Art Films,85871
115,Reality Versus Performance Art Films,626
115,Reality Versus Performance Art Films,305139
115,Reality Versus Performance Art Films,27511
115,Reality Versus Performance Art Films,257407
116,Rural Texas Horror Settings,120192
116,Rural Texas Horror Settings,84993
116,Rural Texas Horror Settings,9986
116,Rural Texas Horror Settings,380300
116,Rural Texas Horror Settings,142
116,Rural Texas Horror Settings,78094
116,Rural Texas Horror Settings,74896
116,Rural Texas Horror Settings,27409
116,Rural Texas Horror Settings,490000
116,Rural Texas Horror Settings,40211
116,Rural Texas Horror Settings,43027
116,Rural Texas Horror Settings,674324
116,Rural Texas Horror Settings,1561
116,Rural Texas Horror Settings,27418
116,Rural Texas Horror Settings,27292
116,Rural Texas Horror Settings,9373
116,Rural Texas Horror Settings,66588
116,Rural Texas Horror Settings,18979
116,Rural Texas Horror Settings,67748
116,Rural Texas Horror Settings,38953
116,Rural Texas Horror Settings,124460
116,Rural Texas Horror Settings,110771
116,Rural Texas Horror Settings,443960
116,Rural Texas Horror Settings,42169
116,Rural Texas Horror Settings,10427
116,Rural Texas Horror Settings,40124
116,Rural Texas Horror Settings,9022
116,Rural Texas Horror Settings,9281
116,Rural Texas Horror Settings,17474
116,Rural Texas Horror Settings,596161
116,Rural Texas Horror Settings,788929
116,Rural Texas Horror Settings,2759
116,Rural Texas Horror Settings,13511
116,Rural Texas Horror Settings,428493
116,Rural Texas Horror Settings,264656
116,Rural Texas Horror Settings,31058
116,Rural Texas Horror Settings,428498
116,Rural Texas Horror Settings,2012
116,Rural Texas Horror Settings,10844
116,Rural Texas Horror Settings,86626
116,Rural Texas Horror Settings,22627
116,Rural Texas Horror Settings,389218
116,Rural Texas Horror Settings,77669
116,Rural Texas Horror Settings,363367
116,Rural Texas Horror Settings,7274
116,Rural Texas Horror Settings,628333
116,Rural Texas Horror Settings,250734
116,Rural Texas Horror Settings,880
116,Rural Texas Horror Settings,2675
116,Rural Texas Horror Settings,42739
116,Rural Texas Horror Settings,19958
116,Rural Texas Horror Settings,4984
116,Rural Texas Horror Settings,198524
117,Corporate Greed Versus Human Life,28162
117,Corporate Greed Versus Human Life,57993
117,Corporate Greed Versus Human Life,3082
117,Corporate Greed Versus Human Life,133773
117,Corporate Greed Versus Human Life,361743
117,Corporate Greed Versus Human Life,144
117,Corporate Greed Versus Human Life,10134
117,Corporate Greed Versus Human Life,279
117,Corporate Greed Versus Human Life,694681
117,Corporate Greed Versus Human Life,795
117,Corporate Greed Versus Human Life,99867
117,Corporate Greed Versus Human Life,363676
117,Corporate Greed Versus Human Life,498587
117,Corporate Greed Versus Human Life,575264
117,Corporate Greed Versus Human Life,679
117,Corporate Greed Versus Human Life,56231
117,Corporate Greed Versus Human Life,427
117,Corporate Greed Versus Human Life,11051
117,Corporate Greed Versus Human Life,76851
117,Corporate Greed Versus Human Life,7860
117,Corporate Greed Versus Human Life,20536
117,Corporate Greed Versus Human Life,152760
117,Corporate Greed Versus Human Life,519866
117,Corporate Greed Versus Human Life,73532
117,Corporate Greed Versus Human Life,4798
117,Corporate Greed Versus Human Life,35648
117,Corporate Greed Versus Human Life,1093
117,Corporate Greed Versus Human Life,37958
117,Corporate Greed Versus Human Life,166216
117,Corporate Greed Versus Human Life,94153
117,Corporate Greed Versus Human Life,204
117,Corporate Greed Versus Human Life,41164
117,Corporate Greed Versus Human Life,168529
117,Corporate Greed Versus Human Life,594
117,Corporate Greed Versus Human Life,124632
117,Corporate Greed Versus Human Life,860
117,Corporate Greed Versus Human Life,348
117,Corporate Greed Versus Human Life,455008
117,Corporate Greed Versus Human Life,38884
117,Corporate Greed Versus Human Life,514921
117,Corporate Greed Versus Human Life,37103
117,Corporate Greed Versus Human Life,20853
117,Corporate Greed Versus Human Life,214137
117,Corporate Greed Versus Human Life,43002
118,Fox Spirits in Asian Cinema,897
118,Fox Spirits in Asian Cinema,42113
118,Fox Spirits in Asian Cinema,54274
118,Fox Spirits in Asian Cinema,62977
118,Fox Spirits in Asian Cinema,662401
118,Fox Spirits in Asian Cinema,26886
118,Fox Spirits in Asian Cinema,76294
118,Fox Spirits in Asian Cinema,41993
118,Fox Spirits in Asian Cinema,227211
118,Fox Spirits in Asian Cinema,16269
118,Fox Spirits in Asian Cinema,17808
118,Fox Spirits in Asian Cinema,4241
118,Fox Spirits in Asian Cinema,146
118,Fox Spirits in Asian Cinema,221076
118,Fox Spirits in Asian Cinema,21781
118,Fox Spirits in Asian Cinema,40213
118,Fox Spirits in Asian Cinema,566397
118,Fox Spirits in Asian Cinema,41377
118,Fox Spirits in Asian Cinema,170657
118,Fox Spirits in Asian Cinema,16804
118,Fox Spirits in Asian Cinema,666277
118,Fox Spirits in Asian Cinema,256040
118,Fox Spirits in Asian Cinema,70057
118,Fox Spirits in Asian Cinema,1963
118,Fox Spirits in Asian Cinema,61485
118,Fox Spirits in Asian Cinema,21422
118,Fox Spirits in Asian Cinema,62637
118,Fox Spirits in Asian Cinema,57395
118,Fox Spirits in Asian Cinema,3764
118,Fox Spirits in Asian Cinema,28472
118,Fox Spirits in Asian Cinema,604605
118,Fox Spirits in Asian Cinema,84163
118,Fox Spirits in Asian Cinema,114372
118,Fox Spirits in Asian Cinema,98631
118,Fox Spirits in Asian Cinema,49096
118,Fox Spirits in Asian Cinema,431819
118,Fox Spirits in Asian Cinema,85836
118,Fox Spirits in Asian Cinema,11599
118,Fox Spirits in Asian Cinema,12496
118,Fox Spirits in Asian Cinema,116690
118,Fox Spirits in Asian Cinema,1494
118,Fox Spirits in Asian Cinema,11606
118,Fox Spirits in Asian Cinema,71518
118,Fox Spirits in Asian Cinema,24163
118,Fox Spirits in Asian Cinema,802403
118,Fox Spirits in Asian Cinema,107494
118,Fox Spirits in Asian Cinema,81128
118,Fox Spirits in Asian Cinema,48361
118,Fox Spirits in Asian Cinema,8938
118,Fox Spirits in Asian Cinema,58473
118,Fox Spirits in Asian Cinema,37100
118,Fox Spirits in Asian Cinema,41198
118,Fox Spirits in Asian Cinema,77166
118,Fox Spirits in Asian Cinema,467824
118,Fox Spirits in Asian Cinema,68341
118,Fox Spirits in Asian Cinema,248698
118,Fox Spirits in Asian Cinema,635389
118,Fox Spirits in Asian Cinema,38142
118,Fox Spirits in Asian Cinema,38143
119,So Bad They're Educational,1170177
119,So Bad They're Educational,11906
119,So Bad They're Educational,286595
119,So Bad They're Educational,8325
119,So Bad They're Educational,6279
119,So Bad They're Educational,40075
119,So Bad They're Educational,78480
119,So Bad They're Educational,147
119,So Bad They're Educational,665877
119,So Bad They're Educational,926487
119,So Bad They're Educational,1152156
119,So Bad They're Educational,10269
119,So Bad They're Educational,162589
119,So Bad They're Educational,250657
119,So Bad They're Educational,43812
119,So Bad They're Educational,1099557
119,So Bad They're Educational,13862
119,So Bad They're Educational,54186
119,So Bad They're Educational,59435
119,So Bad They're Educational,11820
119,So Bad They're Educational,76203
119,So Bad They're Educational,31023
119,So Bad They're Educational,749744
119,So Bad They're Educational,77621
119,So Bad They're Educational,13751
119,So Bad They're Educational,6072
119,So Bad They're Educational,28855
119,So Bad They're Educational,36536
119,So Bad They're Educational,534075
119,So Bad They're Educational,11710
119,So Bad They're Educational,44480
119,So Bad They're Educational,33602
119,So Bad They're Educational,13766
119,So Bad They're Educational,485191
119,So Bad They're Educational,54985
119,So Bad They're Educational,51018
119,So Bad They're Educational,325712
119,So Bad They're Educational,11858
119,So Bad They're Educational,32089
119,So Bad They're Educational,63193
119,So Bad They're Educational,29154
119,So Bad They're Educational,478946
119,So Bad They're Educational,31977
119,So Bad They're Educational,22509
119,So Bad They're Educational,303987
119,So Bad They're Educational,317557
119,So Bad They're Educational,9078
119,So Bad They're Educational,1783
119,So Bad They're Educational,11518
119,So Bad They're Educational,77951
120,Scottish Coming Of Age Stories,17281
120,Scottish Coming Of Age Stories,42115
120,Scottish Coming Of Age Stories,21764
120,Scottish Coming Of Age Stories,42758
120,Scottish Coming Of Age Stories,22279
120,Scottish Coming Of Age Stories,11148
120,Scottish Coming Of Age Stories,165772
120,Scottish Coming Of Age Stories,31504
120,Scottish Coming Of Age Stories,264720
120,Scottish Coming Of Age Stories,330770
120,Scottish Coming Of Age Stories,147
120,Scottish Coming Of Age Stories,490005
120,Scottish Coming Of Age Stories,6936
120,Scottish Coming Of Age Stories,11296
120,Scottish Coming Of Age Stories,360737
120,Scottish Coming Of Age Stories,136739
120,Scottish Coming Of Age Stories,44069
120,Scottish Coming Of Age Stories,35494
120,Scottish Coming Of Age Stories,43047
120,Scottish Coming Of Age Stories,44711
120,Scottish Coming Of Age Stories,74790
120,Scottish Coming Of Age Stories,341287
120,Scottish Coming Of Age Stories,43436
120,Scottish Coming Of Age Stories,25773
120,Scottish Coming Of Age Stories,38706
120,Scottish Coming Of Age Stories,109491
120,Scottish Coming Of Age Stories,124088
120,Scottish Coming Of Age Stories,39356
120,Scottish Coming Of Age Stories,21309
120,Scottish Coming Of Age Stories,147773
120,Scottish Coming Of Age Stories,2239
120,Scottish Coming Of Age Stories,1088
120,Scottish Coming Of Age Stories,74689
120,Scottish Coming Of Age Stories,20932
120,Scottish Coming Of Age Stories,711
120,Scottish Coming Of Age Stories,279753
120,Scottish Coming Of Age Stories,474444
120,Scottish Coming Of Age Stories,128204
120,Scottish Coming Of Age Stories,515916
120,Scottish Coming Of Age Stories,547404
120,Scottish Coming Of Age Stories,337
120,Scottish Coming Of Age Stories,18387
120,Scottish Coming Of Age Stories,26963
120,Scottish Coming Of Age Stories,15189
120,Scottish Coming Of Age Stories,32086
120,Scottish Coming Of Age Stories,73939
120,Scottish Coming Of Age Stories,632666
120,Scottish Coming Of Age Stories,64867
120,Scottish Coming Of Age Stories,30309
120,Scottish Coming Of Age Stories,46315
120,Scottish Coming Of Age Stories,22638
120,Scottish Coming Of Age Stories,52850
120,Scottish Coming Of Age Stories,64499
120,Scottish Coming Of Age Stories,585077
120,Scottish Coming Of Age Stories,12793
120,Scottish Coming Of Age Stories,300667
120,Scottish Coming Of Age Stories,55165
120,Scottish Coming Of Age Stories,77951
121,Glasgow Set Coming Of Age,12548
121,Glasgow Set Coming Of Age,27141
121,Glasgow Set Coming Of Age,1546
121,Glasgow Set Coming Of Age,900877
121,Glasgow Set Coming Of Age,26514
121,Glasgow Set Coming Of Age,147
121,Glasgow Set Coming Of Age,527641
121,Glasgow Set Coming Of Age,286875
121,Glasgow Set Coming Of Age,193309
121,Glasgow Set Coming Of Age,10534
121,Glasgow Set Coming Of Age,15671
121,Glasgow Set Coming Of Age,570
121,Glasgow Set Coming Of Age,473019
121,Glasgow Set Coming Of Age,98364
121,Glasgow Set Coming Of Age,10560
121,Glasgow Set Coming Of Age,41280
121,Glasgow Set Coming Of Age,667969
121,Glasgow Set Coming Of Age,76996
121,Glasgow Set Coming Of Age,429765
121,Glasgow Set Coming Of Age,485191
121,Glasgow Set Coming Of Age,68430
121,Glasgow Set Coming Of Age,14033
121,Glasgow Set Coming Of Age,14804
121,Glasgow Set Coming Of Age,29785
121,Glasgow Set Coming Of Age,9817
121,Glasgow Set Coming Of Age,36569
121,Glasgow Set Coming Of Age,26973
121,Glasgow Set Coming Of Age,16605
121,Glasgow Set Coming Of Age,237791
121,Glasgow Set Coming Of Age,1376
121,Glasgow Set Coming Of Age,373473
121,Glasgow Set Coming Of Age,84194
121,Glasgow Set Coming Of Age,86626
121,Glasgow Set Coming Of Age,233
121,Glasgow Set Coming Of Age,384748
121,Glasgow Set Coming Of Age,33261
121,Glasgow Set Coming Of Age,9844
121,Glasgow Set Coming Of Age,26615
122,Paris Street Life Cinema,10112
122,Paris Street Life Cinema,393729
122,Paris Street Life Cinema,42758
122,Paris Street Life Cinema,33544
122,Paris Street Life Cinema,598409
122,Paris Street Life Cinema,269
122,Paris Street Life Cinema,34958
122,Paris Street Life Cinema,147
122,Paris Street Life Cinema,19092
122,Paris Street Life Cinema,1817
122,Paris Street Life Cinema,404378
122,Paris Street Life Cinema,37532
122,Paris Street Life Cinema,543
122,Paris Street Life Cinema,1357481
122,Paris Street Life Cinema,85802
122,Paris Street Life Cinema,39349
122,Paris Street Life Cinema,52406
122,Paris Street Life Cinema,82744
122,Paris Street Life Cinema,49723
122,Paris Street Life Cinema,36799
122,Paris Street Life Cinema,1482
122,Paris Street Life Cinema,203
122,Paris Street Life Cinema,10060
122,Paris Street Life Cinema,12491
122,Paris Street Life Cinema,44497
122,Paris Street Life Cinema,468
122,Paris Street Life Cinema,322903
122,Paris Street Life Cinema,1626
122,Paris Street Life Cinema,667869
122,Paris Street Life Cinema,285024
122,Paris Street Life Cinema,4578
122,Paris Street Life Cinema,78307
122,Paris Street Life Cinema,14823
122,Paris Street Life Cinema,28391
122,Paris Street Life Cinema,197615
122,Paris Street Life Cinema,1392
122,Paris Street Life Cinema,36208
122,Paris Street Life Cinema,10098
122,Paris Street Life Cinema,434031
122,Paris Street Life Cinema,12405
122,Paris Street Life Cinema,56830
123,Handcrafted Animation Technical Innovations,464768
123,Handcrafted Animation Technical Innovations,399106
123,Handcrafted Animation Technical Innovations,712454
123,Handcrafted Animation Technical Innovations,11533
123,Handcrafted Animation Technical Innovations,531
123,Handcrafted Animation Technical Innovations,532
123,Handcrafted Animation Technical Innovations,149
123,Handcrafted Animation Technical Innovations,72214
123,Handcrafted Animation Technical Innovations,127380
123,Handcrafted Animation Technical Innovations,408
123,Handcrafted Animation Technical Innovations,19354
123,Handcrafted Animation Technical Innovations,13981
123,Handcrafted Animation Technical Innovations,10527
123,Handcrafted Animation Technical Innovations,200481
123,Handcrafted Animation Technical Innovations,10020
123,Handcrafted Animation Technical Innovations,339877
123,Handcrafted Animation Technical Innovations,42025
123,Handcrafted Animation Technical Innovations,45745
123,Handcrafted Animation Technical Innovations,529203
123,Handcrafted Animation Technical Innovations,35253
123,Handcrafted Animation Technical Innovations,11704
123,Handcrafted Animation Technical Innovations,953
123,Handcrafted Animation Technical Innovations,457784
123,Handcrafted Animation Technical Innovations,560057
123,Handcrafted Animation Technical Innovations,358332
123,Handcrafted Animation Technical Innovations,80321
123,Handcrafted Animation Technical Innovations,12613
123,Handcrafted Animation Technical Innovations,67654
123,Handcrafted Animation Technical Innovations,15947
123,Handcrafted Animation Technical Innovations,71883
123,Handcrafted Animation Technical Innovations,10957
123,Handcrafted Animation Technical Innovations,568012
123,Handcrafted Animation Technical Innovations,253777
123,Handcrafted Animation Technical Innovations,313297
123,Handcrafted Animation Technical Innovations,301528
123,Handcrafted Animation Technical Innovations,518747
123,Handcrafted Animation Technical Innovations,59357
123,Handcrafted Animation Technical Innovations,798051
123,Handcrafted Animation Technical Innovations,9444
123,Handcrafted Animation Technical Innovations,1059301
123,Handcrafted Animation Technical Innovations,9325
123,Handcrafted Animation Technical Innovations,36079
123,Handcrafted Animation Technical Innovations,527729
124,TV Series to Movie Adaptations,67841
124,TV Series to Movie Adaptations,1923
124,TV Series to Movie Adaptations,411268
124,TV Series to Movie Adaptations,36355
124,TV Series to Movie Adaptations,374022
124,TV Series to Movie Adaptations,504827
124,TV Series to Movie Adaptations,947207
124,TV Series to Movie Adaptations,651
124,TV Series to Movie Adaptations,37136
124,TV Series to Movie Adaptations,32021
124,TV Series to Movie Adaptations,217366
124,TV Series to Movie Adaptations,152
124,TV Series to Movie Adaptations,29721
124,TV Series to Movie Adaptations,154
124,TV Series to Movie Adaptations,873627
124,TV Series to Movie Adaptations,133919
124,TV Series to Movie Adaptations,81440
124,TV Series to Movie Adaptations,466852
124,TV Series to Movie Adaptations,1228710
124,TV Series to Movie Adaptations,9257
124,TV Series to Movie Adaptations,128938
124,TV Series to Movie Adaptations,993066
124,TV Series to Movie Adaptations,11052
124,TV Series to Movie Adaptations,39084
124,TV Series to Movie Adaptations,40623
124,TV Series to Movie Adaptations,75826
124,TV Series to Movie Adaptations,9907
124,TV Series to Movie Adaptations,15674
124,TV Series to Movie Adaptations,355131
124,TV Series to Movie Adaptations,10940
124,TV Series to Movie Adaptations,627133
124,TV Series to Movie Adaptations,496450
124,TV Series to Movie Adaptations,498376
124,TV Series to Movie Adaptations,15691
124,TV Series to Movie Adaptations,376268
124,TV Series to Movie Adaptations,19405
124,TV Series to Movie Adaptations,846
124,TV Series to Movie Adaptations,18126
124,TV Series to Movie Adaptations,37837
124,TV Series to Movie Adaptations,524369
124,TV Series to Movie Adaptations,1186126
124,TV Series to Movie Adaptations,2268
124,TV Series to Movie Adaptations,15969
124,TV Series to Movie Adaptations,559969
124,TV Series to Movie Adaptations,9059
124,TV Series to Movie Adaptations,798051
124,TV Series to Movie Adaptations,2661
124,TV Series to Movie Adaptations,9958
124,TV Series to Movie Adaptations,20455
124,TV Series to Movie Adaptations,14317
124,TV Series to Movie Adaptations,2160
124,TV Series to Movie Adaptations,1523059
124,TV Series to Movie Adaptations,10228
124,TV Series to Movie Adaptations,105077
124,TV Series to Movie Adaptations,285812
124,TV Series to Movie Adaptations,535544
124,TV Series to Movie Adaptations,43387
124,TV Series to Movie Adaptations,54392
124,TV Series to Movie Adaptations,174078
124,TV Series to Movie Adaptations,35711
125,Metaverse Precursor Science Fiction Films,10881
125,Metaverse Precursor Science Fiction Films,33155
125,Metaverse Precursor Science Fiction Films,9348
125,Metaverse Precursor Science Fiction Films,29065
125,Metaverse Precursor Science Fiction Films,20874
125,Metaverse Precursor Science Fiction Films,5137
125,Metaverse Precursor Science Fiction Films,31380
125,Metaverse Precursor Science Fiction Films,100089
125,Metaverse Precursor Science Fiction Films,152
125,Metaverse Precursor Science Fiction Films,2969
125,Metaverse Precursor Science Fiction Films,1946
125,Metaverse Precursor Science Fiction Films,19483
125,Metaverse Precursor Science Fiction Films,31258
125,Metaverse Precursor Science Fiction Films,10016
125,Metaverse Precursor Science Fiction Films,285857
125,Metaverse Precursor Science Fiction Films,24488
125,Metaverse Precursor Science Fiction Films,157353
125,Metaverse Precursor Science Fiction Films,20526
125,Metaverse Precursor Science Fiction Films,31280
125,Metaverse Precursor Science Fiction Films,19761
125,Metaverse Precursor Science Fiction Films,3509
125,Metaverse Precursor Science Fiction Films,28214
125,Metaverse Precursor Science Fiction Films,14139
125,Metaverse Precursor Science Fiction Films,4923
125,Metaverse Precursor Science Fiction Films,27072
125,Metaverse Precursor Science Fiction Films,240832
125,Metaverse Precursor Science Fiction Films,835
125,Metaverse Precursor Science Fiction Films,249415
125,Metaverse Precursor Science Fiction Films,4296
125,Metaverse Precursor Science Fiction Films,401867
125,Metaverse Precursor Science Fiction Films,409421
125,Metaverse Precursor Science Fiction Films,45779
125,Metaverse Precursor Science Fiction Films,35412
125,Metaverse Precursor Science Fiction Films,2134
125,Metaverse Precursor Science Fiction Films,29146
125,Metaverse Precursor Science Fiction Films,152795
125,Metaverse Precursor Science Fiction Films,73065
125,Metaverse Precursor Science Fiction Films,5491
125,Metaverse Precursor Science Fiction Films,50037
125,Metaverse Precursor Science Fiction Films,49529
125,Metaverse Precursor Science Fiction Films,636
126,Lucky Charm Plot Device Movies,4485
126,Lucky Charm Plot Device Movies,36488
126,Lucky Charm Plot Device Movies,17801
126,Lucky Charm Plot Device Movies,27918
126,Lucky Charm Plot Device Movies,47758
126,Lucky Charm Plot Device Movies,81041
126,Lucky Charm Plot Device Movies,38803
126,Lucky Charm Plot Device Movies,9620
126,Lucky Charm Plot Device Movies,205588
126,Lucky Charm Plot Device Movies,43799
126,Lucky Charm Plot Device Movies,29464
126,Lucky Charm Plot Device Movies,152
126,Lucky Charm Plot Device Movies,3481
126,Lucky Charm Plot Device Movies,13982
126,Lucky Charm Plot Device Movies,27295
126,Lucky Charm Plot Device Movies,15007
126,Lucky Charm Plot Device Movies,533535
126,Lucky Charm Plot Device Movies,624808
126,Lucky Charm Plot Device Movies,29872
126,Lucky Charm Plot Device Movies,337329
126,Lucky Charm Plot Device Movies,41651
126,Lucky Charm Plot Device Movies,40628
126,Lucky Charm Plot Device Movies,340666
126,Lucky Charm Plot Device Movies,22592
126,Lucky Charm Plot Device Movies,19794
126,Lucky Charm Plot Device Movies,1493
126,Lucky Charm Plot Device Movies,12245
126,Lucky Charm Plot Device Movies,111960
126,Lucky Charm Plot Device Movies,63578
126,Lucky Charm Plot Device Movies,5595
126,Lucky Charm Plot Device Movies,8285
126,Lucky Charm Plot Device Movies,66018
126,Lucky Charm Plot Device Movies,286565
126,Lucky Charm Plot Device Movies,582375
126,Lucky Charm Plot Device Movies,485612
126,Lucky Charm Plot Device Movies,2161
126,Lucky Charm Plot Device Movies,49526
126,Lucky Charm Plot Device Movies,303991
126,Lucky Charm Plot Device Movies,248
126,Lucky Charm Plot Device Movies,43257
126,Lucky Charm Plot Device Movies,251
126,Lucky Charm Plot Device Movies,460668
126,Lucky Charm Plot Device Movies,68734
127,Cross Generational Appeal Comedy Films,59141
127,Cross Generational Appeal Comedy Films,324857
127,Cross Generational Appeal Comedy Films,681351
127,Cross Generational Appeal Comedy Films,253065
127,Cross Generational Appeal Comedy Films,1081609
127,Cross Generational Appeal Comedy Films,59531
127,Cross Generational Appeal Comedy Films,2444
127,Cross Generational Appeal Comedy Films,10897
127,Cross Generational Appeal Comedy Films,183574
127,Cross Generational Appeal Comedy Films,31512
127,Cross Generational Appeal Comedy Films,153
127,Cross Generational Appeal Comedy Films,4890
127,Cross Generational Appeal Comedy Films,616605
127,Cross Generational Appeal Comedy Films,224290
127,Cross Generational Appeal Comedy Films,11172
127,Cross Generational Appeal Comedy Films,13990
127,Cross Generational Appeal Comedy Films,20007
127,Cross Generational Appeal Comedy Films,408360
127,Cross Generational Appeal Comedy Films,632617
127,Cross Generational Appeal Comedy Films,653606
127,Cross Generational Appeal Comedy Films,24238
127,Cross Generational Appeal Comedy Films,1053998
127,Cross Generational Appeal Comedy Films,1595
127,Cross Generational Appeal Comedy Films,470333
127,Cross Generational Appeal Comedy Films,57406
127,Cross Generational Appeal Comedy Films,776515
127,Cross Generational Appeal Comedy Films,228165
127,Cross Generational Appeal Comedy Films,972230
127,Cross Generational Appeal Comedy Films,711
127,Cross Generational Appeal Comedy Films,32329
127,Cross Generational Appeal Comedy Films,10186
127,Cross Generational Appeal Comedy Films,13771
127,Cross Generational Appeal Comedy Films,21452
127,Cross Generational Appeal Comedy Films,59210
127,Cross Generational Appeal Comedy Films,942922
127,Cross Generational Appeal Comedy Films,19663
127,Cross Generational Appeal Comedy Films,20436
127,Cross Generational Appeal Comedy Films,63574
127,Cross Generational Appeal Comedy Films,667869
127,Cross Generational Appeal Comedy Films,1633
127,Cross Generational Appeal Comedy Films,76002
127,Cross Generational Appeal Comedy Films,1901
127,Cross Generational Appeal Comedy Films,15602
127,Cross Generational Appeal Comedy Films,61433
128,Urban Isolation in Modern Cities,1538
128,Urban Isolation in Modern Cities,20492
128,Urban Isolation in Modern Cities,93453
128,Urban Isolation in Modern Cities,401686
128,Urban Isolation in Modern Cities,10135
128,Urban Isolation in Modern Cities,830488
128,Urban Isolation in Modern Cities,153
128,Urban Isolation in Modern Cities,59421
128,Urban Isolation in Modern Cities,10656
128,Urban Isolation in Modern Cities,39202
128,Urban Isolation in Modern Cities,565028
128,Urban Isolation in Modern Cities,332457
128,Urban Isolation in Modern Cities,81836
128,Urban Isolation in Modern Cities,115888
128,Urban Isolation in Modern Cities,31026
128,Urban Isolation in Modern Cities,47796
128,Urban Isolation in Modern Cities,949
128,Urban Isolation in Modern Cities,417206
128,Urban Isolation in Modern Cities,94904
128,Urban Isolation in Modern Cities,514619
128,Urban Isolation in Modern Cities,18493
128,Urban Isolation in Modern Cities,1403070
128,Urban Isolation in Modern Cities,91073
128,Urban Isolation in Modern Cities,59336
128,Urban Isolation in Modern Cities,12233
128,Urban Isolation in Modern Cities,206408
128,Urban Isolation in Modern Cities,27726
128,Urban Isolation in Modern Cities,399566
128,Urban Isolation in Modern Cities,83540
128,Urban Isolation in Modern Cities,10201
128,Urban Isolation in Modern Cities,11227
128,Urban Isolation in Modern Cities,10075
128,Urban Isolation in Modern Cities,2269
128,Urban Isolation in Modern Cities,3040
128,Urban Isolation in Modern Cities,35552
128,Urban Isolation in Modern Cities,18148
128,Urban Isolation in Modern Cities,393445
128,Urban Isolation in Modern Cities,892774
128,Urban Isolation in Modern Cities,212716
128,Urban Isolation in Modern Cities,76025
128,Urban Isolation in Modern Cities,46458
128,Urban Isolation in Modern Cities,357246
129,Sequels That Surpass Their Originals,146304
129,Sequels That Surpass Their Originals,6279
129,Sequels That Surpass Their Originals,4233
129,Sequels That Surpass Their Originals,338958
129,Sequels That Surpass Their Originals,28436
129,Sequels That Surpass Their Originals,3093
129,Sequels That Surpass Their Originals,31638
129,Sequels That Surpass Their Originals,666390
129,Sequels That Surpass Their Originals,8856
129,Sequels That Surpass Their Originals,280
129,Sequels That Surpass Their Originals,154
129,Sequels That Surpass Their Originals,10651
129,Sequels That Surpass Their Originals,315162
129,Sequels That Surpass Their Originals,675353
129,Sequels That Surpass Their Originals,1826
129,Sequels That Surpass Their Originals,290595
129,Sequels That Surpass Their Originals,49444
129,Sequels That Surpass Their Originals,165
129,Sequels That Surpass Their Originals,679
129,Sequels That Surpass Their Originals,8873
129,Sequels That Surpass Their Originals,181808
129,Sequels That Surpass Their Originals,181812
129,Sequels That Surpass Their Originals,458423
129,Sequels That Surpass Their Originals,18360
129,Sequels That Surpass Their Originals,706872
129,Sequels That Surpass Their Originals,207932
129,Sequels That Surpass Their Originals,30656
129,Sequels That Surpass Their Originals,24257
129,Sequels That Surpass Their Originals,80321
129,Sequels That Surpass Their Originals,579
129,Sequels That Surpass Their Originals,2758
129,Sequels That Surpass Their Originals,11595
129,Sequels That Surpass Their Originals,268238
129,Sequels That Surpass Their Originals,796499
129,Sequels That Surpass Their Originals,4437
129,Sequels That Surpass Their Originals,10711
129,Sequels That Surpass Their Originals,42583
129,Sequels That Surpass Their Originals,56535
129,Sequels That Surpass Their Originals,432602
129,Sequels That Surpass Their Originals,268896
129,Sequels That Surpass Their Originals,11873
129,Sequels That Surpass Their Originals,93794
129,Sequels That Surpass Their Originals,1891
129,Sequels That Surpass Their Originals,229
129,Sequels That Surpass Their Originals,199534
129,Sequels That Surpass Their Originals,11510
129,Sequels That Surpass Their Originals,1656
129,Sequels That Surpass Their Originals,11130
129,Sequels That Surpass Their Originals,78076
129,Sequels That Surpass Their Originals,15997
129,Sequels That Surpass Their Originals,34814
129,Sequels That Surpass Their Originals,180863
130,Friends To Lovers Done Right,11520
130,Friends To Lovers Done Right,49538
130,Friends To Lovers Done Right,62211
130,Friends To Lovers Done Right,8839
130,Friends To Lovers Done Right,10379
130,Friends To Lovers Done Right,1290125
130,Friends To Lovers Done Right,8976
130,Friends To Lovers Done Right,15383
130,Friends To Lovers Done Right,22423
130,Friends To Lovers Done Right,10521
130,Friends To Lovers Done Right,200727
130,Friends To Lovers Done Right,11547
130,Friends To Lovers Done Right,1363224
130,Friends To Lovers Done Right,4253
130,Friends To Lovers Done Right,157
130,Friends To Lovers Done Right,48034
130,Friends To Lovers Done Right,13475
130,Friends To Lovers Done Right,107811
130,Friends To Lovers Done Right,288036
130,Friends To Lovers Done Right,80038
130,Friends To Lovers Done Right,35623
130,Friends To Lovers Done Right,384677
130,Friends To Lovers Done Right,120109
130,Friends To Lovers Done Right,23601
130,Friends To Lovers Done Right,9398
130,Friends To Lovers Done Right,11577
130,Friends To Lovers Done Right,709
130,Friends To Lovers Done Right,508101
130,Friends To Lovers Done Right,541134
130,Friends To Lovers Done Right,19663
130,Friends To Lovers Done Right,703451
130,Friends To Lovers Done Right,12254
130,Friends To Lovers Done Right,15584
130,Friends To Lovers Done Right,656609
130,Friends To Lovers Done Right,51170
130,Friends To Lovers Done Right,273762
130,Friends To Lovers Done Right,12133
130,Friends To Lovers Done Right,50544
130,Friends To Lovers Done Right,10358
130,Friends To Lovers Done Right,251
130,Friends To Lovers Done Right,639
131,Christopher Walken Villain Performance Movies,41216
131,Christopher Walken Villain Performance Movies,13313
131,Christopher Walken Villain Performance Movies,772
131,Christopher Walken Villain Performance Movies,47364
131,Christopher Walken Villain Performance Movies,646
131,Christopher Walken Villain Performance Movies,8838
131,Christopher Walken Villain Performance Movies,339846
131,Christopher Walken Villain Performance Movies,34314
131,Christopher Walken Villain Performance Movies,8845
131,Christopher Walken Villain Performance Movies,13715
131,Christopher Walken Villain Performance Movies,66195
131,Christopher Walken Villain Performance Movies,32021
131,Christopher Walken Villain Performance Movies,10518
131,Christopher Walken Villain Performance Movies,15895
131,Christopher Walken Villain Performance Movies,346646
131,Christopher Walken Villain Performance Movies,157
131,Christopher Walken Villain Performance Movies,2082
131,Christopher Walken Villain Performance Movies,11811
131,Christopher Walken Villain Performance Movies,257445
131,Christopher Walken Villain Performance Movies,157350
131,Christopher Walken Villain Performance Movies,11688
131,Christopher Walken Villain Performance Movies,4141
131,Christopher Walken Villain Performance Movies,113582
131,Christopher Walken Villain Performance Movies,9398
131,Christopher Walken Villain Performance Movies,26167
131,Christopher Walken Villain Performance Movies,3512
131,Christopher Walken Villain Performance Movies,16441
131,Christopher Walken Villain Performance Movies,314
131,Christopher Walken Villain Performance Movies,15035
131,Christopher Walken Villain Performance Movies,39995
131,Christopher Walken Villain Performance Movies,11454
131,Christopher Walken Villain Performance Movies,17984
131,Christopher Walken Villain Performance Movies,6977
131,Christopher Walken Villain Performance Movies,30789
131,Christopher Walken Villain Performance Movies,9542
131,Christopher Walken Villain Performance Movies,57926
131,Christopher Walken Villain Performance Movies,37066
131,Christopher Walken Villain Performance Movies,845
131,Christopher Walken Villain Performance Movies,6477
131,Christopher Walken Villain Performance Movies,11087
131,Christopher Walken Villain Performance Movies,502356
131,Christopher Walken Villain Performance Movies,60631
131,Christopher Walken Villain Performance Movies,9946
131,Christopher Walken Villain Performance Movies,43867
131,Christopher Walken Villain Performance Movies,8285
131,Christopher Walken Villain Performance Movies,21989
131,Christopher Walken Villain Performance Movies,646380
131,Christopher Walken Villain Performance Movies,2163
131,Christopher Walken Villain Performance Movies,304372
131,Christopher Walken Villain Performance Movies,9333
131,Christopher Walken Villain Performance Movies,542836
131,Christopher Walken Villain Performance Movies,37495
131,Christopher Walken Villain Performance Movies,1065076
131,Christopher Walken Villain Performance Movies,11258
131,Christopher Walken Villain Performance Movies,2300
132,Farm To Table Movement Films,209928
132,Farm To Table Movement Films,18570
132,Farm To Table Movement Films,1931
132,Farm To Table Movement Films,1384203
132,Farm To Table Movement Films,57488
132,Farm To Table Movement Films,292374
132,Farm To Table Movement Films,159897
132,Farm To Table Movement Films,8221
132,Farm To Table Movement Films,196253
132,Farm To Table Movement Films,160
132,Farm To Table Movement Films,21156
132,Farm To Table Movement Films,9767
132,Farm To Table Movement Films,56231
132,Farm To Table Movement Films,288427
132,Farm To Table Movement Films,159152
132,Farm To Table Movement Films,229297
132,Farm To Table Movement Films,74558
132,Farm To Table Movement Films,452
132,Farm To Table Movement Films,83653
132,Farm To Table Movement Films,1365578
132,Farm To Table Movement Films,920015
132,Farm To Table Movement Films,1873
132,Farm To Table Movement Films,453974
132,Farm To Table Movement Films,36950
132,Farm To Table Movement Films,42847
132,Farm To Table Movement Films,115685
132,Farm To Table Movement Films,253291
132,Farm To Table Movement Films,543084
132,Farm To Table Movement Films,49007
132,Farm To Table Movement Films,463088
132,Farm To Table Movement Films,594288
132,Farm To Table Movement Films,174322
132,Farm To Table Movement Films,794227
132,Farm To Table Movement Films,264308
132,Farm To Table Movement Films,84341
132,Farm To Table Movement Films,92663
132,Farm To Table Movement Films,525183
133,Cinema Verite Historical Foundation Films,396929
133,Cinema Verite Historical Foundation Films,4868
133,Cinema Verite Historical Foundation Films,14728
133,Cinema Verite Historical Foundation Films,104460
133,Cinema Verite Historical Foundation Films,31245
133,Cinema Verite Historical Foundation Films,490132
133,Cinema Verite Historical Foundation Films,1090964
133,Cinema Verite Historical Foundation Films,34326
133,Cinema Verite Historical Foundation Films,25624
133,Cinema Verite Historical Foundation Films,129436
133,Cinema Verite Historical Foundation Films,160
133,Cinema Verite Historical Foundation Films,22178
133,Cinema Verite Historical Foundation Films,103203
133,Cinema Verite Historical Foundation Films,109221
133,Cinema Verite Historical Foundation Films,176167
133,Cinema Verite Historical Foundation Films,121899
133,Cinema Verite Historical Foundation Films,354859
133,Cinema Verite Historical Foundation Films,11953
133,Cinema Verite Historical Foundation Films,1842
133,Cinema Verite Historical Foundation Films,618162
133,Cinema Verite Historical Foundation Films,2361
133,Cinema Verite Historical Foundation Films,90041
133,Cinema Verite Historical Foundation Films,167616
133,Cinema Verite Historical Foundation Films,377153
133,Cinema Verite Historical Foundation Films,142026
133,Cinema Verite Historical Foundation Films,48205
133,Cinema Verite Historical Foundation Films,29263
133,Cinema Verite Historical Foundation Films,48336
133,Cinema Verite Historical Foundation Films,978
133,Cinema Verite Historical Foundation Films,1492
133,Cinema Verite Historical Foundation Films,200919
133,Cinema Verite Historical Foundation Films,9950
133,Cinema Verite Historical Foundation Films,1632
133,Cinema Verite Historical Foundation Films,144611
133,Cinema Verite Historical Foundation Films,1116900
133,Cinema Verite Historical Foundation Films,124902
133,Cinema Verite Historical Foundation Films,64877
133,Cinema Verite Historical Foundation Films,21494
133,Cinema Verite Historical Foundation Films,262009
133,Cinema Verite Historical Foundation Films,11259
133,Cinema Verite Historical Foundation Films,11902
134,Moral Compromise For Success Stories,524288
134,Moral Compromise For Success Stories,450945
134,Moral Compromise For Success Stories,43522
134,Moral Compromise For Success Stories,8835
134,Moral Compromise For Success Stories,11652
134,Moral Compromise For Success Stories,24452
134,Moral Compromise For Success Stories,782987
134,Moral Compromise For Success Stories,358924
134,Moral Compromise For Success Stories,123281
134,Moral Compromise For Success Stories,788
134,Moral Compromise For Success Stories,433941
134,Moral Compromise For Success Stories,408
134,Moral Compromise For Success Stories,22682
134,Moral Compromise For Success Stories,13466
134,Moral Compromise For Success Stories,811933
134,Moral Compromise For Success Stories,49952
134,Moral Compromise For Success Stories,161
134,Moral Compromise For Success Stories,41120
134,Moral Compromise For Success Stories,40867
134,Moral Compromise For Success Stories,1228710
134,Moral Compromise For Success Stories,37799
134,Moral Compromise For Success Stories,37416
134,Moral Compromise For Success Stories,16046
134,Moral Compromise For Success Stories,261039
134,Moral Compromise For Success Stories,16052
134,Moral Compromise For Success Stories,628534
134,Moral Compromise For Success Stories,32823
134,Moral Compromise For Success Stories,706872
134,Moral Compromise For Success Stories,46138
134,Moral Compromise For Success Stories,29116
134,Moral Compromise For Success Stories,26815
134,Moral Compromise For Success Stories,603206
134,Moral Compromise For Success Stories,33997
134,Moral Compromise For Success Stories,15567
134,Moral Compromise For Success Stories,2007
134,Moral Compromise For Success Stories,946137
134,Moral Compromise For Success Stories,340445
134,Moral Compromise For Success Stories,1160164
134,Moral Compromise For Success Stories,83686
134,Moral Compromise For Success Stories,316776
134,Moral Compromise For Success Stories,3049
134,Moral Compromise For Success Stories,49393
134,Moral Compromise For Success Stories,43890
134,Moral Compromise For Success Stories,68979
134,Moral Compromise For Success Stories,596980
134,Moral Compromise For Success Stories,43899
135,Gothic Horror in Modern Settings,27398
135,Gothic Horror in Modern Settings,26761
135,Gothic Horror in Modern Settings,41225
135,Gothic Horror in Modern Settings,14605
135,Gothic Horror in Modern Settings,33423
135,Gothic Horror in Modern Settings,28049
135,Gothic Horror in Modern Settings,18196
135,Gothic Horror in Modern Settings,277
135,Gothic Horror in Modern Settings,6037
135,Gothic Horror in Modern Settings,288158
135,Gothic Horror in Modern Settings,162
135,Gothic Horror in Modern Settings,18851
135,Gothic Horror in Modern Settings,805
135,Gothic Horror in Modern Settings,152742
135,Gothic Horror in Modern Settings,439079
135,Gothic Horror in Modern Settings,40364
135,Gothic Horror in Modern Settings,14001
135,Gothic Horror in Modern Settings,58293
135,Gothic Horror in Modern Settings,39222
135,Gothic Horror in Modern Settings,28855
135,Gothic Horror in Modern Settings,207933
135,Gothic Horror in Modern Settings,53950
135,Gothic Horror in Modern Settings,9410
135,Gothic Horror in Modern Settings,29128
135,Gothic Horror in Modern Settings,18256
135,Gothic Horror in Modern Settings,31952
135,Gothic Horror in Modern Settings,29267
135,Gothic Horror in Modern Settings,618585
135,Gothic Horror in Modern Settings,3035
135,Gothic Horror in Modern Settings,72544
135,Gothic Horror in Modern Settings,13666
135,Gothic Horror in Modern Settings,9059
135,Gothic Horror in Modern Settings,340837
135,Gothic Horror in Modern Settings,29030
135,Gothic Horror in Modern Settings,47333
135,Gothic Horror in Modern Settings,79080
135,Gothic Horror in Modern Settings,4970
135,Gothic Horror in Modern Settings,14698
135,Gothic Horror in Modern Settings,65899
135,Gothic Horror in Modern Settings,3053
135,Gothic Horror in Modern Settings,13549
135,Gothic Horror in Modern Settings,30574
135,Gothic Horror in Modern Settings,628
135,Gothic Horror in Modern Settings,29049
135,Gothic Horror in Modern Settings,28667
135,Gothic Horror in Modern Settings,13310
136,Roger Corman Produced Fantasy Films,432131
136,Roger Corman Produced Fantasy Films,111237
136,Roger Corman Produced Fantasy Films,44424
136,Roger Corman Produced Fantasy Films,15370
136,Roger Corman Produced Fantasy Films,38031
136,Roger Corman Produced Fantasy Films,15895
136,Roger Corman Produced Fantasy Films,411
136,Roger Corman Produced Fantasy Films,672
136,Roger Corman Produced Fantasy Films,162
136,Roger Corman Produced Fantasy Films,75948
136,Roger Corman Produced Fantasy Films,18937
136,Roger Corman Produced Fantasy Films,47406
136,Roger Corman Produced Fantasy Films,14517
136,Roger Corman Produced Fantasy Films,10166
136,Roger Corman Produced Fantasy Films,31162
136,Roger Corman Produced Fantasy Films,627133
136,Roger Corman Produced Fantasy Films,20542
136,Roger Corman Produced Fantasy Films,13759
136,Roger Corman Produced Fantasy Films,11968
136,Roger Corman Produced Fantasy Films,14784
136,Roger Corman Produced Fantasy Films,358723
136,Roger Corman Produced Fantasy Films,4935
136,Roger Corman Produced Fantasy Films,8009
136,Roger Corman Produced Fantasy Films,297802
136,Roger Corman Produced Fantasy Films,57165
136,Roger Corman Produced Fantasy Films,29903
136,Roger Corman Produced Fantasy Films,1362
136,Roger Corman Produced Fantasy Films,13397
136,Roger Corman Produced Fantasy Films,11352
136,Roger Corman Produced Fantasy Films,2268
136,Roger Corman Produced Fantasy Films,241259
136,Roger Corman Produced Fantasy Films,60400
136,Roger Corman Produced Fantasy Films,48242
136,Roger Corman Produced Fantasy Films,9078
136,Roger Corman Produced Fantasy Films,68728
136,Roger Corman Produced Fantasy Films,13945
136,Roger Corman Produced Fantasy Films,65530
137,Cross Class Drama Pioneers,13697
137,Cross Class Drama Pioneers,17795
137,Cross Class Drama Pioneers,900
137,Cross Class Drama Pioneers,33796
137,Cross Class Drama Pioneers,8071
137,Cross Class Drama Pioneers,347019
137,Cross Class Drama Pioneers,226448
137,Cross Class Drama Pioneers,38291
137,Cross Class Drama Pioneers,3092
137,Cross Class Drama Pioneers,11159
137,Cross Class Drama Pioneers,114201
137,Cross Class Drama Pioneers,77338
137,Cross Class Drama Pioneers,19995
137,Cross Class Drama Pioneers,10269
137,Cross Class Drama Pioneers,9503
137,Cross Class Drama Pioneers,27554
137,Cross Class Drama Pioneers,163
137,Cross Class Drama Pioneers,180900
137,Cross Class Drama Pioneers,598826
137,Cross Class Drama Pioneers,11054
137,Cross Class Drama Pioneers,33841
137,Cross Class Drama Pioneers,38322
137,Cross Class Drama Pioneers,575793
137,Cross Class Drama Pioneers,12086
137,Cross Class Drama Pioneers,19255
137,Cross Class Drama Pioneers,14134
137,Cross Class Drama Pioneers,903866
137,Cross Class Drama Pioneers,76411
137,Cross Class Drama Pioneers,76229
137,Cross Class Drama Pioneers,35144
137,Cross Class Drama Pioneers,71880
137,Cross Class Drama Pioneers,125257
137,Cross Class Drama Pioneers,245840
137,Cross Class Drama Pioneers,64984
137,Cross Class Drama Pioneers,858
137,Cross Class Drama Pioneers,63328
137,Cross Class Drama Pioneers,53217
137,Cross Class Drama Pioneers,11368
137,Cross Class Drama Pioneers,54890
137,Cross Class Drama Pioneers,13291
137,Cross Class Drama Pioneers,60525
137,Cross Class Drama Pioneers,89455
137,Cross Class Drama Pioneers,10480
137,Cross Class Drama Pioneers,41714
137,Cross Class Drama Pioneers,18681
137,Cross Class Drama Pioneers,11131
137,Cross Class Drama Pioneers,125693
138,Power Dynamic Romance Character Studies,258
138,Power Dynamic Romance Character Studies,255
138,Power Dynamic Romance Character Studies,60420
138,Power Dynamic Romance Character Studies,119675
138,Power Dynamic Romance Character Studies,8070
138,Power Dynamic Romance Character Studies,209410
138,Power Dynamic Romance Character Studies,152584
138,Power Dynamic Romance Character Studies,462469
138,Power Dynamic Romance Character Studies,127501
138,Power Dynamic Romance Character Studies,369038
138,Power Dynamic Romance Character Studies,19344
138,Power Dynamic Romance Character Studies,29077
138,Power Dynamic Romance Character Studies,193687
138,Power Dynamic Romance Character Studies,200727
138,Power Dynamic Romance Character Studies,16409
138,Power Dynamic Romance Character Studies,152601
138,Power Dynamic Romance Character Studies,33693
138,Power Dynamic Romance Character Studies,16162
138,Power Dynamic Romance Character Studies,164
138,Power Dynamic Romance Character Studies,2469
138,Power Dynamic Romance Character Studies,294
138,Power Dynamic Romance Character Studies,288036
138,Power Dynamic Romance Character Studies,11050
138,Power Dynamic Romance Character Studies,8748
138,Power Dynamic Romance Character Studies,2611
138,Power Dynamic Romance Character Studies,3640
138,Power Dynamic Romance Character Studies,53049
138,Power Dynamic Romance Character Studies,57157
138,Power Dynamic Romance Character Studies,88005
138,Power Dynamic Romance Character Studies,1610
138,Power Dynamic Romance Character Studies,31052
138,Power Dynamic Romance Character Studies,2002
138,Power Dynamic Romance Character Studies,216
138,Power Dynamic Romance Character Studies,10333
138,Power Dynamic Romance Character Studies,27102
138,Power Dynamic Romance Character Studies,584288
138,Power Dynamic Romance Character Studies,36833
138,Power Dynamic Romance Character Studies,109667
138,Power Dynamic Romance Character Studies,10215
138,Power Dynamic Romance Character Studies,15859
138,Power Dynamic Romance Character Studies,1472503
138,Power Dynamic Romance Character Studies,41210
138,Power Dynamic Romance Character Studies,36731
138,Power Dynamic Romance Character Studies,639
139,Mo Lei Tau Comedy Classics,900
139,Mo Lei Tau Comedy Classics,36741
139,Mo Lei Tau Comedy Classics,10631
139,Mo Lei Tau Comedy Classics,19463
139,Mo Lei Tau Comedy Classics,20873
139,Mo Lei Tau Comedy Classics,14475
139,Mo Lei Tau Comedy Classics,525
139,Mo Lei Tau Comedy Classics,3086
139,Mo Lei Tau Comedy Classics,53525
139,Mo Lei Tau Comedy Classics,81305
139,Mo Lei Tau Comedy Classics,51357
139,Mo Lei Tau Comedy Classics,30366
139,Mo Lei Tau Comedy Classics,32928
139,Mo Lei Tau Comedy Classics,13345
139,Mo Lei Tau Comedy Classics,34082
139,Mo Lei Tau Comedy Classics,166
139,Mo Lei Tau Comedy Classics,25768
139,Mo Lei Tau Comedy Classics,38442
139,Mo Lei Tau Comedy Classics,53418
139,Mo Lei Tau Comedy Classics,813
139,Mo Lei Tau Comedy Classics,430
139,Mo Lei Tau Comedy Classics,56118
139,Mo Lei Tau Comedy Classics,2616
139,Mo Lei Tau Comedy Classics,8764
139,Mo Lei Tau Comedy Classics,42814
139,Mo Lei Tau Comedy Classics,57663
139,Mo Lei Tau Comedy Classics,9026
139,Mo Lei Tau Comedy Classics,9414
139,Mo Lei Tau Comedy Classics,18764
139,Mo Lei Tau Comedy Classics,9427
139,Mo Lei Tau Comedy Classics,14035
139,Mo Lei Tau Comedy Classics,38742
139,Mo Lei Tau Comedy Classics,13911
139,Mo Lei Tau Comedy Classics,28001
139,Mo Lei Tau Comedy Classics,14052
139,Mo Lei Tau Comedy Classics,791785
139,Mo Lei Tau Comedy Classics,52844
139,Mo Lei Tau Comedy Classics,19317
139,Mo Lei Tau Comedy Classics,43257
139,Mo Lei Tau Comedy Classics,43775
140,Hollywood Self Reflection Cinema,5122
140,Hollywood Self Reflection Cinema,381580
140,Hollywood Self Reflection Cinema,22414
140,Hollywood Self Reflection Cinema,37774
140,Hollywood Self Reflection Cinema,56724
140,Hollywood Self Reflection Cinema,289561
140,Hollywood Self Reflection Cinema,48155
140,Hollywood Self Reflection Cinema,86816
140,Hollywood Self Reflection Cinema,17057
140,Hollywood Self Reflection Cinema,10403
140,Hollywood Self Reflection Cinema,166
140,Hollywood Self Reflection Cinema,3111
140,Hollywood Self Reflection Cinema,66600
140,Hollywood Self Reflection Cinema,10794
140,Hollywood Self Reflection Cinema,39210
140,Hollywood Self Reflection Cinema,42160
140,Hollywood Self Reflection Cinema,16561
140,Hollywood Self Reflection Cinema,86835
140,Hollywood Self Reflection Cinema,1723
140,Hollywood Self Reflection Cinema,62655
140,Hollywood Self Reflection Cinema,289216
140,Hollywood Self Reflection Cinema,2757
140,Hollywood Self Reflection Cinema,32069
140,Hollywood Self Reflection Cinema,52679
140,Hollywood Self Reflection Cinema,78149
140,Hollywood Self Reflection Cinema,9296
140,Hollywood Self Reflection Cinema,100310
140,Hollywood Self Reflection Cinema,112087
140,Hollywood Self Reflection Cinema,27225
140,Hollywood Self Reflection Cinema,3033
140,Hollywood Self Reflection Cinema,615777
140,Hollywood Self Reflection Cinema,109414
140,Hollywood Self Reflection Cinema,56168
140,Hollywood Self Reflection Cinema,3055
140,Hollywood Self Reflection Cinema,36593
140,Hollywood Self Reflection Cinema,32499
140,Hollywood Self Reflection Cinema,32628
140,Hollywood Self Reflection Cinema,28789
141,Mirror Symbolism in Classic Cinema,19072
141,Mirror Symbolism in Classic Cinema,899
141,Mirror Symbolism in Classic Cinema,521
141,Mirror Symbolism in Classic Cinema,119564
141,Mirror Symbolism in Classic Cinema,3598
141,Mirror Symbolism in Classic Cinema,43278
141,Mirror Symbolism in Classic Cinema,46096
141,Mirror Symbolism in Classic Cinema,13457
141,Mirror Symbolism in Classic Cinema,26514
141,Mirror Symbolism in Classic Cinema,40725
141,Mirror Symbolism in Classic Cinema,49687
141,Mirror Symbolism in Classic Cinema,26520
141,Mirror Symbolism in Classic Cinema,43800
141,Mirror Symbolism in Classic Cinema,134427
141,Mirror Symbolism in Classic Cinema,115109
141,Mirror Symbolism in Classic Cinema,166
141,Mirror Symbolism in Classic Cinema,132263
141,Mirror Symbolism in Classic Cinema,31657
141,Mirror Symbolism in Classic Cinema,43306
141,Mirror Symbolism in Classic Cinema,36652
141,Mirror Symbolism in Classic Cinema,32430
141,Mirror Symbolism in Classic Cinema,16559
141,Mirror Symbolism in Classic Cinema,33839
141,Mirror Symbolism in Classic Cinema,63151
141,Mirror Symbolism in Classic Cinema,165935
141,Mirror Symbolism in Classic Cinema,43316
141,Mirror Symbolism in Classic Cinema,43189
141,Mirror Symbolism in Classic Cinema,90807
141,Mirror Symbolism in Classic Cinema,28345
141,Mirror Symbolism in Classic Cinema,48954
141,Mirror Symbolism in Classic Cinema,123452
141,Mirror Symbolism in Classic Cinema,26174
141,Mirror Symbolism in Classic Cinema,42943
141,Mirror Symbolism in Classic Cinema,109886
141,Mirror Symbolism in Classic Cinema,24650
141,Mirror Symbolism in Classic Cinema,845
141,Mirror Symbolism in Classic Cinema,239693
141,Mirror Symbolism in Classic Cinema,28753
141,Mirror Symbolism in Classic Cinema,599
141,Mirror Symbolism in Classic Cinema,37087
141,Mirror Symbolism in Classic Cinema,13665
141,Mirror Symbolism in Classic Cinema,19169
141,Mirror Symbolism in Classic Cinema,43361
141,Mirror Symbolism in Classic Cinema,20324
141,Mirror Symbolism in Classic Cinema,48993
141,Mirror Symbolism in Classic Cinema,18790
141,Mirror Symbolism in Classic Cinema,69605
141,Mirror Symbolism in Classic Cinema,10728
141,Mirror Symbolism in Classic Cinema,15081
141,Mirror Symbolism in Classic Cinema,26600
141,Mirror Symbolism in Classic Cinema,77412
141,Mirror Symbolism in Classic Cinema,182504
141,Mirror Symbolism in Classic Cinema,191081
141,Mirror Symbolism in Classic Cinema,243565
141,Mirror Symbolism in Classic Cinema,20849
141,Mirror Symbolism in Classic Cinema,45938
141,Mirror Symbolism in Classic Cinema,50675
141,Mirror Symbolism in Classic Cinema,50549
141,Mirror Symbolism in Classic Cinema,113916
142,Spiritual Crisis in Modern Society,11399
142,Spiritual Crisis in Modern Society,297608
142,Spiritual Crisis in Modern Society,489354
142,Spiritual Crisis in Modern Society,29455
142,Spiritual Crisis in Modern Society,322447
142,Spiritual Crisis in Modern Society,50578
142,Spiritual Crisis in Modern Society,203538
142,Spiritual Crisis in Modern Society,345628
142,Spiritual Crisis in Modern Society,24349
142,Spiritual Crisis in Modern Society,167
142,Spiritual Crisis in Modern Society,81831
142,Spiritual Crisis in Modern Society,439
142,Spiritual Crisis in Modern Society,229304
142,Spiritual Crisis in Modern Society,464825
142,Spiritual Crisis in Modern Society,9282
142,Spiritual Crisis in Modern Society,10308
142,Spiritual Crisis in Modern Society,8009
142,Spiritual Crisis in Modern Society,19155
142,Spiritual Crisis in Modern Society,39891
142,Spiritual Crisis in Modern Society,72277
142,Spiritual Crisis in Modern Society,336216
142,Spiritual Crisis in Modern Society,16605
142,Spiritual Crisis in Modern Society,25951
142,Spiritual Crisis in Modern Society,44639
142,Spiritual Crisis in Modern Society,790496
142,Spiritual Crisis in Modern Society,41059
142,Spiritual Crisis in Modern Society,7014
142,Spiritual Crisis in Modern Society,74727
142,Spiritual Crisis in Modern Society,31592
142,Spiritual Crisis in Modern Society,499558
142,Spiritual Crisis in Modern Society,504172
142,Spiritual Crisis in Modern Society,42095
142,Spiritual Crisis in Modern Society,11506
142,Spiritual Crisis in Modern Society,41970
142,Spiritual Crisis in Modern Society,429174
142,Spiritual Crisis in Modern Society,81527
142,Spiritual Crisis in Modern Society,9722
142,Spiritual Crisis in Modern Society,102524
142,Spiritual Crisis in Modern Society,38142
143,Childhood Trauma Origin Story Movies,11904
143,Childhood Trauma Origin Story Movies,2179
143,Childhood Trauma Origin Story Movies,546565
143,Childhood Trauma Origin Story Movies,34958
143,Childhood Trauma Origin Story Movies,272
143,Childhood Trauma Origin Story Movies,1434256
143,Childhood Trauma Origin Story Movies,429202
143,Childhood Trauma Origin Story Movies,266647
143,Childhood Trauma Origin Story Movies,56088
143,Childhood Trauma Origin Story Movies,1087641
143,Childhood Trauma Origin Story Movies,188571
143,Childhood Trauma Origin Story Movies,474395
143,Childhood Trauma Origin Story Movies,669
143,Childhood Trauma Origin Story Movies,5153
143,Childhood Trauma Origin Story Movies,170
143,Childhood Trauma Origin Story Movies,2604
143,Childhood Trauma Origin Story Movies,13486
143,Childhood Trauma Origin Story Movies,6575
143,Childhood Trauma Origin Story Movies,10160
143,Childhood Trauma Origin Story Movies,11697
143,Childhood Trauma Origin Story Movies,436270
143,Childhood Trauma Origin Story Movies,526896
143,Childhood Trauma Origin Story Movies,20662
143,Childhood Trauma Origin Story Movies,95414
143,Childhood Trauma Origin Story Movies,40377
143,Childhood Trauma Origin Story Movies,27449
143,Childhood Trauma Origin Story Movies,11322
143,Childhood Trauma Origin Story Movies,77882
143,Childhood Trauma Origin Story Movies,9533
143,Childhood Trauma Origin Story Movies,8766
143,Childhood Trauma Origin Story Movies,17473
143,Childhood Trauma Origin Story Movies,834
143,Childhood Trauma Origin Story Movies,31938
143,Childhood Trauma Origin Story Movies,193346
143,Childhood Trauma Origin Story Movies,1467973
143,Childhood Trauma Origin Story Movies,111305
143,Childhood Trauma Origin Story Movies,11979
143,Childhood Trauma Origin Story Movies,332
143,Childhood Trauma Origin Story Movies,15310
143,Childhood Trauma Origin Story Movies,15570
143,Childhood Trauma Origin Story Movies,42198
143,Childhood Trauma Origin Story Movies,43096
143,Childhood Trauma Origin Story Movies,1497
143,Childhood Trauma Origin Story Movies,1372
143,Childhood Trauma Origin Story Movies,32093
143,Childhood Trauma Origin Story Movies,1247
143,Childhood Trauma Origin Story Movies,319071
143,Childhood Trauma Origin Story Movies,228
143,Childhood Trauma Origin Story Movies,30566
143,Childhood Trauma Origin Story Movies,9703
143,Childhood Trauma Origin Story Movies,574950
143,Childhood Trauma Origin Story Movies,26860
143,Childhood Trauma Origin Story Movies,531309
143,Childhood Trauma Origin Story Movies,10481
143,Childhood Trauma Origin Story Movies,26484
143,Childhood Trauma Origin Story Movies,19957
143,Childhood Trauma Origin Story Movies,437109
143,Childhood Trauma Origin Story Movies,476669
144,Child Actor Breakthrough Performances,43266
144,Child Actor Breakthrough Performances,771
144,Child Actor Breakthrough Performances,16515
144,Child Actor Breakthrough Performances,756999
144,Child Actor Breakthrough Performances,10634
144,Child Actor Breakthrough Performances,22796
144,Child Actor Breakthrough Performances,909
144,Child Actor Breakthrough Performances,22797
144,Child Actor Breakthrough Performances,11798
144,Child Actor Breakthrough Performances,41240
144,Child Actor Breakthrough Performances,438808
144,Child Actor Breakthrough Performances,2202
144,Child Actor Breakthrough Performances,98205
144,Child Actor Breakthrough Performances,68256
144,Child Actor Breakthrough Performances,400928
144,Child Actor Breakthrough Performances,41508
144,Child Actor Breakthrough Performances,170
144,Child Actor Breakthrough Performances,157354
144,Child Actor Breakthrough Performances,292010
144,Child Actor Breakthrough Performances,62385
144,Child Actor Breakthrough Performances,17078
144,Child Actor Breakthrough Performances,777270
144,Child Actor Breakthrough Performances,515001
144,Child Actor Breakthrough Performances,901563
144,Child Actor Breakthrough Performances,355515
144,Child Actor Breakthrough Performances,42816
144,Child Actor Breakthrough Performances,283587
144,Child Actor Breakthrough Performances,10950
144,Child Actor Breakthrough Performances,36040
144,Child Actor Breakthrough Performances,713
144,Child Actor Breakthrough Performances,79570
144,Child Actor Breakthrough Performances,406997
144,Child Actor Breakthrough Performances,63831
144,Child Actor Breakthrough Performances,27480
144,Child Actor Breakthrough Performances,2907
144,Child Actor Breakthrough Performances,9820
144,Child Actor Breakthrough Performances,26983
144,Child Actor Breakthrough Performances,43112
144,Child Actor Breakthrough Performances,11881
144,Child Actor Breakthrough Performances,335337
144,Child Actor Breakthrough Performances,2546
144,Child Actor Breakthrough Performances,567410
144,Child Actor Breakthrough Performances,10098
144,Child Actor Breakthrough Performances,12149
144,Child Actor Breakthrough Performances,43899
144,Child Actor Breakthrough Performances,10110
145,Long Take Character Development Films,896
145,Long Take Character Development Films,6795
145,Long Take Character Development Films,1550
145,Long Take Character Development Films,79888
145,Long Take Character Development Films,13073
145,Long Take Character Development Films,6418
145,Long Take Character Development Films,38417
145,Long Take Character Development Films,120729
145,Long Take Character Development Films,37786
145,Long Take Character Development Films,2204
145,Long Take Character Development Films,38303
145,Long Take Character Development Films,48287
145,Long Take Character Development Films,44833
145,Long Take Character Development Films,14370
145,Long Take Character Development Films,399905
145,Long Take Character Development Films,43430
145,Long Take Character Development Films,41383
145,Long Take Character Development Films,52264
145,Long Take Character Development Films,170
145,Long Take Character Development Films,85550
145,Long Take Character Development Films,440
145,Long Take Character Development Films,16442
145,Long Take Character Development Films,15804
145,Long Take Character Development Films,47933
145,Long Take Character Development Films,330947
145,Long Take Character Development Films,54852
145,Long Take Character Development Films,10950
145,Long Take Character Development Films,847
145,Long Take Character Development Films,2255
145,Long Take Character Development Films,14674
145,Long Take Character Development Films,18387
145,Long Take Character Development Films,597
145,Long Take Character Development Films,5590
145,Long Take Character Development Films,32093
145,Long Take Character Development Films,31582
145,Long Take Character Development Films,62177
145,Long Take Character Development Films,51426
145,Long Take Character Development Films,612706
145,Long Take Character Development Films,1893
145,Long Take Character Development Films,1646
145,Long Take Character Development Films,102382
145,Long Take Character Development Films,150897
145,Long Take Character Development Films,38898
145,Long Take Character Development Films,13555
145,Long Take Character Development Films,10357
145,Long Take Character Development Films,1654
145,Long Take Character Development Films,12405
145,Long Take Character Development Films,131322
145,Long Take Character Development Films,16766
146,Faith Versus Science Horror Films,43138
146,Faith Versus Science Horror Films,13190
146,Faith Versus Science Horror Films,33294
146,Faith Versus Science Horror Films,2447
146,Faith Versus Science Horror Films,28308
146,Faith Versus Science Horror Films,44308
146,Faith Versus Science Horror Films,193687
146,Faith Versus Science Horror Films,12568
146,Faith Versus Science Horror Films,24735
146,Faith Versus Science Horror Films,9503
146,Faith Versus Science Horror Films,48035
146,Faith Versus Science Horror Films,10664
146,Faith Versus Science Horror Films,172
146,Faith Versus Science Horror Films,40364
146,Faith Versus Science Horror Films,686
146,Faith Versus Science Horror Films,404143
146,Faith Versus Science Horror Films,16180
146,Faith Versus Science Horror Films,17334
146,Faith Versus Science Horror Films,20024
146,Faith Versus Science Horror Films,43332
146,Faith Versus Science Horror Films,70981
146,Faith Versus Science Horror Films,8391
146,Faith Versus Science Horror Films,1166418
146,Faith Versus Science Horror Films,407250
146,Faith Versus Science Horror Films,30431
146,Faith Versus Science Horror Films,11234
146,Faith Versus Science Horror Films,11620
146,Faith Versus Science Horror Films,48485
146,Faith Versus Science Horror Films,241258
146,Faith Versus Science Horror Films,46827
146,Faith Versus Science Horror Films,13811
146,Faith Versus Science Horror Films,1908
146,Faith Versus Science Horror Films,1272
146,Faith Versus Science Horror Films,43516
146,Faith Versus Science Horror Films,45054
146,Faith Versus Science Horror Films,454527
147,Tropical Horror In Paradise Settings,768
147,Tropical Horror In Paradise Settings,703745
147,Tropical Horror In Paradise Settings,39043
147,Tropical Horror In Paradise Settings,169219
147,Tropical Horror In Paradise Settings,1005320
147,Tropical Horror In Paradise Settings,3600
147,Tropical Horror In Paradise Settings,40469
147,Tropical Horror In Paradise Settings,335512
147,Tropical Horror In Paradise Settings,344600
147,Tropical Horror In Paradise Settings,923
147,Tropical Horror In Paradise Settings,133531
147,Tropical Horror In Paradise Settings,663712
147,Tropical Horror In Paradise Settings,42787
147,Tropical Horror In Paradise Settings,13220
147,Tropical Horror In Paradise Settings,22824
147,Tropical Horror In Paradise Settings,176
147,Tropical Horror In Paradise Settings,34098
147,Tropical Horror In Paradise Settings,7219
147,Tropical Horror In Paradise Settings,16307
147,Tropical Horror In Paradise Settings,27316
147,Tropical Horror In Paradise Settings,758323
147,Tropical Horror In Paradise Settings,760883
147,Tropical Horror In Paradise Settings,27320
147,Tropical Horror In Paradise Settings,939072
147,Tropical Horror In Paradise Settings,134597
147,Tropical Horror In Paradise Settings,10823
147,Tropical Horror In Paradise Settings,334536
147,Tropical Horror In Paradise Settings,28365
147,Tropical Horror In Paradise Settings,359246
147,Tropical Horror In Paradise Settings,530385
147,Tropical Horror In Paradise Settings,43093
147,Tropical Horror In Paradise Settings,117974
147,Tropical Horror In Paradise Settings,8922
147,Tropical Horror In Paradise Settings,11357
147,Tropical Horror In Paradise Settings,32862
147,Tropical Horror In Paradise Settings,343140
147,Tropical Horror In Paradise Settings,340837
147,Tropical Horror In Paradise Settings,38120
147,Tropical Horror In Paradise Settings,29161
147,Tropical Horror In Paradise Settings,14451
147,Tropical Horror In Paradise Settings,27003
147,Tropical Horror In Paradise Settings,764
147,Tropical Horror In Paradise Settings,17918
147,Tropical Horror In Paradise Settings,312831
148,Government Surveillance Paranoia Thrillers,8834
148,Government Surveillance Paranoia Thrillers,396806
148,Government Surveillance Paranoia Thrillers,19974
148,Government Surveillance Paranoia Thrillers,204553
148,Government Surveillance Paranoia Thrillers,177677
148,Government Surveillance Paranoia Thrillers,1422
148,Government Surveillance Paranoia Thrillers,1424
148,Government Surveillance Paranoia Thrillers,2322
148,Government Surveillance Paranoia Thrillers,18588
148,Government Surveillance Paranoia Thrillers,670
148,Government Surveillance Paranoia Thrillers,40480
148,Government Surveillance Paranoia Thrillers,485411
148,Government Surveillance Paranoia Thrillers,78375
148,Government Surveillance Paranoia Thrillers,4520
148,Government Surveillance Paranoia Thrillers,9389
148,Government Surveillance Paranoia Thrillers,21294
148,Government Surveillance Paranoia Thrillers,176
148,Government Surveillance Paranoia Thrillers,52274
148,Government Surveillance Paranoia Thrillers,585268
148,Government Surveillance Paranoia Thrillers,19128
148,Government Surveillance Paranoia Thrillers,954
148,Government Surveillance Paranoia Thrillers,51259
148,Government Surveillance Paranoia Thrillers,445
148,Government Surveillance Paranoia Thrillers,11329
148,Government Surveillance Paranoia Thrillers,2503
148,Government Surveillance Paranoia Thrillers,8007
148,Government Surveillance Paranoia Thrillers,493006
148,Government Surveillance Paranoia Thrillers,4311
148,Government Surveillance Paranoia Thrillers,37984
148,Government Surveillance Paranoia Thrillers,30689
148,Government Surveillance Paranoia Thrillers,19171
148,Government Surveillance Paranoia Thrillers,12526
148,Government Surveillance Paranoia Thrillers,8688
148,Government Surveillance Paranoia Thrillers,84336
148,Government Surveillance Paranoia Thrillers,467824
148,Government Surveillance Paranoia Thrillers,100084
148,Government Surveillance Paranoia Thrillers,431479
148,Government Surveillance Paranoia Thrillers,24056
148,Government Surveillance Paranoia Thrillers,181886
149,Suicidal Characters Finding New Purpose,82690
149,Suicidal Characters Finding New Purpose,1412
149,Suicidal Characters Finding New Purpose,622855
149,Suicidal Characters Finding New Purpose,11017
149,Suicidal Characters Finding New Purpose,25109
149,Suicidal Characters Finding New Purpose,11544
149,Suicidal Characters Finding New Purpose,335778
149,Suicidal Characters Finding New Purpose,9509
149,Suicidal Characters Finding New Purpose,294
149,Suicidal Characters Finding New Purpose,10663
149,Suicidal Characters Finding New Purpose,21032
149,Suicidal Characters Finding New Purpose,26537
149,Suicidal Characters Finding New Purpose,36006
149,Suicidal Characters Finding New Purpose,39466
149,Suicidal Characters Finding New Purpose,9007
149,Suicidal Characters Finding New Purpose,58416
149,Suicidal Characters Finding New Purpose,177
149,Suicidal Characters Finding New Purpose,2611
149,Suicidal Characters Finding New Purpose,6964
149,Suicidal Characters Finding New Purpose,518452
149,Suicidal Characters Finding New Purpose,37555
149,Suicidal Characters Finding New Purpose,25659
149,Suicidal Characters Finding New Purpose,358332
149,Suicidal Characters Finding New Purpose,31805
149,Suicidal Characters Finding New Purpose,937278
149,Suicidal Characters Finding New Purpose,43974
149,Suicidal Characters Finding New Purpose,9032
149,Suicidal Characters Finding New Purpose,523977
149,Suicidal Characters Finding New Purpose,550988
149,Suicidal Characters Finding New Purpose,978
149,Suicidal Characters Finding New Purpose,11606
149,Suicidal Characters Finding New Purpose,343
149,Suicidal Characters Finding New Purpose,12254
149,Suicidal Characters Finding New Purpose,237791
149,Suicidal Characters Finding New Purpose,10208
149,Suicidal Characters Finding New Purpose,13665
149,Suicidal Characters Finding New Purpose,42597
149,Suicidal Characters Finding New Purpose,393445
149,Suicidal Characters Finding New Purpose,436343
149,Suicidal Characters Finding New Purpose,10488
149,Suicidal Characters Finding New Purpose,12157
149,Suicidal Characters Finding New Purpose,255
150,Style Over Substance Fantasy Films,24961
150,Style Over Substance Fantasy Films,32643
150,Style Over Substance Fantasy Films,13188
150,Style Over Substance Fantasy Films,2309
150,Style Over Substance Fantasy Films,70916
150,Style Over Substance Fantasy Films,8204
150,Style Over Substance Fantasy Films,10253
150,Style Over Substance Fantasy Films,27022
150,Style Over Substance Fantasy Films,338958
150,Style Over Substance Fantasy Films,32657
150,Style Over Substance Fantasy Films,2454
150,Style Over Substance Fantasy Films,406429
150,Style Over Substance Fantasy Films,2978
150,Style Over Substance Fantasy Films,290595
150,Style Over Substance Fantasy Films,197796
150,Style Over Substance Fantasy Films,35109
150,Style Over Substance Fantasy Films,256040
150,Style Over Substance Fantasy Films,62764
150,Style Over Substance Fantasy Films,447277
150,Style Over Substance Fantasy Films,434221
150,Style Over Substance Fantasy Films,38448
150,Style Over Substance Fantasy Films,177
150,Style Over Substance Fantasy Films,261680
150,Style Over Substance Fantasy Films,109491
150,Style Over Substance Fantasy Films,2612
150,Style Over Substance Fantasy Films,1249975
150,Style Over Substance Fantasy Films,71864
150,Style Over Substance Fantasy Films,57158
150,Style Over Substance Fantasy Films,4807
150,Style Over Substance Fantasy Films,4935
150,Style Over Substance Fantasy Films,315465
150,Style Over Substance Fantasy Films,606026
150,Style Over Substance Fantasy Films,26700
150,Style Over Substance Fantasy Films,8909
150,Style Over Substance Fantasy Films,47437
150,Style Over Substance Fantasy Films,29903
150,Style Over Substance Fantasy Films,848
150,Style Over Substance Fantasy Films,110416
150,Style Over Substance Fantasy Films,413518
150,Style Over Substance Fantasy Films,119892
150,Style Over Substance Fantasy Films,1498
150,Style Over Substance Fantasy Films,9050
150,Style Over Substance Fantasy Films,2268
150,Style Over Substance Fantasy Films,271706
150,Style Over Substance Fantasy Films,9823
150,Style Over Substance Fantasy Films,90984
150,Style Over Substance Fantasy Films,58473
150,Style Over Substance Fantasy Films,24811
150,Style Over Substance Fantasy Films,39915
150,Style Over Substance Fantasy Films,2928
150,Style Over Substance Fantasy Films,47345
150,Style Over Substance Fantasy Films,68728
150,Style Over Substance Fantasy Films,8698
150,Style Over Substance Fantasy Films,68735
151,Last Gasp of Print Media,51205
151,Last Gasp of Print Media,36233
151,Last Gasp of Print Media,390409
151,Last Gasp of Print Media,1096202
151,Last Gasp of Print Media,375569
151,Last Gasp of Print Media,517909
151,Last Gasp of Print Media,90652
151,Last Gasp of Print Media,423966
151,Last Gasp of Print Media,20511
151,Last Gasp of Print Media,509598
151,Last Gasp of Print Media,314402
151,Last Gasp of Print Media,68004
151,Last Gasp of Print Media,9895
151,Last Gasp of Print Media,63144
151,Last Gasp of Print Media,627502
151,Last Gasp of Print Media,801528
151,Last Gasp of Print Media,177
151,Last Gasp of Print Media,49846
151,Last Gasp of Print Media,11959
151,Last Gasp of Print Media,17208
151,Last Gasp of Print Media,514619
151,Last Gasp of Print Media,13372
151,Last Gasp of Print Media,828
151,Last Gasp of Print Media,32574
151,Last Gasp of Print Media,54848
151,Last Gasp of Print Media,12610
151,Last Gasp of Print Media,714
151,Last Gasp of Print Media,11979
151,Last Gasp of Print Media,8780
151,Last Gasp of Print Media,321741
151,Last Gasp of Print Media,376268
151,Last Gasp of Print Media,49360
151,Last Gasp of Print Media,524369
151,Last Gasp of Print Media,259026
151,Last Gasp of Print Media,36947
151,Last Gasp of Print Media,858716
151,Last Gasp of Print Media,858717
151,Last Gasp of Print Media,174688
151,Last Gasp of Print Media,297825
151,Last Gasp of Print Media,39266
151,Last Gasp of Print Media,26851
151,Last Gasp of Print Media,319073
151,Last Gasp of Print Media,69480
151,Last Gasp of Print Media,16363
151,Last Gasp of Print Media,2671
151,Last Gasp of Print Media,12271
151,Last Gasp of Print Media,41077
151,Last Gasp of Print Media,12280
151,Last Gasp of Print Media,6521
151,Last Gasp of Print Media,227835
151,Last Gasp of Print Media,32764
151,Last Gasp of Print Media,40957
152,Unlikely Connections Healing Trauma Films,647
152,Unlikely Connections Healing Trauma Films,75785
152,Unlikely Connections Healing Trauma Films,558218
152,Unlikely Connections Healing Trauma Films,74126
152,Unlikely Connections Healing Trauma Films,489998
152,Unlikely Connections Healing Trauma Films,78480
152,Unlikely Connections Healing Trauma Films,102933
152,Unlikely Connections Healing Trauma Films,522518
152,Unlikely Connections Healing Trauma Films,409
152,Unlikely Connections Healing Trauma Films,11931
152,Unlikely Connections Healing Trauma Films,4380
152,Unlikely Connections Healing Trauma Films,286875
152,Unlikely Connections Healing Trauma Films,471707
152,Unlikely Connections Healing Trauma Films,616605
152,Unlikely Connections Healing Trauma Films,3109
152,Unlikely Connections Healing Trauma Films,5413
152,Unlikely Connections Healing Trauma Films,47909
152,Unlikely Connections Healing Trauma Films,384680
152,Unlikely Connections Healing Trauma Films,424488
152,Unlikely Connections Healing Trauma Films,10414
152,Unlikely Connections Healing Trauma Films,177
152,Unlikely Connections Healing Trauma Films,438449
152,Unlikely Connections Healing Trauma Films,501170
152,Unlikely Connections Healing Trauma Films,617784
152,Unlikely Connections Healing Trauma Films,2623
152,Unlikely Connections Healing Trauma Films,714945
152,Unlikely Connections Healing Trauma Films,33221
152,Unlikely Connections Healing Trauma Films,127560
152,Unlikely Connections Healing Trauma Films,50506
152,Unlikely Connections Healing Trauma Films,464
152,Unlikely Connections Healing Trauma Films,169813
152,Unlikely Connections Healing Trauma Films,9560
152,Unlikely Connections Healing Trauma Films,137698
152,Unlikely Connections Healing Trauma Films,745
152,Unlikely Connections Healing Trauma Films,137193
152,Unlikely Connections Healing Trauma Films,770922
152,Unlikely Connections Healing Trauma Films,160108
152,Unlikely Connections Healing Trauma Films,9583
152,Unlikely Connections Healing Trauma Films,601585
152,Unlikely Connections Healing Trauma Films,579583
153,Fog Shrouded British Mystery Films,121737
153,Fog Shrouded British Mystery Films,4879
153,Fog Shrouded British Mystery Films,11791
153,Fog Shrouded British Mystery Films,45072
153,Fog Shrouded British Mystery Films,104338
153,Fog Shrouded British Mystery Films,4883
153,Fog Shrouded British Mystery Films,790
153,Fog Shrouded British Mystery Films,4886
153,Fog Shrouded British Mystery Films,67102
153,Fog Shrouded British Mystery Films,191531
153,Fog Shrouded British Mystery Films,940
153,Fog Shrouded British Mystery Films,431
153,Fog Shrouded British Mystery Films,560
153,Fog Shrouded British Mystery Films,179
153,Fog Shrouded British Mystery Films,366901
153,Fog Shrouded British Mystery Films,4281
153,Fog Shrouded British Mystery Films,26169
153,Fog Shrouded British Mystery Films,346685
153,Fog Shrouded British Mystery Films,835
153,Fog Shrouded British Mystery Films,963
153,Fog Shrouded British Mystery Films,217923
153,Fog Shrouded British Mystery Films,1006917
153,Fog Shrouded British Mystery Films,4808
153,Fog Shrouded British Mystery Films,14283
153,Fog Shrouded British Mystery Films,19661
153,Fog Shrouded British Mystery Films,4176
153,Fog Shrouded British Mystery Films,53457
153,Fog Shrouded British Mystery Films,40951
153,Fog Shrouded British Mystery Films,67411
153,Fog Shrouded British Mystery Films,4193
153,Fog Shrouded British Mystery Films,50401
153,Fog Shrouded British Mystery Films,28131
153,Fog Shrouded British Mystery Films,41066
153,Fog Shrouded British Mystery Films,547565
153,Fog Shrouded British Mystery Films,27118
153,Fog Shrouded British Mystery Films,18926
153,Fog Shrouded British Mystery Films,49391
153,Fog Shrouded British Mystery Films,45169
153,Fog Shrouded British Mystery Films,53873
153,Fog Shrouded British Mystery Films,36851
153,Fog Shrouded British Mystery Films,65777
153,Fog Shrouded British Mystery Films,629
153,Fog Shrouded British Mystery Films,167922
153,Fog Shrouded British Mystery Films,3575
153,Fog Shrouded British Mystery Films,44026
153,Fog Shrouded British Mystery Films,14588
154,Stephen King Short Story Adaptations,2443
154,Stephen King Short Story Adaptations,43788
154,Stephen King Short Story Adaptations,148112
154,Stephen King Short Story Adaptations,13969
154,Stephen King Short Story Adaptations,97554
154,Stephen King Short Story Adaptations,38291
154,Stephen King Short Story Adaptations,95380
154,Stephen King Short Story Adaptations,14492
154,Stephen King Short Story Adaptations,24732
154,Stephen King Short Story Adaptations,9886
154,Stephen King Short Story Adaptations,18846
154,Stephen King Short Story Adaptations,34461
154,Stephen King Short Story Adaptations,75804
154,Stephen King Short Story Adaptations,470691
154,Stephen King Short Story Adaptations,9980
154,Stephen King Short Story Adaptations,22825
154,Stephen King Short Story Adaptations,14637
154,Stephen King Short Story Adaptations,46126
154,Stephen King Short Story Adaptations,4911
154,Stephen King Short Story Adaptations,19759
154,Stephen King Short Story Adaptations,18993
154,Stephen King Short Story Adaptations,29745
154,Stephen King Short Story Adaptations,64945
154,Stephen King Short Story Adaptations,180
154,Stephen King Short Story Adaptations,15157
154,Stephen King Short Story Adaptations,313903
154,Stephen King Short Story Adaptations,481848
154,Stephen King Short Story Adaptations,114875
154,Stephen King Short Story Adaptations,43580
154,Stephen King Short Story Adaptations,207933
154,Stephen King Short Story Adaptations,212088
154,Stephen King Short Story Adaptations,342588
154,Stephen King Short Story Adaptations,664891
154,Stephen King Short Story Adaptations,15556
154,Stephen King Short Story Adaptations,10185
154,Stephen King Short Story Adaptations,10314
154,Stephen King Short Story Adaptations,54227
154,Stephen King Short Story Adaptations,19158
154,Stephen King Short Story Adaptations,30809
154,Stephen King Short Story Adaptations,26842
154,Stephen King Short Story Adaptations,290300
154,Stephen King Short Story Adaptations,20701
154,Stephen King Short Story Adaptations,2525
154,Stephen King Short Story Adaptations,2270
154,Stephen King Short Story Adaptations,131940
154,Stephen King Short Story Adaptations,351460
154,Stephen King Short Story Adaptations,4858
154,Stephen King Short Story Adaptations,428007
154,Stephen King Short Story Adaptations,71666
154,Stephen King Short Story Adaptations,423154
154,Stephen King Short Story Adaptations,37108
154,Stephen King Short Story Adaptations,1079540
154,Stephen King Short Story Adaptations,24696
154,Stephen King Short Story Adaptations,11002
154,Stephen King Short Story Adaptations,14460
155,4:3 Aspect Ratio Modern Films,294272
155,4:3 Aspect Ratio Modern Films,408961
155,4:3 Aspect Ratio Modern Films,736769
155,4:3 Aspect Ratio Modern Films,554371
155,4:3 Aspect Ratio Modern Films,393
155,4:3 Aspect Ratio Modern Films,16268
155,4:3 Aspect Ratio Modern Films,42124
155,4:3 Aspect Ratio Modern Films,127501
155,4:3 Aspect Ratio Modern Films,35728
155,4:3 Aspect Ratio Modern Films,12178
155,4:3 Aspect Ratio Modern Films,588182
155,4:3 Aspect Ratio Modern Films,8349
155,4:3 Aspect Ratio Modern Films,27936
155,4:3 Aspect Ratio Modern Films,353571
155,4:3 Aspect Ratio Modern Films,70954
155,4:3 Aspect Ratio Modern Films,529962
155,4:3 Aspect Ratio Modern Films,359724
155,4:3 Aspect Ratio Modern Films,818
155,4:3 Aspect Ratio Modern Films,182
155,4:3 Aspect Ratio Modern Films,7735
155,4:3 Aspect Ratio Modern Films,414906
155,4:3 Aspect Ratio Modern Films,340027
155,4:3 Aspect Ratio Modern Films,13373
155,4:3 Aspect Ratio Modern Films,649409
155,4:3 Aspect Ratio Modern Films,41154
155,4:3 Aspect Ratio Modern Films,19014
155,4:3 Aspect Ratio Modern Films,23631
155,4:3 Aspect Ratio Modern Films,437586
155,4:3 Aspect Ratio Modern Films,722778
155,4:3 Aspect Ratio Modern Films,145247
155,4:3 Aspect Ratio Modern Films,310121
155,4:3 Aspect Ratio Modern Films,628333
155,4:3 Aspect Ratio Modern Films,11247
155,4:3 Aspect Ratio Modern Films,42095
155,4:3 Aspect Ratio Modern Films,458737
155,4:3 Aspect Ratio Modern Films,20083
156,Moral Panic Cinema Of 1980s,13698
156,Moral Panic Cinema Of 1980s,1672
156,Moral Panic Cinema Of 1980s,36232
156,Moral Panic Cinema Of 1980s,155017
156,Moral Panic Cinema Of 1980s,40973
156,Moral Panic Cinema Of 1980s,99599
156,Moral Panic Cinema Of 1980s,82578
156,Moral Panic Cinema Of 1980s,90652
156,Moral Panic Cinema Of 1980s,11296
156,Moral Panic Cinema Of 1980s,14370
156,Moral Panic Cinema Of 1980s,154276
156,Moral Panic Cinema Of 1980s,11557
156,Moral Panic Cinema Of 1980s,474538
156,Moral Panic Cinema Of 1980s,941
156,Moral Panic Cinema Of 1980s,63406
156,Moral Panic Cinema Of 1980s,32689
156,Moral Panic Cinema Of 1980s,62385
156,Moral Panic Cinema Of 1980s,981044
156,Moral Panic Cinema Of 1980s,183
156,Moral Panic Cinema Of 1980s,9531
156,Moral Panic Cinema Of 1980s,84289
156,Moral Panic Cinema Of 1980s,9671
156,Moral Panic Cinema Of 1980s,4043
156,Moral Panic Cinema Of 1980s,29140
156,Moral Panic Cinema Of 1980s,27221
156,Moral Panic Cinema Of 1980s,86102
156,Moral Panic Cinema Of 1980s,14040
156,Moral Panic Cinema Of 1980s,1497
156,Moral Panic Cinema Of 1980s,344797
156,Moral Panic Cinema Of 1980s,25438
156,Moral Panic Cinema Of 1980s,73823
156,Moral Panic Cinema Of 1980s,20196
156,Moral Panic Cinema Of 1980s,274405
156,Moral Panic Cinema Of 1980s,12774
156,Moral Panic Cinema Of 1980s,1020008
156,Moral Panic Cinema Of 1980s,13681
156,Moral Panic Cinema Of 1980s,13554
156,Moral Panic Cinema Of 1980s,82545
156,Moral Panic Cinema Of 1980s,58102
156,Moral Panic Cinema Of 1980s,18683
157,Early Career Chris Evans Roles,7553
157,Early Career Chris Evans Roles,52227
157,Early Career Chris Evans Roles,28421
157,Early Career Chris Evans Roles,738053
157,Early Career Chris Evans Roles,8842
157,Early Career Chris Evans Roles,13068
157,Early Career Chris Evans Roles,33676
157,Early Career Chris Evans Roles,169357
157,Early Career Chris Evans Roles,154515
157,Early Career Chris Evans Roles,42517
157,Early Career Chris Evans Roles,454293
157,Early Career Chris Evans Roles,42782
157,Early Career Chris Evans Roles,9759
157,Early Career Chris Evans Roles,13600
157,Early Career Chris Evans Roles,31654
157,Early Career Chris Evans Roles,680
157,Early Career Chris Evans Roles,9768
157,Early Career Chris Evans Roles,35371
157,Early Career Chris Evans Roles,24236
157,Early Career Chris Evans Roles,80047
157,Early Career Chris Evans Roles,9655
157,Early Career Chris Evans Roles,184
157,Early Career Chris Evans Roles,17465
157,Early Career Chris Evans Roles,1979
157,Early Career Chris Evans Roles,7233
157,Early Career Chris Evans Roles,15300
157,Early Career Chris Evans Roles,43332
157,Early Career Chris Evans Roles,11215
157,Early Career Chris Evans Roles,1624
157,Early Career Chris Evans Roles,42714
157,Early Career Chris Evans Roles,26973
157,Early Career Chris Evans Roles,43231
157,Early Career Chris Evans Roles,86240
157,Early Career Chris Evans Roles,96097
157,Early Career Chris Evans Roles,42212
157,Early Career Chris Evans Roles,11365
157,Early Career Chris Evans Roles,131940
157,Early Career Chris Evans Roles,3049
157,Early Career Chris Evans Roles,8681
157,Early Career Chris Evans Roles,9705
157,Early Career Chris Evans Roles,24811
157,Early Career Chris Evans Roles,9838
157,Early Career Chris Evans Roles,153967
157,Early Career Chris Evans Roles,27123
157,Early Career Chris Evans Roles,51447
157,Early Career Chris Evans Roles,19064
157,Early Career Chris Evans Roles,14844
158,Enemies Hidden Among Us,317954
158,Enemies Hidden Among Us,182026
158,Enemies Hidden Among Us,14604
158,Enemies Hidden Among Us,18190
158,Enemies Hidden Among Us,8337
158,Enemies Hidden Among Us,1938
158,Enemies Hidden Among Us,18712
158,Enemies Hidden Among Us,385816
158,Enemies Hidden Among Us,451480
158,Enemies Hidden Among Us,26269
158,Enemies Hidden Among Us,424480
158,Enemies Hidden Among Us,65057
158,Enemies Hidden Among Us,48034
158,Enemies Hidden Among Us,31140
158,Enemies Hidden Among Us,22309
158,Enemies Hidden Among Us,60971
158,Enemies Hidden Among Us,396461
158,Enemies Hidden Among Us,46521
158,Enemies Hidden Among Us,186
158,Enemies Hidden Among Us,223485
158,Enemies Hidden Among Us,27582
158,Enemies Hidden Among Us,43710
158,Enemies Hidden Among Us,305091
158,Enemies Hidden Among Us,80709
158,Enemies Hidden Among Us,289222
158,Enemies Hidden Among Us,4809
158,Enemies Hidden Among Us,34377
158,Enemies Hidden Among Us,13899
158,Enemies Hidden Among Us,576719
158,Enemies Hidden Among Us,2771
158,Enemies Hidden Among Us,227156
158,Enemies Hidden Among Us,2005
158,Enemies Hidden Among Us,39513
158,Enemies Hidden Among Us,10592
158,Enemies Hidden Among Us,11873
158,Enemies Hidden Among Us,33632
158,Enemies Hidden Among Us,31850
158,Enemies Hidden Among Us,1899
158,Enemies Hidden Among Us,302699
158,Enemies Hidden Among Us,680813
158,Enemies Hidden Among Us,794602
158,Enemies Hidden Among Us,43120
158,Enemies Hidden Among Us,23924
158,Enemies Hidden Among Us,100086
158,Enemies Hidden Among Us,252
158,Enemies Hidden Among Us,83965
159,Prison Release Revenge Stories,1541
159,Prison Release Revenge Stories,26762
159,Prison Release Revenge Stories,46736
159,Prison Release Revenge Stories,130066
159,Prison Release Revenge Stories,665
159,Prison Release Revenge Stories,29979
159,Prison Release Revenge Stories,15644
159,Prison Release Revenge Stories,293660
159,Prison Release Revenge Stories,299423
159,Prison Release Revenge Stories,122787
159,Prison Release Revenge Stories,45096
159,Prison Release Revenge Stories,942
159,Prison Release Revenge Stories,353070
159,Prison Release Revenge Stories,12721
159,Prison Release Revenge Stories,8883
159,Prison Release Revenge Stories,9654
159,Prison Release Revenge Stories,32695
159,Prison Release Revenge Stories,186
159,Prison Release Revenge Stories,352827
159,Prison Release Revenge Stories,606523
159,Prison Release Revenge Stories,2493
159,Prison Release Revenge Stories,1598
159,Prison Release Revenge Stories,184125
159,Prison Release Revenge Stories,11841
159,Prison Release Revenge Stories,596161
159,Prison Release Revenge Stories,2636
159,Prison Release Revenge Stories,335
159,Prison Release Revenge Stories,395990
159,Prison Release Revenge Stories,18647
159,Prison Release Revenge Stories,56535
159,Prison Release Revenge Stories,69977
159,Prison Release Revenge Stories,2527
159,Prison Release Revenge Stories,18784
159,Prison Release Revenge Stories,71138
159,Prison Release Revenge Stories,37094
159,Prison Release Revenge Stories,593643
159,Prison Release Revenge Stories,26861
159,Prison Release Revenge Stories,752
159,Prison Release Revenge Stories,27632
159,Prison Release Revenge Stories,31604
159,Prison Release Revenge Stories,33909
159,Prison Release Revenge Stories,10999
159,Prison Release Revenge Stories,267384
159,Prison Release Revenge Stories,9594
159,Prison Release Revenge Stories,41471
160,Overlapping Dialogue Cinema Pioneers,16646
160,Overlapping Dialogue Cinema Pioneers,391
160,Overlapping Dialogue Cinema Pioneers,651
160,Overlapping Dialogue Cinema Pioneers,3084
160,Overlapping Dialogue Cinema Pioneers,269
160,Overlapping Dialogue Cinema Pioneers,18446
160,Overlapping Dialogue Cinema Pioneers,52620
160,Overlapping Dialogue Cinema Pioneers,420622
160,Overlapping Dialogue Cinema Pioneers,684428
160,Overlapping Dialogue Cinema Pioneers,514964
160,Overlapping Dialogue Cinema Pioneers,1686
160,Overlapping Dialogue Cinema Pioneers,28696
160,Overlapping Dialogue Cinema Pioneers,152216
160,Overlapping Dialogue Cinema Pioneers,344088
160,Overlapping Dialogue Cinema Pioneers,55835
160,Overlapping Dialogue Cinema Pioneers,26525
160,Overlapping Dialogue Cinema Pioneers,800
160,Overlapping Dialogue Cinema Pioneers,209699
160,Overlapping Dialogue Cinema Pioneers,46122
160,Overlapping Dialogue Cinema Pioneers,9267
160,Overlapping Dialogue Cinema Pioneers,692
160,Overlapping Dialogue Cinema Pioneers,356151
160,Overlapping Dialogue Cinema Pioneers,697
160,Overlapping Dialogue Cinema Pioneers,187
160,Overlapping Dialogue Cinema Pioneers,701
160,Overlapping Dialogue Cinema Pioneers,10045
160,Overlapping Dialogue Cinema Pioneers,14269
160,Overlapping Dialogue Cinema Pioneers,704
160,Overlapping Dialogue Cinema Pioneers,70846
160,Overlapping Dialogue Cinema Pioneers,836
160,Overlapping Dialogue Cinema Pioneers,47684
160,Overlapping Dialogue Cinema Pioneers,226247
160,Overlapping Dialogue Cinema Pioneers,103243
160,Overlapping Dialogue Cinema Pioneers,86990
160,Overlapping Dialogue Cinema Pioneers,59088
160,Overlapping Dialogue Cinema Pioneers,41426
160,Overlapping Dialogue Cinema Pioneers,86750
160,Overlapping Dialogue Cinema Pioneers,5729
160,Overlapping Dialogue Cinema Pioneers,53218
160,Overlapping Dialogue Cinema Pioneers,1116900
160,Overlapping Dialogue Cinema Pioneers,113638
160,Overlapping Dialogue Cinema Pioneers,21735
160,Overlapping Dialogue Cinema Pioneers,105711
160,Overlapping Dialogue Cinema Pioneers,34288
160,Overlapping Dialogue Cinema Pioneers,111471
160,Overlapping Dialogue Cinema Pioneers,26484
160,Overlapping Dialogue Cinema Pioneers,189055
161,Classic To Neo Noir Bridges,38025
161,Classic To Neo Noir Bridges,26762
161,Classic To Neo Noir Bridges,91534
161,Classic To Neo Noir Bridges,400
161,Classic To Neo Noir Bridges,14864
161,Classic To Neo Noir Bridges,31640
161,Classic To Neo Noir Bridges,11033
161,Classic To Neo Noir Bridges,793
161,Classic To Neo Noir Bridges,25497
161,Classic To Neo Noir Bridges,25501
161,Classic To Neo Noir Bridges,18681
161,Classic To Neo Noir Bridges,24229
161,Classic To Neo Noir Bridges,1835
161,Classic To Neo Noir Bridges,10155
161,Classic To Neo Noir Bridges,44465
161,Classic To Neo Noir Bridges,14898
161,Classic To Neo Noir Bridges,4147
161,Classic To Neo Noir Bridges,11060
161,Classic To Neo Noir Bridges,26674
161,Classic To Neo Noir Bridges,344120
161,Classic To Neo Noir Bridges,24508
161,Classic To Neo Noir Bridges,189
161,Classic To Neo Noir Bridges,829
161,Classic To Neo Noir Bridges,159932
161,Classic To Neo Noir Bridges,10944
161,Classic To Neo Noir Bridges,25284
161,Classic To Neo Noir Bridges,118991
161,Classic To Neo Noir Bridges,13653
161,Classic To Neo Noir Bridges,11222
161,Classic To Neo Noir Bridges,11863
161,Classic To Neo Noir Bridges,177494
161,Classic To Neo Noir Bridges,38617
161,Classic To Neo Noir Bridges,104153
161,Classic To Neo Noir Bridges,566872
161,Classic To Neo Noir Bridges,26204
161,Classic To Neo Noir Bridges,11229
161,Classic To Neo Noir Bridges,28131
161,Classic To Neo Noir Bridges,30949
161,Classic To Neo Noir Bridges,52710
161,Classic To Neo Noir Bridges,617
161,Classic To Neo Noir Bridges,57707
161,Classic To Neo Noir Bridges,10220
161,Classic To Neo Noir Bridges,86903
161,Classic To Neo Noir Bridges,37488
161,Classic To Neo Noir Bridges,42228
161,Classic To Neo Noir Bridges,68727
161,Classic To Neo Noir Bridges,18553
161,Classic To Neo Noir Bridges,13051
162,Nonlinear Horror Story Structures,257925
162,Nonlinear Horror Story Structures,5638
162,Nonlinear Horror Story Structures,627463
162,Nonlinear Horror Story Structures,25993
162,Nonlinear Horror Story Structures,182026
162,Nonlinear Horror Story Structures,87308
162,Nonlinear Horror Story Structures,398
162,Nonlinear Horror Story Structures,2062
162,Nonlinear Horror Story Structures,3088
162,Nonlinear Horror Story Structures,48014
162,Nonlinear Horror Story Structures,29074
162,Nonlinear Horror Story Structures,84499
162,Nonlinear Horror Story Structures,391698
162,Nonlinear Horror Story Structures,644120
162,Nonlinear Horror Story Structures,2972
162,Nonlinear Horror Story Structures,10525
162,Nonlinear Horror Story Structures,84903
162,Nonlinear Horror Story Structures,112170
162,Nonlinear Horror Story Structures,26923
162,Nonlinear Horror Story Structures,276908
162,Nonlinear Horror Story Structures,33838
162,Nonlinear Horror Story Structures,100271
162,Nonlinear Horror Story Structures,47670
162,Nonlinear Horror Story Structures,99002
162,Nonlinear Horror Story Structures,955
162,Nonlinear Horror Story Structures,426426
162,Nonlinear Horror Story Structures,92349
162,Nonlinear Horror Story Structures,11838
162,Nonlinear Horror Story Structures,32703
162,Nonlinear Horror Story Structures,192
162,Nonlinear Horror Story Structures,511809
162,Nonlinear Horror Story Structures,334536
162,Nonlinear Horror Story Structures,1865
162,Nonlinear Horror Story Structures,339403
162,Nonlinear Horror Story Structures,1362
162,Nonlinear Horror Story Structures,2266
162,Nonlinear Horror Story Structures,525660
162,Nonlinear Horror Story Structures,25053
162,Nonlinear Horror Story Structures,479455
162,Nonlinear Horror Story Structures,28256
162,Nonlinear Horror Story Structures,31459
162,Nonlinear Horror Story Structures,74727
162,Nonlinear Horror Story Structures,10603
162,Nonlinear Horror Story Structures,474350
162,Nonlinear Horror Story Structures,18671
162,Nonlinear Horror Story Structures,792307
162,Nonlinear Horror Story Structures,11894
162,Nonlinear Horror Story Structures,157433
163,Toys Coming To Life Movies,7553
163,Toys Coming To Life Movies,15489
163,Toys Coming To Life Movies,42113
163,Toys Coming To Life Movies,5894
163,Toys Coming To Life Movies,62476
163,Toys Coming To Life Movies,157841
163,Toys Coming To Life Movies,34584
163,Toys Coming To Life Movies,40092
163,Toys Coming To Life Movies,18975
163,Toys Coming To Life Movies,205601
163,Toys Coming To Life Movies,172197
163,Toys Coming To Life Movies,384677
163,Toys Coming To Life Movies,3635
163,Toys Coming To Life Movies,7093
163,Toys Coming To Life Movies,14521
163,Toys Coming To Life Movies,375867
163,Toys Coming To Life Movies,15167
163,Toys Coming To Life Movies,26815
163,Toys Coming To Life Movies,194
163,Toys Coming To Life Movies,1858
163,Toys Coming To Life Movies,70981
163,Toys Coming To Life Movies,10193
163,Toys Coming To Life Movies,27223
163,Toys Coming To Life Movies,10328
163,Toys Coming To Life Movies,128215
163,Toys Coming To Life Movies,862
163,Toys Coming To Life Movies,863
163,Toys Coming To Life Movies,16996
163,Toys Coming To Life Movies,10215
163,Toys Coming To Life Movies,28391
163,Toys Coming To Life Movies,30698
163,Toys Coming To Life Movies,492
163,Toys Coming To Life Movies,317037
163,Toys Coming To Life Movies,1393
163,Toys Coming To Life Movies,23538
163,Toys Coming To Life Movies,8052
163,Toys Coming To Life Movies,47866
164,Narrated By Famous Authors,738058
164,Narrated By Famous Authors,964365
164,Narrated By Famous Authors,1090964
164,Narrated By Famous Authors,184341
164,Narrated By Famous Authors,66850
164,Narrated By Famous Authors,62116
164,Narrated By Famous Authors,1829
164,Narrated By Famous Authors,103215
164,Narrated By Famous Authors,109364
164,Narrated By Famous Authors,133557
164,Narrated By Famous Authors,241589
164,Narrated By Famous Authors,84535
164,Narrated By Famous Authors,568
164,Narrated By Famous Authors,384573
164,Narrated By Famous Authors,195
164,Narrated By Famous Authors,433091
164,Narrated By Famous Authors,24006
164,Narrated By Famous Authors,1994
164,Narrated By Famous Authors,36811
164,Narrated By Famous Authors,65994
164,Narrated By Famous Authors,76750
164,Narrated By Famous Authors,36432
164,Narrated By Famous Authors,300624
164,Narrated By Famous Authors,653528
164,Narrated By Famous Authors,84060
164,Narrated By Famous Authors,89059
164,Narrated By Famous Authors,43366
164,Narrated By Famous Authors,51303
164,Narrated By Famous Authors,619
164,Narrated By Famous Authors,10733
164,Narrated By Famous Authors,496
164,Narrated By Famous Authors,423154
164,Narrated By Famous Authors,39283
164,Narrated By Famous Authors,99189
164,Narrated By Famous Authors,394741
164,Narrated By Famous Authors,100344
164,Narrated By Famous Authors,300153
164,Narrated By Famous Authors,27899
165,Scottish Independence Themed Movies,16129
165,Scottish Independence Themed Movies,5765
165,Scottish Independence Themed Movies,82825
165,Scottish Independence Themed Movies,173561
165,Scottish Independence Themed Movies,29326
165,Scottish Independence Themed Movies,264080
165,Scottish Independence Themed Movies,404368
165,Scottish Independence Themed Movies,14613
165,Scottish Independence Themed Movies,15767
165,Scottish Independence Themed Movies,1817
165,Scottish Independence Themed Movies,36253
165,Scottish Independence Themed Movies,15774
165,Scottish Independence Themed Movies,2463
165,Scottish Independence Themed Movies,126749
165,Scottish Independence Themed Movies,218146
165,Scottish Independence Themed Movies,11049
165,Scottish Independence Themed Movies,13225
165,Scottish Independence Themed Movies,28973
165,Scottish Independence Themed Movies,36269
165,Scottish Independence Themed Movies,26422
165,Scottish Independence Themed Movies,695
165,Scottish Independence Themed Movies,28983
165,Scottish Independence Themed Movies,7227
165,Scottish Independence Themed Movies,700
165,Scottish Independence Themed Movies,9662
165,Scottish Independence Themed Movies,79935
165,Scottish Independence Themed Movies,571844
165,Scottish Independence Themed Movies,197
165,Scottish Independence Themed Movies,14919
165,Scottish Independence Themed Movies,14280
165,Scottish Independence Themed Movies,43341
165,Scottish Independence Themed Movies,27985
165,Scottish Independence Themed Movies,12117
165,Scottish Independence Themed Movies,24795
165,Scottish Independence Themed Movies,2014
165,Scottish Independence Themed Movies,862
165,Scottish Independence Themed Movies,139230
165,Scottish Independence Themed Movies,192097
165,Scottish Independence Themed Movies,760161
165,Scottish Independence Themed Movies,1305698
165,Scottish Independence Themed Movies,81894
165,Scottish Independence Themed Movies,3049
165,Scottish Independence Themed Movies,10601
165,Scottish Independence Themed Movies,9323
165,Scottish Independence Themed Movies,364
165,Scottish Independence Themed Movies,51565
165,Scottish Independence Themed Movies,43374
165,Scottish Independence Themed Movies,280431
165,Scottish Independence Themed Movies,111471
165,Scottish Independence Themed Movies,845933
165,Scottish Independence Themed Movies,382322
165,Scottish Independence Themed Movies,49270
165,Scottish Independence Themed Movies,132601
165,Scottish Independence Themed Movies,118908
166,Winning At All Costs,68737
166,Winning At All Costs,131074
166,Winning At All Costs,33667
166,Winning At All Costs,705162
166,Winning At All Costs,417419
166,Winning At All Costs,17804
166,Winning At All Costs,57868
166,Winning At All Costs,29456
166,Winning At All Costs,41878
166,Winning At All Costs,13341
166,Winning At All Costs,4253
166,Winning At All Costs,49565
166,Winning At All Costs,15265
166,Winning At All Costs,11170
166,Winning At All Costs,548
166,Winning At All Costs,47908
166,Winning At All Costs,9766
166,Winning At All Costs,82474
166,Winning At All Costs,41773
166,Winning At All Costs,10414
166,Winning At All Costs,25392
166,Winning At All Costs,39857
166,Winning At All Costs,16442
166,Winning At All Costs,244670
166,Winning At All Costs,276928
166,Winning At All Costs,9665
166,Winning At All Costs,581
166,Winning At All Costs,197
166,Winning At All Costs,739269
166,Winning At All Costs,1323473
166,Winning At All Costs,1366
166,Winning At All Costs,38616
166,Winning At All Costs,990
166,Winning At All Costs,71518
166,Winning At All Costs,864
166,Winning At All Costs,22881
166,Winning At All Costs,74469
166,Winning At All Costs,44267
166,Winning At All Costs,2161
166,Winning At All Costs,11889
166,Winning At All Costs,2293
166,Winning At All Costs,42231
166,Winning At All Costs,1913
166,Winning At All Costs,72570
167,Hollywood World War II Morale,700681
167,Hollywood World War II Morale,33419
167,Hollywood World War II Morale,101772
167,Hollywood World War II Morale,27284
167,Hollywood World War II Morale,2325
167,Hollywood World War II Morale,3482
167,Hollywood World War II Morale,256794
167,Hollywood World War II Morale,74012
167,Hollywood World War II Morale,62749
167,Hollywood World War II Morale,517148
167,Hollywood World War II Morale,12832
167,Hollywood World War II Morale,676
167,Hollywood World War II Morale,8741
167,Hollywood World War II Morale,42791
167,Hollywood World War II Morale,23336
167,Hollywood World War II Morale,32041
167,Hollywood World War II Morale,43177
167,Hollywood World War II Morale,59820
167,Hollywood World War II Morale,41647
167,Hollywood World War II Morale,84656
167,Hollywood World War II Morale,241842
167,Hollywood World War II Morale,210486
167,Hollywood World War II Morale,98487
167,Hollywood World War II Morale,60216
167,Hollywood World War II Morale,100605
167,Hollywood World War II Morale,14906
167,Hollywood World War II Morale,919483
167,Hollywood World War II Morale,103742
167,Hollywood World War II Morale,198
167,Hollywood World War II Morale,43518
167,Hollywood World War II Morale,49106
167,Hollywood World War II Morale,9045
167,Hollywood World War II Morale,69846
167,Hollywood World War II Morale,22871
167,Hollywood World War II Morale,134618
167,Hollywood World War II Morale,369885
167,Hollywood World War II Morale,449758
167,Hollywood World War II Morale,63971
167,Hollywood World War II Morale,150116
167,Hollywood World War II Morale,16869
167,Hollywood World War II Morale,68326
167,Hollywood World War II Morale,24167
167,Hollywood World War II Morale,304357
167,Hollywood World War II Morale,29933
167,Hollywood World War II Morale,9075
167,Hollywood World War II Morale,12660
167,Hollywood World War II Morale,1783
167,Hollywood World War II Morale,22905
167,Hollywood World War II Morale,80636
167,Hollywood World War II Morale,41597
167,Hollywood World War II Morale,10110
168,Military Leadership Under Extreme Pressure,40577
168,Military Leadership Under Extreme Pressure,10243
168,Military Leadership Under Extreme Pressure,11396
168,Military Leadership Under Extreme Pressure,35206
168,Military Leadership Under Extreme Pressure,35724
168,Military Leadership Under Extreme Pressure,498448
168,Military Leadership Under Extreme Pressure,1005331
168,Military Leadership Under Extreme Pressure,30104
168,Military Leadership Under Extreme Pressure,70426
168,Military Leadership Under Extreme Pressure,7454
168,Military Leadership Under Extreme Pressure,85670
168,Military Leadership Under Extreme Pressure,17707
168,Military Leadership Under Extreme Pressure,399404
168,Military Leadership Under Extreme Pressure,40878
168,Military Leadership Under Extreme Pressure,403119
168,Military Leadership Under Extreme Pressure,32560
168,Military Leadership Under Extreme Pressure,728118
168,Military Leadership Under Extreme Pressure,568
168,Military Leadership Under Extreme Pressure,44729
168,Military Leadership Under Extreme Pressure,46910
168,Military Leadership Under Extreme Pressure,35392
168,Military Leadership Under Extreme Pressure,246080
168,Military Leadership Under Extreme Pressure,474051
168,Military Leadership Under Extreme Pressure,68730
168,Military Leadership Under Extreme Pressure,1482
168,Military Leadership Under Extreme Pressure,204
168,Military Leadership Under Extreme Pressure,3536
168,Military Leadership Under Extreme Pressure,27858
168,Military Leadership Under Extreme Pressure,68309
168,Military Leadership Under Extreme Pressure,22871
168,Military Leadership Under Extreme Pressure,8665
168,Military Leadership Under Extreme Pressure,136928
168,Military Leadership Under Extreme Pressure,14433
168,Military Leadership Under Extreme Pressure,43490
168,Military Leadership Under Extreme Pressure,34530
168,Military Leadership Under Extreme Pressure,127846
168,Military Leadership Under Extreme Pressure,13416
168,Military Leadership Under Extreme Pressure,12651
168,Military Leadership Under Extreme Pressure,743021
168,Military Leadership Under Extreme Pressure,81390
168,Military Leadership Under Extreme Pressure,12528
168,Military Leadership Under Extreme Pressure,11506
168,Military Leadership Under Extreme Pressure,438259
168,Military Leadership Under Extreme Pressure,303858
168,Military Leadership Under Extreme Pressure,77173
168,Military Leadership Under Extreme Pressure,57722
168,Military Leadership Under Extreme Pressure,10491
168,Military Leadership Under Extreme Pressure,440319
169,Restrained Johnny Depp Performances,9993
169,Restrained Johnny Depp Performances,37513
169,Restrained Johnny Depp Performances,265228
169,Restrained Johnny Depp Performances,1165
169,Restrained Johnny Depp Performances,27022
169,Restrained Johnny Depp Performances,26893
169,Restrained Johnny Depp Performances,43791
169,Restrained Johnny Depp Performances,99345
169,Restrained Johnny Depp Performances,259611
169,Restrained Johnny Depp Performances,15774
169,Restrained Johnny Depp Performances,43807
169,Restrained Johnny Depp Performances,154400
169,Restrained Johnny Depp Performances,37921
169,Restrained Johnny Depp Performances,14756
169,Restrained Johnny Depp Performances,4133
169,Restrained Johnny Depp Performances,419709
169,Restrained Johnny Depp Performances,6963
169,Restrained Johnny Depp Performances,9652
169,Restrained Johnny Depp Performances,121523
169,Restrained Johnny Depp Performances,10427
169,Restrained Johnny Depp Performances,1988
169,Restrained Johnny Depp Performances,550087
169,Restrained Johnny Depp Performances,42188
169,Restrained Johnny Depp Performances,59468
169,Restrained Johnny Depp Performances,199373
169,Restrained Johnny Depp Performances,207
169,Restrained Johnny Depp Performances,128210
169,Restrained Johnny Depp Performances,39893
169,Restrained Johnny Depp Performances,36950
169,Restrained Johnny Depp Performances,10201
169,Restrained Johnny Depp Performances,34653
169,Restrained Johnny Depp Performances,866
169,Restrained Johnny Depp Performances,31589
169,Restrained Johnny Depp Performances,855400
169,Restrained Johnny Depp Performances,5994
169,Restrained Johnny Depp Performances,622
169,Restrained Johnny Depp Performances,89456
169,Restrained Johnny Depp Performances,42481
169,Restrained Johnny Depp Performances,41714
169,Restrained Johnny Depp Performances,86004
169,Restrained Johnny Depp Performances,32761
169,Restrained Johnny Depp Performances,24186
169,Restrained Johnny Depp Performances,48764
169,Restrained Johnny Depp Performances,11005
170,Paradise Locations Hiding Dark Secrets,43136
170,Paradise Locations Hiding Dark Secrets,10242
170,Paradise Locations Hiding Dark Secrets,77571
170,Paradise Locations Hiding Dark Secrets,50553
170,Paradise Locations Hiding Dark Secrets,12684
170,Paradise Locations Hiding Dark Secrets,8973
170,Paradise Locations Hiding Dark Secrets,14604
170,Paradise Locations Hiding Dark Secrets,39309
170,Paradise Locations Hiding Dark Secrets,46738
170,Paradise Locations Hiding Dark Secrets,790
170,Paradise Locations Hiding Dark Secrets,20246
170,Paradise Locations Hiding Dark Secrets,19997
170,Paradise Locations Hiding Dark Secrets,154400
170,Paradise Locations Hiding Dark Secrets,352161
170,Paradise Locations Hiding Dark Secrets,1698
170,Paradise Locations Hiding Dark Secrets,524323
170,Paradise Locations Hiding Dark Secrets,505379
170,Paradise Locations Hiding Dark Secrets,530723
170,Paradise Locations Hiding Dark Secrets,529962
170,Paradise Locations Hiding Dark Secrets,12205
170,Paradise Locations Hiding Dark Secrets,26031
170,Paradise Locations Hiding Dark Secrets,377264
170,Paradise Locations Hiding Dark Secrets,4148
170,Paradise Locations Hiding Dark Secrets,41018
170,Paradise Locations Hiding Dark Secrets,30014
170,Paradise Locations Hiding Dark Secrets,84426
170,Paradise Locations Hiding Dark Secrets,667216
170,Paradise Locations Hiding Dark Secrets,212
170,Paradise Locations Hiding Dark Secrets,10836
170,Paradise Locations Hiding Dark Secrets,28504
170,Paradise Locations Hiding Dark Secrets,345
170,Paradise Locations Hiding Dark Secrets,108632
170,Paradise Locations Hiding Dark Secrets,2655
170,Paradise Locations Hiding Dark Secrets,4192
170,Paradise Locations Hiding Dark Secrets,21344
170,Paradise Locations Hiding Dark Secrets,43360
170,Paradise Locations Hiding Dark Secrets,47333
170,Paradise Locations Hiding Dark Secrets,84071
170,Paradise Locations Hiding Dark Secrets,3432
170,Paradise Locations Hiding Dark Secrets,260202
170,Paradise Locations Hiding Dark Secrets,3051
170,Paradise Locations Hiding Dark Secrets,134126
170,Paradise Locations Hiding Dark Secrets,39407
170,Paradise Locations Hiding Dark Secrets,255343
170,Paradise Locations Hiding Dark Secrets,37233
170,Paradise Locations Hiding Dark Secrets,13811
170,Paradise Locations Hiding Dark Secrets,34803
170,Paradise Locations Hiding Dark Secrets,56180
170,Paradise Locations Hiding Dark Secrets,10998
170,Paradise Locations Hiding Dark Secrets,38775
170,Paradise Locations Hiding Dark Secrets,15865
170,Paradise Locations Hiding Dark Secrets,10363
171,Pre 1900 Narrative Films,547588
171,Pre 1900 Narrative Films,38920
171,Pre 1900 Narrative Films,1164
171,Pre 1900 Narrative Films,1809
171,Pre 1900 Narrative Films,84884
171,Pre 1900 Narrative Films,34070
171,Pre 1900 Narrative Films,11163
171,Pre 1900 Narrative Films,539
171,Pre 1900 Narrative Films,300667
171,Pre 1900 Narrative Films,34207
171,Pre 1900 Narrative Films,10655
171,Pre 1900 Narrative Films,39855
171,Pre 1900 Narrative Films,19120
171,Pre 1900 Narrative Films,1585
171,Pre 1900 Narrative Films,178995
171,Pre 1900 Narrative Films,5051
171,Pre 1900 Narrative Films,568124
171,Pre 1900 Narrative Films,96702
171,Pre 1900 Narrative Films,73920
171,Pre 1900 Narrative Films,109435
171,Pre 1900 Narrative Films,11335
171,Pre 1900 Narrative Films,82120
171,Pre 1900 Narrative Films,133063
171,Pre 1900 Narrative Films,298313
171,Pre 1900 Narrative Films,43852
171,Pre 1900 Narrative Films,8785
171,Pre 1900 Narrative Films,540498
171,Pre 1900 Narrative Films,213
171,Pre 1900 Narrative Films,37080
171,Pre 1900 Narrative Films,762968
171,Pre 1900 Narrative Films,2525
171,Pre 1900 Narrative Films,2013
171,Pre 1900 Narrative Films,790496
171,Pre 1900 Narrative Films,110689
171,Pre 1900 Narrative Films,401387
171,Pre 1900 Narrative Films,228205
171,Pre 1900 Narrative Films,4723
171,Pre 1900 Narrative Films,47219
171,Pre 1900 Narrative Films,43771
172,Comedy Directors Attempting Serious Drama,146304
172,Comedy Directors Attempting Serious Drama,430081
172,Comedy Directors Attempting Serious Drama,43779
172,Comedy Directors Attempting Serious Drama,19076
172,Comedy Directors Attempting Serious Drama,901
172,Comedy Directors Attempting Serious Drama,2565
172,Comedy Directors Attempting Serious Drama,253065
172,Comedy Directors Attempting Serious Drama,111243
172,Comedy Directors Attempting Serious Drama,39053
172,Comedy Directors Attempting Serious Drama,52367
172,Comedy Directors Attempting Serious Drama,914
172,Comedy Directors Attempting Serious Drama,502422
172,Comedy Directors Attempting Serious Drama,10013
172,Comedy Directors Attempting Serious Drama,29988
172,Comedy Directors Attempting Serious Drama,823461
172,Comedy Directors Attempting Serious Drama,518452
172,Comedy Directors Attempting Serious Drama,11064
172,Comedy Directors Attempting Serious Drama,56122
172,Comedy Directors Attempting Serious Drama,9403
172,Comedy Directors Attempting Serious Drama,14652
172,Comedy Directors Attempting Serious Drama,32060
172,Comedy Directors Attempting Serious Drama,239678
172,Comedy Directors Attempting Serious Drama,5183
172,Comedy Directors Attempting Serious Drama,41280
172,Comedy Directors Attempting Serious Drama,10052
172,Comedy Directors Attempting Serious Drama,130885
172,Comedy Directors Attempting Serious Drama,71881
172,Comedy Directors Attempting Serious Drama,545611
172,Comedy Directors Attempting Serious Drama,18125
172,Comedy Directors Attempting Serious Drama,10195
172,Comedy Directors Attempting Serious Drama,213
172,Comedy Directors Attempting Serious Drama,18402
172,Comedy Directors Attempting Serious Drama,40807
172,Comedy Directors Attempting Serious Drama,411625
172,Comedy Directors Attempting Serious Drama,2539
172,Comedy Directors Attempting Serious Drama,8944
172,Comedy Directors Attempting Serious Drama,456570
172,Comedy Directors Attempting Serious Drama,251
172,Comedy Directors Attempting Serious Drama,637
173,1970s Ski Culture Cinema,258
173,1970s Ski Culture Cinema,62978
173,1970s Ski Culture Cinema,8327
173,1970s Ski Culture Cinema,396042
173,1970s Ski Culture Cinema,86539
173,1970s Ski Culture Cinema,32140
173,1970s Ski Culture Cinema,28942
173,1970s Ski Culture Cinema,26771
173,1970s Ski Culture Cinema,42517
173,1970s Ski Culture Cinema,89494
173,1970s Ski Culture Cinema,1559
173,1970s Ski Culture Cinema,37916
173,1970s Ski Culture Cinema,79645
173,1970s Ski Culture Cinema,475557
173,1970s Ski Culture Cinema,682
173,1970s Ski Culture Cinema,4267
173,1970s Ski Culture Cinema,32940
173,1970s Ski Culture Cinema,121902
173,1970s Ski Culture Cinema,92722
173,1970s Ski Culture Cinema,692
173,1970s Ski Culture Cinema,6966
173,1970s Ski Culture Cinema,29111
173,1970s Ski Culture Cinema,277177
173,1970s Ski Culture Cinema,122683
173,1970s Ski Culture Cinema,56764
173,1970s Ski Culture Cinema,703
173,1970s Ski Culture Cinema,45503
173,1970s Ski Culture Cinema,81471
173,1970s Ski Culture Cinema,167494
173,1970s Ski Culture Cinema,26185
173,1970s Ski Culture Cinema,53321
173,1970s Ski Culture Cinema,86732
173,1970s Ski Culture Cinema,29005
173,1970s Ski Culture Cinema,37582
173,1970s Ski Culture Cinema,216
173,1970s Ski Culture Cinema,14937
173,1970s Ski Culture Cinema,59352
173,1970s Ski Culture Cinema,168408
173,1970s Ski Culture Cinema,42588
173,1970s Ski Culture Cinema,54236
173,1970s Ski Culture Cinema,40158
173,1970s Ski Culture Cinema,3935
173,1970s Ski Culture Cinema,66013
173,1970s Ski Culture Cinema,10209
173,1970s Ski Culture Cinema,36321
173,1970s Ski Culture Cinema,44132
173,1970s Ski Culture Cinema,742
173,1970s Ski Culture Cinema,53223
173,1970s Ski Culture Cinema,192871
173,1970s Ski Culture Cinema,21613
173,1970s Ski Culture Cinema,28783
173,1970s Ski Culture Cinema,61296
173,1970s Ski Culture Cinema,67568
173,1970s Ski Culture Cinema,11123
173,1970s Ski Culture Cinema,42227
173,1970s Ski Culture Cinema,5879
173,1970s Ski Culture Cinema,42234
173,1970s Ski Culture Cinema,54013
173,1970s Ski Culture Cinema,248319
174,Reagan Era Military Action Heroes,75780
174,Reagan Era Military Action Heroes,33542
174,Reagan Era Military Action Heroes,28039
174,Reagan Era Military Action Heroes,9869
174,Reagan Era Military Action Heroes,567189
174,Reagan Era Military Action Heroes,34459
174,Reagan Era Military Action Heroes,668
174,Reagan Era Military Action Heroes,61979
174,Reagan Era Military Action Heroes,70436
174,Reagan Era Military Action Heroes,423204
174,Reagan Era Military Action Heroes,1228710
174,Reagan Era Military Action Heroes,679
174,Reagan Era Military Action Heroes,941
174,Reagan Era Military Action Heroes,22832
174,Reagan Era Military Action Heroes,435
174,Reagan Era Military Action Heroes,19124
174,Reagan Era Military Action Heroes,9397
174,Reagan Era Military Action Heroes,54848
174,Reagan Era Military Action Heroes,6978
174,Reagan Era Military Action Heroes,2503
174,Reagan Era Military Action Heroes,2636
174,Reagan Era Military Action Heroes,158157
174,Reagan Era Military Action Heroes,1103
174,Reagan Era Military Action Heroes,23631
174,Reagan Era Military Action Heroes,18257
174,Reagan Era Military Action Heroes,12500
174,Reagan Era Military Action Heroes,26196
174,Reagan Era Military Action Heroes,56535
174,Reagan Era Military Action Heroes,1369
174,Reagan Era Military Action Heroes,1370
174,Reagan Era Military Action Heroes,1498
174,Reagan Era Military Action Heroes,218
174,Reagan Era Military Action Heroes,45533
174,Reagan Era Military Action Heroes,161392
174,Reagan Era Military Action Heroes,16113
174,Reagan Era Military Action Heroes,13938
174,Reagan Era Military Action Heroes,11379
174,Reagan Era Military Action Heroes,87156
174,Reagan Era Military Action Heroes,484468
174,Reagan Era Military Action Heroes,457335
174,Reagan Era Military Action Heroes,8698
175,Hotel Room Psychological Dramas,43136
175,Hotel Room Psychological Dramas,436355
175,Hotel Room Psychological Dramas,36612
175,Hotel Room Psychological Dramas,2438
175,Hotel Room Psychological Dramas,33030
175,Hotel Room Psychological Dramas,50183
175,Hotel Room Psychological Dramas,57993
175,Hotel Room Psychological Dramas,523
175,Hotel Room Psychological Dramas,780
175,Hotel Room Psychological Dramas,46992
175,Hotel Room Psychological Dramas,74896
175,Hotel Room Psychological Dramas,13079
175,Hotel Room Psychological Dramas,279
175,Hotel Room Psychological Dramas,13468
175,Hotel Room Psychological Dramas,54563
175,Hotel Room Psychological Dramas,9769
175,Hotel Room Psychological Dramas,473513
175,Hotel Room Psychological Dramas,227245
175,Hotel Room Psychological Dramas,74544
175,Hotel Room Psychological Dramas,9523
175,Hotel Room Psychological Dramas,23861
175,Hotel Room Psychological Dramas,82101
175,Hotel Room Psychological Dramas,42041
175,Hotel Room Psychological Dramas,456379
175,Hotel Room Psychological Dramas,4415
175,Hotel Room Psychological Dramas,35650
175,Hotel Room Psychological Dramas,324807
175,Hotel Room Psychological Dramas,12235
175,Hotel Room Psychological Dramas,575563
175,Hotel Room Psychological Dramas,294741
175,Hotel Room Psychological Dramas,2009
175,Hotel Room Psychological Dramas,220
175,Hotel Room Psychological Dramas,66022
175,Hotel Room Psychological Dramas,42602
175,Hotel Room Psychological Dramas,1643
175,Hotel Room Psychological Dramas,48364
175,Hotel Room Psychological Dramas,344556
175,Hotel Room Psychological Dramas,32881
175,Hotel Room Psychological Dramas,41974
175,Hotel Room Psychological Dramas,14455
175,Hotel Room Psychological Dramas,429174
175,Hotel Room Psychological Dramas,204922
176,European Directors in Hollywood Films,794368
176,European Directors in Hollywood Films,2690
176,European Directors in Hollywood Films,43397
176,European Directors in Hollywood Films,85638
176,European Directors in Hollywood Films,27655
176,European Directors in Hollywood Films,21256
176,European Directors in Hollywood Films,8073
176,European Directors in Hollywood Films,266
176,European Directors in Hollywood Films,38151
176,European Directors in Hollywood Films,188293
176,European Directors in Hollywood Films,249734
176,European Directors in Hollywood Films,72083
176,European Directors in Hollywood Films,48149
176,European Directors in Hollywood Films,4886
176,European Directors in Hollywood Films,1025686
176,European Directors in Hollywood Films,43800
176,European Directors in Hollywood Films,259325
176,European Directors in Hollywood Films,30363
176,European Directors in Hollywood Films,84636
176,European Directors in Hollywood Films,28445
176,European Directors in Hollywood Films,43935
176,European Directors in Hollywood Films,5153
176,European Directors in Hollywood Films,46625
176,European Directors in Hollywood Films,8740
176,European Directors in Hollywood Films,3877
176,European Directors in Hollywood Films,292133
176,European Directors in Hollywood Films,41513
176,European Directors in Hollywood Films,17578
176,European Directors in Hollywood Films,82096
176,European Directors in Hollywood Films,61109
176,European Directors in Hollywood Films,52278
176,European Directors in Hollywood Films,62655
176,European Directors in Hollywood Films,240832
176,European Directors in Hollywood Films,200001
176,European Directors in Hollywood Films,1859
176,European Directors in Hollywood Films,125891
176,European Directors in Hollywood Films,62789
176,European Directors in Hollywood Films,24014
176,European Directors in Hollywood Films,42062
176,European Directors in Hollywood Films,238031
176,European Directors in Hollywood Films,1492
176,European Directors in Hollywood Films,17885
176,European Directors in Hollywood Films,223
176,European Directors in Hollywood Films,171624
176,European Directors in Hollywood Films,4970
176,European Directors in Hollywood Films,39402
176,European Directors in Hollywood Films,1644
176,European Directors in Hollywood Films,84079
176,European Directors in Hollywood Films,42737
176,European Directors in Hollywood Films,27511
176,European Directors in Hollywood Films,633
176,European Directors in Hollywood Films,85499
176,European Directors in Hollywood Films,31868
176,European Directors in Hollywood Films,103165
177,Anti Digital Distraction Cinema,315775
177,Anti Digital Distraction Cinema,1417
177,Anti Digital Distraction Cinema,8074
177,Anti Digital Distraction Cinema,86413
177,Anti Digital Distraction Cinema,33166
177,Anti Digital Distraction Cinema,55823
177,Anti Digital Distraction Cinema,9364
177,Anti Digital Distraction Cinema,41115
177,Anti Digital Distraction Cinema,126238
177,Anti Digital Distraction Cinema,205471
177,Anti Digital Distraction Cinema,114336
177,Anti Digital Distraction Cinema,5924
177,Anti Digital Distraction Cinema,90540
177,Anti Digital Distraction Cinema,2994
177,Anti Digital Distraction Cinema,692
177,Anti Digital Distraction Cinema,18229
177,Anti Digital Distraction Cinema,126004
177,Anti Digital Distraction Cinema,43445
177,Anti Digital Distraction Cinema,195382
177,Anti Digital Distraction Cinema,377153
177,Anti Digital Distraction Cinema,12104
177,Anti Digital Distraction Cinema,42696
177,Anti Digital Distraction Cinema,248319
177,Anti Digital Distraction Cinema,920015
177,Anti Digital Distraction Cinema,8785
177,Anti Digital Distraction Cinema,49106
177,Anti Digital Distraction Cinema,85715
177,Anti Digital Distraction Cinema,41949
177,Anti Digital Distraction Cinema,225
177,Anti Digital Distraction Cinema,2786
177,Anti Digital Distraction Cinema,32097
177,Anti Digital Distraction Cinema,36067
177,Anti Digital Distraction Cinema,88421
177,Anti Digital Distraction Cinema,74349
177,Anti Digital Distraction Cinema,3060
177,Anti Digital Distraction Cinema,67062
177,Anti Digital Distraction Cinema,29048
177,Anti Digital Distraction Cinema,42617
177,Anti Digital Distraction Cinema,175226
177,Anti Digital Distraction Cinema,78076
177,Anti Digital Distraction Cinema,26495
178,Dual Identity Character Studies,378240
178,Dual Identity Character Studies,110465
178,Dual Identity Character Studies,2690
178,Dual Identity Character Studies,235011
178,Dual Identity Character Studies,1924
178,Dual Identity Character Studies,433414
178,Dual Identity Character Studies,35849
178,Dual Identity Character Studies,536841
178,Dual Identity Character Studies,72331
178,Dual Identity Character Studies,193037
178,Dual Identity Character Studies,9489
178,Dual Identity Character Studies,14609
178,Dual Identity Character Studies,73873
178,Dual Identity Character Studies,11412
178,Dual Identity Character Studies,8088
178,Dual Identity Character Studies,200863
178,Dual Identity Character Studies,14112
178,Dual Identity Character Studies,42657
178,Dual Identity Character Studies,12706
178,Dual Identity Character Studies,435615
178,Dual Identity Character Studies,10021
178,Dual Identity Character Studies,41253
178,Dual Identity Character Studies,3111
178,Dual Identity Character Studies,94248
178,Dual Identity Character Studies,43691
178,Dual Identity Character Studies,61109
178,Dual Identity Character Studies,321974
178,Dual Identity Character Studies,29243
178,Dual Identity Character Studies,1724
178,Dual Identity Character Studies,27197
178,Dual Identity Character Studies,23615
178,Dual Identity Character Studies,496450
178,Dual Identity Character Studies,114372
178,Dual Identity Character Studies,3016
178,Dual Identity Character Studies,374856
178,Dual Identity Character Studies,185555
178,Dual Identity Character Studies,51806
178,Dual Identity Character Studies,226
178,Dual Identity Character Studies,196325
178,Dual Identity Character Studies,79464
178,Dual Identity Character Studies,493675
178,Dual Identity Character Studies,645488
178,Dual Identity Character Studies,4477
179,Seventies Rural American Horror Movies,58242
179,Seventies Rural American Horror Movies,16131
179,Seventies Rural American Horror Movies,26755
179,Seventies Rural American Horror Movies,340487
179,Seventies Rural American Horror Movies,9609
179,Seventies Rural American Horror Movies,36106
179,Seventies Rural American Horror Movies,36874
179,Seventies Rural American Horror Movies,24078
179,Seventies Rural American Horror Movies,26514
179,Seventies Rural American Horror Movies,174354
179,Seventies Rural American Horror Movies,25748
179,Seventies Rural American Horror Movies,42519
179,Seventies Rural American Horror Movies,157847
179,Seventies Rural American Horror Movies,11811
179,Seventies Rural American Horror Movies,4011
179,Seventies Rural American Horror Movies,44718
179,Seventies Rural American Horror Movies,688
179,Seventies Rural American Horror Movies,1842
179,Seventies Rural American Horror Movies,1587
179,Seventies Rural American Horror Movies,103731
179,Seventies Rural American Horror Movies,16442
179,Seventies Rural American Horror Movies,26173
179,Seventies Rural American Horror Movies,121789
179,Seventies Rural American Horror Movies,226749
179,Seventies Rural American Horror Movies,287424
179,Seventies Rural American Horror Movies,126658
179,Seventies Rural American Horror Movies,67273
179,Seventies Rural American Horror Movies,552269
179,Seventies Rural American Horror Movies,24655
179,Seventies Rural American Horror Movies,12247
179,Seventies Rural American Horror Movies,91737
179,Seventies Rural American Horror Movies,8922
179,Seventies Rural American Horror Movies,414425
179,Seventies Rural American Horror Movies,615643
179,Seventies Rural American Horror Movies,13664
179,Seventies Rural American Horror Movies,226
179,Seventies Rural American Horror Movies,23395
179,Seventies Rural American Horror Movies,743526
179,Seventies Rural American Horror Movies,42087
179,Seventies Rural American Horror Movies,85483
179,Seventies Rural American Horror Movies,30062
179,Seventies Rural American Horror Movies,201840
179,Seventies Rural American Horror Movies,1265
179,Seventies Rural American Horror Movies,18551
179,Seventies Rural American Horror Movies,218105
179,Seventies Rural American Horror Movies,30071
180,Poetic Realism Movement Masterpieces,64897
180,Poetic Realism Movement Masterpieces,1542
180,Poetic Realism Movement Masterpieces,55943
180,Poetic Realism Movement Masterpieces,26252
180,Poetic Realism Movement Masterpieces,2447
180,Poetic Realism Movement Masterpieces,43153
180,Poetic Realism Movement Masterpieces,133661
180,Poetic Realism Movement Masterpieces,79264
180,Poetic Realism Movement Masterpieces,51617
180,Poetic Realism Movement Masterpieces,132392
180,Poetic Realism Movement Masterpieces,76203
180,Poetic Realism Movement Masterpieces,27053
180,Poetic Realism Movement Masterpieces,47795
180,Poetic Realism Movement Masterpieces,29112
180,Poetic Realism Movement Masterpieces,7992
180,Poetic Realism Movement Masterpieces,35129
180,Poetic Realism Movement Masterpieces,92990
180,Poetic Realism Movement Masterpieces,377535
180,Poetic Realism Movement Masterpieces,506558
180,Poetic Realism Movement Masterpieces,52677
180,Poetic Realism Movement Masterpieces,45000
180,Poetic Realism Movement Masterpieces,1481
180,Poetic Realism Movement Masterpieces,78537
180,Poetic Realism Movement Masterpieces,42062
180,Poetic Realism Movement Masterpieces,54352
180,Poetic Realism Movement Masterpieces,27090
180,Poetic Realism Movement Masterpieces,31442
180,Poetic Realism Movement Masterpieces,68822
180,Poetic Realism Movement Masterpieces,35030
180,Poetic Realism Movement Masterpieces,38360
180,Poetic Realism Movement Masterpieces,63702
180,Poetic Realism Movement Masterpieces,47069
180,Poetic Realism Movement Masterpieces,136797
180,Poetic Realism Movement Masterpieces,9952
180,Poetic Realism Movement Masterpieces,227
180,Poetic Realism Movement Masterpieces,166883
180,Poetic Realism Movement Masterpieces,33765
180,Poetic Realism Movement Masterpieces,25062
180,Poetic Realism Movement Masterpieces,74727
180,Poetic Realism Movement Masterpieces,33261
180,Poetic Realism Movement Masterpieces,38766
180,Poetic Realism Movement Masterpieces,18929
180,Poetic Realism Movement Masterpieces,49521
180,Poetic Realism Movement Masterpieces,67443
180,Poetic Realism Movement Masterpieces,46326
180,Poetic Realism Movement Masterpieces,19197
180,Poetic Realism Movement Masterpieces,47870
181,Proto Noir Visual Style Films,6016
181,Proto Noir Visual Style Films,85889
181,Proto Noir Visual Style Films,899
181,Proto Noir Visual Style Films,43529
181,Proto Noir Visual Style Films,20361
181,Proto Noir Visual Style Films,9611
181,Proto Noir Visual Style Films,8076
181,Proto Noir Visual Style Films,802699
181,Proto Noir Visual Style Films,25099
181,Proto Noir Visual Style Films,301325
181,Proto Noir Visual Style Films,8850
181,Proto Noir Visual Style Films,53779
181,Proto Noir Visual Style Films,2587
181,Proto Noir Visual Style Films,16283
181,Proto Noir Visual Style Films,46126
181,Proto Noir Visual Style Films,5683
181,Proto Noir Visual Style Films,30901
181,Proto Noir Visual Style Films,658485
181,Proto Noir Visual Style Films,26039
181,Proto Noir Visual Style Films,1595
181,Proto Noir Visual Style Films,575813
181,Proto Noir Visual Style Films,431819
181,Proto Noir Visual Style Films,844
181,Proto Noir Visual Style Films,104524
181,Proto Noir Visual Style Films,791373
181,Proto Noir Visual Style Films,4688
181,Proto Noir Visual Style Films,27986
181,Proto Noir Visual Style Films,13396
181,Proto Noir Visual Style Films,10199
181,Proto Noir Visual Style Films,4953
181,Proto Noir Visual Style Films,21600
181,Proto Noir Visual Style Films,396899
181,Proto Noir Visual Style Films,229
181,Proto Noir Visual Style Films,2662
181,Proto Noir Visual Style Films,431591
181,Proto Noir Visual Style Films,84713
181,Proto Noir Visual Style Films,17131
181,Proto Noir Visual Style Films,126319
181,Proto Noir Visual Style Films,241
181,Proto Noir Visual Style Films,20849
181,Proto Noir Visual Style Films,885
181,Proto Noir Visual Style Films,42744
181,Proto Noir Visual Style Films,27899
181,Proto Noir Visual Style Films,897661
181,Proto Noir Visual Style Films,28031
182,CIA Agents Gone Rogue Films,376453
182,CIA Agents Gone Rogue Films,23047
182,CIA Agents Gone Rogue Films,124807
182,CIA Agents Gone Rogue Films,152586
182,CIA Agents Gone Rogue Films,19851
182,CIA Agents Gone Rogue Films,85264
182,CIA Agents Gone Rogue Films,1005331
182,CIA Agents Gone Rogue Films,1428
182,CIA Agents Gone Rogue Films,238615
182,CIA Agents Gone Rogue Films,20121
182,CIA Agents Gone Rogue Films,13849
182,CIA Agents Gone Rogue Films,301337
182,CIA Agents Gone Rogue Films,13474
182,CIA Agents Gone Rogue Films,180900
182,CIA Agents Gone Rogue Films,23720
182,CIA Agents Gone Rogue Films,27816
182,CIA Agents Gone Rogue Films,157099
182,CIA Agents Gone Rogue Films,585268
182,CIA Agents Gone Rogue Films,14262
182,CIA Agents Gone Rogue Films,27576
182,CIA Agents Gone Rogue Films,15417
182,CIA Agents Gone Rogue Films,334521
182,CIA Agents Gone Rogue Films,11967
182,CIA Agents Gone Rogue Films,91583
182,CIA Agents Gone Rogue Films,27841
182,CIA Agents Gone Rogue Films,249791
182,CIA Agents Gone Rogue Films,586
182,CIA Agents Gone Rogue Films,725201
182,CIA Agents Gone Rogue Films,16723
182,CIA Agents Gone Rogue Films,42453
182,CIA Agents Gone Rogue Films,64214
182,CIA Agents Gone Rogue Films,188757
182,CIA Agents Gone Rogue Films,25050
182,CIA Agents Gone Rogue Films,34778
182,CIA Agents Gone Rogue Films,2270
182,CIA Agents Gone Rogue Films,134374
182,CIA Agents Gone Rogue Films,231
182,CIA Agents Gone Rogue Films,37749
182,CIA Agents Gone Rogue Films,265208
182,CIA Agents Gone Rogue Films,21882
182,CIA Agents Gone Rogue Films,68347
182,CIA Agents Gone Rogue Films,764
182,CIA Agents Gone Rogue Films,317309
183,AIDS Crisis Impact Films,156284
183,AIDS Crisis Impact Films,294016
183,AIDS Crisis Impact Films,768386
183,AIDS Crisis Impact Films,26755
183,AIDS Crisis Impact Films,447749
183,AIDS Crisis Impact Films,8456
183,AIDS Crisis Impact Films,653578
183,AIDS Crisis Impact Films,495884
183,AIDS Crisis Impact Films,90125
183,AIDS Crisis Impact Films,25232
183,AIDS Crisis Impact Films,174352
183,AIDS Crisis Impact Films,54546
183,AIDS Crisis Impact Films,250643
183,AIDS Crisis Impact Films,622357
183,AIDS Crisis Impact Films,82327
183,AIDS Crisis Impact Films,159000
183,AIDS Crisis Impact Films,433049
183,AIDS Crisis Impact Films,250657
183,AIDS Crisis Impact Films,52772
183,AIDS Crisis Impact Films,45094
183,AIDS Crisis Impact Films,9386
183,AIDS Crisis Impact Films,3121
183,AIDS Crisis Impact Films,9266
183,AIDS Crisis Impact Films,59314
183,AIDS Crisis Impact Films,282297
183,AIDS Crisis Impact Films,25405
183,AIDS Crisis Impact Films,6973
183,AIDS Crisis Impact Films,493121
183,AIDS Crisis Impact Films,86850
183,AIDS Crisis Impact Films,697795
183,AIDS Crisis Impact Films,757697
183,AIDS Crisis Impact Films,23495
183,AIDS Crisis Impact Films,493899
183,AIDS Crisis Impact Films,69069
183,AIDS Crisis Impact Films,590
183,AIDS Crisis Impact Films,20303
183,AIDS Crisis Impact Films,58062
183,AIDS Crisis Impact Films,244698
183,AIDS Crisis Impact Films,41949
183,AIDS Crisis Impact Films,53218
183,AIDS Crisis Impact Films,233
183,AIDS Crisis Impact Films,1900
183,AIDS Crisis Impact Films,794227
183,AIDS Crisis Impact Films,370168
183,AIDS Crisis Impact Films,50554
183,AIDS Crisis Impact Films,27644
183,AIDS Crisis Impact Films,409725
184,Documentary Style Youth Culture Films,26626
184,Documentary Style Youth Culture Films,356488
184,Documentary Style Youth Culture Films,146825
184,Documentary Style Youth Culture Films,417419
184,Documentary Style Youth Culture Films,1549
184,Documentary Style Youth Culture Films,121872
184,Documentary Style Youth Culture Films,30994
184,Documentary Style Youth Culture Films,1555
184,Documentary Style Youth Culture Films,26771
184,Documentary Style Youth Culture Films,69780
184,Documentary Style Youth Culture Films,406
184,Documentary Style Youth Culture Films,11798
184,Documentary Style Youth Culture Films,16664
184,Documentary Style Youth Culture Films,91030
184,Documentary Style Youth Culture Films,28059
184,Documentary Style Youth Culture Films,81435
184,Documentary Style Youth Culture Films,575773
184,Documentary Style Youth Culture Films,879901
184,Documentary Style Youth Culture Films,95775
184,Documentary Style Youth Culture Films,12197
184,Documentary Style Youth Culture Films,69798
184,Documentary Style Youth Culture Films,95399
184,Documentary Style Youth Culture Films,603519
184,Documentary Style Youth Culture Films,31785
184,Documentary Style Youth Culture Films,9517
184,Documentary Style Youth Culture Films,7090
184,Documentary Style Youth Culture Films,26933
184,Documentary Style Youth Culture Films,11129
184,Documentary Style Youth Culture Films,63418
184,Documentary Style Youth Culture Films,99002
184,Documentary Style Youth Culture Films,184507
184,Documentary Style Youth Culture Films,21057
184,Documentary Style Youth Culture Films,201283
184,Documentary Style Youth Culture Films,12229
184,Documentary Style Youth Culture Films,838
184,Documentary Style Youth Culture Films,1990
184,Documentary Style Youth Culture Films,27337
184,Documentary Style Youth Culture Films,144973
184,Documentary Style Youth Culture Films,18125
184,Documentary Style Youth Culture Films,88527
184,Documentary Style Youth Culture Films,481101
184,Documentary Style Youth Culture Films,338383
184,Documentary Style Youth Culture Films,27862
184,Documentary Style Youth Culture Films,347
184,Documentary Style Youth Culture Films,33511
184,Documentary Style Youth Culture Films,233
184,Documentary Style Youth Culture Films,15977
184,Documentary Style Youth Culture Films,42985
184,Documentary Style Youth Culture Films,120813
184,Documentary Style Youth Culture Films,565357
184,Documentary Style Youth Culture Films,12793
184,Documentary Style Youth Culture Films,81661
184,Documentary Style Youth Culture Films,90879
185,Sociological Study Plot Device Movies,1281
185,Sociological Study Plot Device Movies,87428
185,Sociological Study Plot Device Movies,28424
185,Sociological Study Plot Device Movies,2193
185,Sociological Study Plot Device Movies,9876
185,Sociological Study Plot Device Movies,498842
185,Sociological Study Plot Device Movies,15515
185,Sociological Study Plot Device Movies,27035
185,Sociological Study Plot Device Movies,34207
185,Sociological Study Plot Device Movies,15648
185,Sociological Study Plot Device Movies,17185
185,Sociological Study Plot Device Movies,18080
185,Sociological Study Plot Device Movies,587807
185,Sociological Study Plot Device Movies,31654
185,Sociological Study Plot Device Movies,107814
185,Sociological Study Plot Device Movies,43689
185,Sociological Study Plot Device Movies,86829
185,Sociological Study Plot Device Movies,688
185,Sociological Study Plot Device Movies,99770
185,Sociological Study Plot Device Movies,1979
185,Sociological Study Plot Device Movies,45243
185,Sociological Study Plot Device Movies,62527
185,Sociological Study Plot Device Movies,8386
185,Sociological Study Plot Device Movies,9285
185,Sociological Study Plot Device Movies,9543
185,Sociological Study Plot Device Movies,15944
185,Sociological Study Plot Device Movies,27465
185,Sociological Study Plot Device Movies,18506
185,Sociological Study Plot Device Movies,25167
185,Sociological Study Plot Device Movies,1873
185,Sociological Study Plot Device Movies,2004
185,Sociological Study Plot Device Movies,440021
185,Sociological Study Plot Device Movies,13398
185,Sociological Study Plot Device Movies,96346
185,Sociological Study Plot Device Movies,302688
185,Sociological Study Plot Device Movies,14817
185,Sociological Study Plot Device Movies,52841
185,Sociological Study Plot Device Movies,235
185,Sociological Study Plot Device Movies,35057
185,Sociological Study Plot Device Movies,10613
186,Character Development Over Spectacle,34053
186,Character Development Over Spectacle,77322
186,Character Development Over Spectacle,5259
186,Character Development Over Spectacle,13068
186,Character Development Over Spectacle,50571
186,Character Development Over Spectacle,6414
186,Character Development Over Spectacle,895
186,Character Development Over Spectacle,1690
186,Character Development Over Spectacle,292381
186,Character Development Over Spectacle,43806
186,Character Development Over Spectacle,10144
186,Character Development Over Spectacle,14624
186,Character Development Over Spectacle,296099
186,Character Development Over Spectacle,13223
186,Character Development Over Spectacle,15016
186,Character Development Over Spectacle,217896
186,Character Development Over Spectacle,37291
186,Character Development Over Spectacle,213804
186,Character Development Over Spectacle,6957
186,Character Development Over Spectacle,428078
186,Character Development Over Spectacle,677547
186,Character Development Over Spectacle,522931
186,Character Development Over Spectacle,21301
186,Character Development Over Spectacle,7863
186,Character Development Over Spectacle,65858
186,Character Development Over Spectacle,118340
186,Character Development Over Spectacle,400710
186,Character Development Over Spectacle,712
186,Character Development Over Spectacle,24010
186,Character Development Over Spectacle,38731
186,Character Development Over Spectacle,71883
186,Character Development Over Spectacle,39891
186,Character Development Over Spectacle,1367
186,Character Development Over Spectacle,343
186,Character Development Over Spectacle,13920
186,Character Development Over Spectacle,297825
186,Character Development Over Spectacle,351460
186,Character Development Over Spectacle,236
186,Character Development Over Spectacle,93934
186,Character Development Over Spectacle,18671
186,Character Development Over Spectacle,40575
186,Character Development Over Spectacle,42231
186,Character Development Over Spectacle,12157
186,Character Development Over Spectacle,8703
187,Australian New Wave Family Dramas,45569
187,Australian New Wave Family Dramas,49409
187,Australian New Wave Family Dramas,125316
187,Australian New Wave Family Dramas,11020
187,Australian New Wave Family Dramas,55310
187,Australian New Wave Family Dramas,78094
187,Australian New Wave Family Dramas,30994
187,Australian New Wave Family Dramas,16659
187,Australian New Wave Family Dramas,9885
187,Australian New Wave Family Dramas,26405
187,Australian New Wave Family Dramas,41125
187,Australian New Wave Family Dramas,341287
187,Australian New Wave Family Dramas,62761
187,Australian New Wave Family Dramas,29483
187,Australian New Wave Family Dramas,41772
187,Australian New Wave Family Dramas,242224
187,Australian New Wave Family Dramas,49969
187,Australian New Wave Family Dramas,9523
187,Australian New Wave Family Dramas,14904
187,Australian New Wave Family Dramas,9659
187,Australian New Wave Family Dramas,17212
187,Australian New Wave Family Dramas,26178
187,Australian New Wave Family Dramas,65015
187,Australian New Wave Family Dramas,36040
187,Australian New Wave Family Dramas,1481
187,Australian New Wave Family Dramas,13770
187,Australian New Wave Family Dramas,79816
187,Australian New Wave Family Dramas,349256
187,Australian New Wave Family Dramas,60109
187,Australian New Wave Family Dramas,69069
187,Australian New Wave Family Dramas,43089
187,Australian New Wave Family Dramas,44629
187,Australian New Wave Family Dramas,72277
187,Australian New Wave Family Dramas,118488
187,Australian New Wave Family Dramas,14937
187,Australian New Wave Family Dramas,118490
187,Australian New Wave Family Dramas,13787
187,Australian New Wave Family Dramas,88285
187,Australian New Wave Family Dramas,522466
187,Australian New Wave Family Dramas,17381
187,Australian New Wave Family Dramas,42214
187,Australian New Wave Family Dramas,88423
187,Australian New Wave Family Dramas,236
187,Australian New Wave Family Dramas,33261
187,Australian New Wave Family Dramas,60269
187,Australian New Wave Family Dramas,468210
187,Australian New Wave Family Dramas,31219
187,Australian New Wave Family Dramas,13428
187,Australian New Wave Family Dramas,19958
187,Australian New Wave Family Dramas,13943
187,Australian New Wave Family Dramas,32122
188,Thatcher Era British Social Commentary,5506
188,Thatcher Era British Social Commentary,16899
188,Thatcher Era British Social Commentary,328589
188,Thatcher Era British Social Commentary,26639
188,Thatcher Era British Social Commentary,3092
188,Thatcher Era British Social Commentary,11798
188,Thatcher Era British Social Commentary,183574
188,Thatcher Era British Social Commentary,25497
188,Thatcher Era British Social Commentary,27930
188,Thatcher Era British Social Commentary,32540
188,Thatcher Era British Social Commentary,63395
188,Thatcher Era British Social Commentary,40742
188,Thatcher Era British Social Commentary,7975
188,Thatcher Era British Social Commentary,44201
188,Thatcher Era British Social Commentary,8618
188,Thatcher Era British Social Commentary,54825
188,Thatcher Era British Social Commentary,415401
188,Thatcher Era British Social Commentary,87090
188,Thatcher Era British Social Commentary,26290
188,Thatcher Era British Social Commentary,54195
188,Thatcher Era British Social Commentary,11445
188,Thatcher Era British Social Commentary,25016
188,Thatcher Era British Social Commentary,48954
188,Thatcher Era British Social Commentary,155450
188,Thatcher Era British Social Commentary,35007
188,Thatcher Era British Social Commentary,32961
188,Thatcher Era British Social Commentary,43461
188,Thatcher Era British Social Commentary,455
188,Thatcher Era British Social Commentary,56137
188,Thatcher Era British Social Commentary,2762
188,Thatcher Era British Social Commentary,18125
188,Thatcher Era British Social Commentary,24152
188,Thatcher Era British Social Commentary,114266
188,Thatcher Era British Social Commentary,57565
188,Thatcher Era British Social Commentary,42464
188,Thatcher Era British Social Commentary,681185
188,Thatcher Era British Social Commentary,1061346
188,Thatcher Era British Social Commentary,11240
188,Thatcher Era British Social Commentary,43369
188,Thatcher Era British Social Commentary,9450
188,Thatcher Era British Social Commentary,490219
188,Thatcher Era British Social Commentary,237
188,Thatcher Era British Social Commentary,3565
188,Thatcher Era British Social Commentary,93041
188,Thatcher Era British Social Commentary,35185
188,Thatcher Era British Social Commentary,38770
188,Thatcher Era British Social Commentary,41073
188,Thatcher Era British Social Commentary,166393
188,Thatcher Era British Social Commentary,57978
188,Thatcher Era British Social Commentary,31995
189,Pastoral Life Cinema Studies,4481
189,Pastoral Life Cinema Studies,217477
189,Pastoral Life Cinema Studies,249734
189,Pastoral Life Cinema Studies,71436
189,Pastoral Life Cinema Studies,85645
189,Pastoral Life Cinema Studies,104460
189,Pastoral Life Cinema Studies,490005
189,Pastoral Life Cinema Studies,50071
189,Pastoral Life Cinema Studies,37532
189,Pastoral Life Cinema Studies,33693
189,Pastoral Life Cinema Studies,109991
189,Pastoral Life Cinema Studies,46379
189,Pastoral Life Cinema Studies,345649
189,Pastoral Life Cinema Studies,20531
189,Pastoral Life Cinema Studies,103731
189,Pastoral Life Cinema Studies,42553
189,Pastoral Life Cinema Studies,32325
189,Pastoral Life Cinema Studies,349256
189,Pastoral Life Cinema Studies,44361
189,Pastoral Life Cinema Studies,32202
189,Pastoral Life Cinema Studies,14283
189,Pastoral Life Cinema Studies,205898
189,Pastoral Life Cinema Studies,412363
189,Pastoral Life Cinema Studies,21967
189,Pastoral Life Cinema Studies,47440
189,Pastoral Life Cinema Studies,284241
189,Pastoral Life Cinema Studies,708049
189,Pastoral Life Cinema Studies,31190
189,Pastoral Life Cinema Studies,592984
189,Pastoral Life Cinema Studies,1114
189,Pastoral Life Cinema Studies,11489
189,Pastoral Life Cinema Studies,191714
189,Pastoral Life Cinema Studies,389218
189,Pastoral Life Cinema Studies,727012
189,Pastoral Life Cinema Studies,55909
189,Pastoral Life Cinema Studies,3175
189,Pastoral Life Cinema Studies,237
189,Pastoral Life Cinema Studies,50797
189,Pastoral Life Cinema Studies,95342
189,Pastoral Life Cinema Studies,3061
190,Vaudeville to Modern Comedy Bridges,16384
190,Vaudeville to Modern Comedy Bridges,12548
190,Vaudeville to Modern Comedy Bridges,67342
190,Vaudeville to Modern Comedy Bridges,19087
190,Vaudeville to Modern Comedy Bridges,50704
190,Vaudeville to Modern Comedy Bridges,83990
190,Vaudeville to Modern Comedy Bridges,1396376
190,Vaudeville to Modern Comedy Bridges,12186
190,Vaudeville to Modern Comedy Bridges,97434
190,Vaudeville to Modern Comedy Bridges,8992
190,Vaudeville to Modern Comedy Bridges,26661
190,Vaudeville to Modern Comedy Bridges,10535
190,Vaudeville to Modern Comedy Bridges,72105
190,Vaudeville to Modern Comedy Bridges,53418
190,Vaudeville to Modern Comedy Bridges,104364
190,Vaudeville to Modern Comedy Bridges,813
190,Vaudeville to Modern Comedy Bridges,514735
190,Vaudeville to Modern Comedy Bridges,36914
190,Vaudeville to Modern Comedy Bridges,9267
190,Vaudeville to Modern Comedy Bridges,260662
190,Vaudeville to Modern Comedy Bridges,514999
190,Vaudeville to Modern Comedy Bridges,51263
190,Vaudeville to Modern Comedy Bridges,18240
190,Vaudeville to Modern Comedy Bridges,33600
190,Vaudeville to Modern Comedy Bridges,11843
190,Vaudeville to Modern Comedy Bridges,4932
190,Vaudeville to Modern Comedy Bridges,776515
190,Vaudeville to Modern Comedy Bridges,505159
190,Vaudeville to Modern Comedy Bridges,9291
190,Vaudeville to Modern Comedy Bridges,55628
190,Vaudeville to Modern Comedy Bridges,76494
190,Vaudeville to Modern Comedy Bridges,103758
190,Vaudeville to Modern Comedy Bridges,16980
190,Vaudeville to Modern Comedy Bridges,854
190,Vaudeville to Modern Comedy Bridges,20444
190,Vaudeville to Modern Comedy Bridges,595813
190,Vaudeville to Modern Comedy Bridges,17768
190,Vaudeville to Modern Comedy Bridges,26347
190,Vaudeville to Modern Comedy Bridges,46828
190,Vaudeville to Modern Comedy Bridges,2925
190,Vaudeville to Modern Comedy Bridges,18414
190,Vaudeville to Modern Comedy Bridges,239
190,Vaudeville to Modern Comedy Bridges,61041
190,Vaudeville to Modern Comedy Bridges,26483
190,Vaudeville to Modern Comedy Bridges,19317
190,Vaudeville to Modern Comedy Bridges,3063
190,Vaudeville to Modern Comedy Bridges,83192
190,Vaudeville to Modern Comedy Bridges,238713
190,Vaudeville to Modern Comedy Bridges,378
191,Cinema Novo Movement Influenced Films,408961
191,Cinema Novo Movement Influenced Films,105861
191,Cinema Novo Movement Influenced Films,124167
191,Cinema Novo Movement Influenced Films,48267
191,Cinema Novo Movement Influenced Films,49807
191,Cinema Novo Movement Influenced Films,31514
191,Cinema Novo Movement Influenced Films,75674
191,Cinema Novo Movement Influenced Films,25628
191,Cinema Novo Movement Influenced Films,2204
191,Cinema Novo Movement Influenced Films,394269
191,Cinema Novo Movement Influenced Films,34207
191,Cinema Novo Movement Influenced Films,86559
191,Cinema Novo Movement Influenced Films,251516
191,Cinema Novo Movement Influenced Films,22178
191,Cinema Novo Movement Influenced Films,975521
191,Cinema Novo Movement Influenced Films,67109
191,Cinema Novo Movement Influenced Films,271397
191,Cinema Novo Movement Influenced Films,256807
191,Cinema Novo Movement Influenced Films,820517
191,Cinema Novo Movement Influenced Films,145197
191,Cinema Novo Movement Influenced Films,11953
191,Cinema Novo Movement Influenced Films,20017
191,Cinema Novo Movement Influenced Films,150707
191,Cinema Novo Movement Influenced Films,18872
191,Cinema Novo Movement Influenced Films,14269
191,Cinema Novo Movement Influenced Films,114750
191,Cinema Novo Movement Influenced Films,20932
191,Cinema Novo Movement Influenced Films,89540
191,Cinema Novo Movement Influenced Films,51276
191,Cinema Novo Movement Influenced Films,53837
191,Cinema Novo Movement Influenced Films,110415
191,Cinema Novo Movement Influenced Films,540111
191,Cinema Novo Movement Influenced Films,262610
191,Cinema Novo Movement Influenced Films,57811
191,Cinema Novo Movement Influenced Films,758866
191,Cinema Novo Movement Influenced Films,59990
191,Cinema Novo Movement Influenced Films,25050
191,Cinema Novo Movement Influenced Films,543836
191,Cinema Novo Movement Influenced Films,34653
191,Cinema Novo Movement Influenced Films,69469
191,Cinema Novo Movement Influenced Films,36833
191,Cinema Novo Movement Influenced Films,82404
191,Cinema Novo Movement Influenced Films,171492
191,Cinema Novo Movement Influenced Films,870
191,Cinema Novo Movement Influenced Films,325348
191,Cinema Novo Movement Influenced Films,33257
191,Cinema Novo Movement Influenced Films,77291
191,Cinema Novo Movement Influenced Films,556271
191,Cinema Novo Movement Influenced Films,37232
191,Cinema Novo Movement Influenced Films,241
191,Cinema Novo Movement Influenced Films,27378
191,Cinema Novo Movement Influenced Films,157045
191,Cinema Novo Movement Influenced Films,163957
191,Cinema Novo Movement Influenced Films,429174
191,Cinema Novo Movement Influenced Films,66812
191,Cinema Novo Movement Influenced Films,190079
192,Comedy Duos Meet Movie Monsters,36992
192,Comedy Duos Meet Movie Monsters,1930
192,Comedy Duos Meet Movie Monsters,29069
192,Comedy Duos Meet Movie Monsters,27662
192,Comedy Duos Meet Movie Monsters,11281
192,Comedy Duos Meet Movie Monsters,34077
192,Comedy Duos Meet Movie Monsters,929
192,Comedy Duos Meet Movie Monsters,26661
192,Comedy Duos Meet Movie Monsters,284711
192,Comedy Duos Meet Movie Monsters,13225
192,Comedy Duos Meet Movie Monsters,3117
192,Comedy Duos Meet Movie Monsters,90030
192,Comedy Duos Meet Movie Monsters,44591
192,Comedy Duos Meet Movie Monsters,49332
192,Comedy Duos Meet Movie Monsters,27318
192,Comedy Duos Meet Movie Monsters,4283
192,Comedy Duos Meet Movie Monsters,33475
192,Comedy Duos Meet Movie Monsters,13509
192,Comedy Duos Meet Movie Monsters,839
192,Comedy Duos Meet Movie Monsters,30793
192,Comedy Duos Meet Movie Monsters,31947
192,Comedy Duos Meet Movie Monsters,3149
192,Comedy Duos Meet Movie Monsters,42712
192,Comedy Duos Meet Movie Monsters,3035
192,Comedy Duos Meet Movie Monsters,10973
192,Comedy Duos Meet Movie Monsters,270303
192,Comedy Duos Meet Movie Monsters,1248
192,Comedy Duos Meet Movie Monsters,45795
192,Comedy Duos Meet Movie Monsters,29412
192,Comedy Duos Meet Movie Monsters,38761
192,Comedy Duos Meet Movie Monsters,33518
192,Comedy Duos Meet Movie Monsters,39154
192,Comedy Duos Meet Movie Monsters,244
192,Comedy Duos Meet Movie Monsters,8692
192,Comedy Duos Meet Movie Monsters,36089
192,Comedy Duos Meet Movie Monsters,17278
193,Early Commedia All'Italiana Influences,16642
193,Early Commedia All'Italiana Influences,24452
193,Early Commedia All'Italiana Influences,61829
193,Early Commedia All'Italiana Influences,130052
193,Early Commedia All'Italiana Influences,18183
193,Early Commedia All'Italiana Influences,53640
193,Early Commedia All'Italiana Influences,189828
193,Early Commedia All'Italiana Influences,22794
193,Early Commedia All'Italiana Influences,249734
193,Early Commedia All'Italiana Influences,12309
193,Early Commedia All'Italiana Influences,44439
193,Early Commedia All'Italiana Influences,23449
193,Early Commedia All'Italiana Influences,26522
193,Early Commedia All'Italiana Influences,114201
193,Early Commedia All'Italiana Influences,86300
193,Early Commedia All'Italiana Influences,19101
193,Early Commedia All'Italiana Influences,305438
193,Early Commedia All'Italiana Influences,176294
193,Early Commedia All'Italiana Influences,9384
193,Early Commedia All'Italiana Influences,29355
193,Early Commedia All'Italiana Influences,12716
193,Early Commedia All'Italiana Influences,32940
193,Early Commedia All'Italiana Influences,54316
193,Early Commedia All'Italiana Influences,12721
193,Early Commedia All'Italiana Influences,43442
193,Early Commedia All'Italiana Influences,17971
193,Early Commedia All'Italiana Influences,23098
193,Early Commedia All'Italiana Influences,226749
193,Early Commedia All'Italiana Influences,16958
193,Early Commedia All'Italiana Influences,111683
193,Early Commedia All'Italiana Influences,9285
193,Early Commedia All'Italiana Influences,10949
193,Early Commedia All'Italiana Influences,48202
193,Early Commedia All'Italiana Influences,48591
193,Early Commedia All'Italiana Influences,154064
193,Early Commedia All'Italiana Influences,26323
193,Early Commedia All'Italiana Influences,37204
193,Early Commedia All'Italiana Influences,46932
193,Early Commedia All'Italiana Influences,44249
193,Early Commedia All'Italiana Influences,9562
193,Early Commedia All'Italiana Influences,9691
193,Early Commedia All'Italiana Influences,28410
193,Early Commedia All'Italiana Influences,191324
193,Early Commedia All'Italiana Influences,85854
193,Early Commedia All'Italiana Influences,10466
193,Early Commedia All'Italiana Influences,30307
193,Early Commedia All'Italiana Influences,34276
193,Early Commedia All'Italiana Influences,75363
193,Early Commedia All'Italiana Influences,23014
193,Early Commedia All'Italiana Influences,84712
193,Early Commedia All'Italiana Influences,191081
193,Early Commedia All'Italiana Influences,17130
193,Early Commedia All'Italiana Influences,28268
193,Early Commedia All'Italiana Influences,7277
193,Early Commedia All'Italiana Influences,16624
193,Early Commedia All'Italiana Influences,720755
193,Early Commedia All'Italiana Influences,3574
193,Early Commedia All'Italiana Influences,247
193,Early Commedia All'Italiana Influences,27642
193,Early Commedia All'Italiana Influences,43391
194,Silent Observer Protagonist Films,44800
194,Silent Observer Protagonist Films,10881
194,Silent Observer Protagonist Films,13572
194,Silent Observer Protagonist Films,133008
194,Silent Observer Protagonist Films,1005331
194,Silent Observer Protagonist Films,830488
194,Silent Observer Protagonist Films,40092
194,Silent Observer Protagonist Films,513310
194,Silent Observer Protagonist Films,575520
194,Silent Observer Protagonist Films,42017
194,Silent Observer Protagonist Films,22178
194,Silent Observer Protagonist Films,2470
194,Silent Observer Protagonist Films,42791
194,Silent Observer Protagonist Films,9388
194,Silent Observer Protagonist Films,500909
194,Silent Observer Protagonist Films,515248
194,Silent Observer Protagonist Films,11832
194,Silent Observer Protagonist Films,90041
194,Silent Observer Protagonist Films,126777
194,Silent Observer Protagonist Films,29887
194,Silent Observer Protagonist Films,575
194,Silent Observer Protagonist Films,57157
194,Silent Observer Protagonist Films,88264
194,Silent Observer Protagonist Films,30025
194,Silent Observer Protagonist Films,30159
194,Silent Observer Protagonist Films,9426
194,Silent Observer Protagonist Films,7508
194,Silent Observer Protagonist Films,600
194,Silent Observer Protagonist Films,42586
194,Silent Observer Protagonist Films,604
194,Silent Observer Protagonist Films,139230
194,Silent Observer Protagonist Films,36576
194,Silent Observer Protagonist Films,867
194,Silent Observer Protagonist Films,55784
194,Silent Observer Protagonist Films,328425
194,Silent Observer Protagonist Films,593643
194,Silent Observer Protagonist Films,247
194,Silent Observer Protagonist Films,27899
195,War On Drugs Horror,46592
195,War On Drugs Horror,209411
195,War On Drugs Horror,69765
195,War On Drugs Horror,315775
195,War On Drugs Horror,250761
195,War On Drugs Horror,11658
195,War On Drugs Horror,102541
195,War On Drugs Horror,9102
195,War On Drugs Horror,49934
195,War On Drugs Horror,336655
195,War On Drugs Horror,444431
195,War On Drugs Horror,576017
195,War On Drugs Horror,44819
195,War On Drugs Horror,15764
195,War On Drugs Horror,25237
195,War On Drugs Horror,31894
195,War On Drugs Horror,519187
195,War On Drugs Horror,31642
195,War On Drugs Horror,43418
195,War On Drugs Horror,79777
195,War On Drugs Horror,238628
195,War On Drugs Horror,4133
195,War On Drugs Horror,37543
195,War On Drugs Horror,121642
195,War On Drugs Horror,35068
195,War On Drugs Horror,25014
195,War On Drugs Horror,253239
195,War On Drugs Horror,804150
195,War On Drugs Horror,28730
195,War On Drugs Horror,253626
195,War On Drugs Horror,159167
195,War On Drugs Horror,44480
195,War On Drugs Horror,74310
195,War On Drugs Horror,273481
195,War On Drugs Horror,25553
195,War On Drugs Horror,84567
195,War On Drugs Horror,32858
195,War On Drugs Horror,38747
195,War On Drugs Horror,18780
195,War On Drugs Horror,84701
195,War On Drugs Horror,98398
195,War On Drugs Horror,130267
195,War On Drugs Horror,34528
195,War On Drugs Horror,193756
195,War On Drugs Horror,1251
195,War On Drugs Horror,530915
195,War On Drugs Horror,524006
195,War On Drugs Horror,227688
195,War On Drugs Horror,29933
195,War On Drugs Horror,3060
195,War On Drugs Horror,1783
195,War On Drugs Horror,249
195,War On Drugs Horror,30588
195,War On Drugs Horror,215935
196,Bank Clerks Breaking Very Bad,524288
196,Bank Clerks Breaking Very Bad,9603
196,Bank Clerks Breaking Very Bad,33796
196,Bank Clerks Breaking Very Bad,54276
196,Bank Clerks Breaking Very Bad,391
196,Bank Clerks Breaking Very Bad,75785
196,Bank Clerks Breaking Very Bad,39948
196,Bank Clerks Breaking Very Bad,275
196,Bank Clerks Breaking Very Bad,429203
196,Bank Clerks Breaking Very Bad,139799
196,Bank Clerks Breaking Very Bad,35623
196,Bank Clerks Breaking Very Bad,21039
196,Bank Clerks Breaking Very Bad,9912
196,Bank Clerks Breaking Very Bad,20536
196,Bank Clerks Breaking Very Bad,2360
196,Bank Clerks Breaking Very Bad,10683
196,Bank Clerks Breaking Very Bad,64956
196,Bank Clerks Breaking Very Bad,77624
196,Bank Clerks Breaking Very Bad,43710
196,Bank Clerks Breaking Very Bad,92348
196,Bank Clerks Breaking Very Bad,9408
196,Bank Clerks Breaking Very Bad,5953
196,Bank Clerks Breaking Very Bad,155450
196,Bank Clerks Breaking Very Bad,35651
196,Bank Clerks Breaking Very Bad,12617
196,Bank Clerks Breaking Very Bad,890825
196,Bank Clerks Breaking Very Bad,417870
196,Bank Clerks Breaking Very Bad,29264
196,Bank Clerks Breaking Very Bad,43096
196,Bank Clerks Breaking Very Bad,63064
196,Bank Clerks Breaking Very Bad,319067
196,Bank Clerks Breaking Very Bad,350
196,Bank Clerks Breaking Very Bad,316766
196,Bank Clerks Breaking Very Bad,843241
196,Bank Clerks Breaking Very Bad,21484
196,Bank Clerks Breaking Very Bad,256314
196,Bank Clerks Breaking Very Bad,250224
196,Bank Clerks Breaking Very Bad,447856
196,Bank Clerks Breaking Very Bad,84342
196,Bank Clerks Breaking Very Bad,250
197,Show Business Rise And Fall,262
197,Show Business Rise And Fall,28554
197,Show Business Rise And Fall,43277
197,Show Business Rise And Fall,16279
197,Show Business Rise And Fall,85783
197,Show Business Rise And Fall,45213
197,Show Business Rise And Fall,9504
197,Show Business Rise And Fall,23201
197,Show Business Rise And Fall,310307
197,Show Business Rise And Fall,207143
197,Show Business Rise And Fall,45225
197,Show Business Rise And Fall,308266
197,Show Business Rise And Fall,16561
197,Show Business Rise And Fall,21301
197,Show Business Rise And Fall,9526
197,Show Business Rise And Fall,40633
197,Show Business Rise And Fall,14268
197,Show Business Rise And Fall,43389
197,Show Business Rise And Fall,26686
197,Show Business Rise And Fall,58428
197,Show Business Rise And Fall,239423
197,Show Business Rise And Fall,705
197,Show Business Rise And Fall,304451
197,Show Business Rise And Fall,16085
197,Show Business Rise And Fall,9942
197,Show Business Rise And Fall,16858
197,Show Business Rise And Fall,40411
197,Show Business Rise And Fall,6620
197,Show Business Rise And Fall,119003
197,Show Business Rise And Fall,43232
197,Show Business Rise And Fall,14817
197,Show Business Rise And Fall,620
197,Show Business Rise And Fall,1901
197,Show Business Rise And Fall,32499
197,Show Business Rise And Fall,67060
197,Show Business Rise And Fall,78331
197,Show Business Rise And Fall,25209
197,Show Business Rise And Fall,251
197,Show Business Rise And Fall,105852
197,Show Business Rise And Fall,12797
197,Show Business Rise And Fall,431479
198,Natural Child Actor Performances,263937
198,Natural Child Actor Performances,69891
198,Natural Child Actor Performances,42115
198,Natural Child Actor Performances,773
198,Natural Child Actor Performances,394117
198,Natural Child Actor Performances,11528
198,Natural Child Actor Performances,48139
198,Natural Child Actor Performances,489998
198,Natural Child Actor Performances,10897
198,Natural Child Actor Performances,614292
198,Natural Child Actor Performances,61461
198,Natural Child Actor Performances,1371798
198,Natural Child Actor Performances,103706
198,Natural Child Actor Performances,27163
198,Natural Child Actor Performances,115621
198,Natural Child Actor Performances,38445
198,Natural Child Actor Performances,10414
198,Natural Child Actor Performances,41777
198,Natural Child Actor Performances,21042
198,Natural Child Actor Performances,57395
198,Natural Child Actor Performances,3640
198,Natural Child Actor Performances,92603
198,Natural Child Actor Performances,4541
198,Natural Child Actor Performances,92989
198,Natural Child Actor Performances,14784
198,Natural Child Actor Performances,12102
198,Natural Child Actor Performances,32713
198,Natural Child Actor Performances,749004
198,Natural Child Actor Performances,65229
198,Natural Child Actor Performances,728142
198,Natural Child Actor Performances,85327
198,Natural Child Actor Performances,850
198,Natural Child Actor Performances,23512
198,Natural Child Actor Performances,2267
198,Natural Child Actor Performances,1634
198,Natural Child Actor Performances,1080936
198,Natural Child Actor Performances,438634
198,Natural Child Actor Performances,224746
198,Natural Child Actor Performances,131322
198,Natural Child Actor Performances,42223
198,Natural Child Actor Performances,8816
198,Natural Child Actor Performances,1393
198,Natural Child Actor Performances,17264
198,Natural Child Actor Performances,252
198,Natural Child Actor Performances,28276
198,Natural Child Actor Performances,215924
198,Natural Child Actor Performances,24951
198,Natural Child Actor Performances,1786
198,Natural Child Actor Performances,38523
198,Natural Child Actor Performances,1660
198,Natural Child Actor Performances,163710
199,Jan de Bont Action Spectacles,9091
199,Jan de Bont Action Spectacles,75780
199,Jan de Bont Action Spectacles,579974
199,Jan de Bont Action Spectacles,11143
199,Jan de Bont Action Spectacles,45450
199,Jan de Bont Action Spectacles,400020
199,Jan de Bont Action Spectacles,419094
199,Jan de Bont Action Spectacles,664
199,Jan de Bont Action Spectacles,22048
199,Jan de Bont Action Spectacles,36775
199,Jan de Bont Action Spectacles,899112
199,Jan de Bont Action Spectacles,181808
199,Jan de Bont Action Spectacles,263600
199,Jan de Bont Action Spectacles,562
199,Jan de Bont Action Spectacles,1714
199,Jan de Bont Action Spectacles,91314
199,Jan de Bont Action Spectacles,8373
199,Jan de Bont Action Spectacles,281778
199,Jan de Bont Action Spectacles,3512
199,Jan de Bont Action Spectacles,254904
199,Jan de Bont Action Spectacles,353081
199,Jan de Bont Action Spectacles,324668
199,Jan de Bont Action Spectacles,576
199,Jan de Bont Action Spectacles,2112
199,Jan de Bont Action Spectacles,203584
199,Jan de Bont Action Spectacles,454
199,Jan de Bont Action Spectacles,2502
199,Jan de Bont Action Spectacles,9802
199,Jan de Bont Action Spectacles,14539
199,Jan de Bont Action Spectacles,1996
199,Jan de Bont Action Spectacles,63946
199,Jan de Bont Action Spectacles,976720
199,Jan de Bont Action Spectacles,450001
199,Jan de Bont Action Spectacles,42583
199,Jan de Bont Action Spectacles,9691
199,Jan de Bont Action Spectacles,605
199,Jan de Bont Action Spectacles,9056
199,Jan de Bont Action Spectacles,183011
199,Jan de Bont Action Spectacles,325348
199,Jan de Bont Action Spectacles,696806
199,Jan de Bont Action Spectacles,1639
199,Jan de Bont Action Spectacles,12780
199,Jan de Bont Action Spectacles,44662
199,Jan de Bont Action Spectacles,24056
199,Jan de Bont Action Spectacles,94329
199,Jan de Bont Action Spectacles,22650
199,Jan de Bont Action Spectacles,42620
199,Jan de Bont Action Spectacles,253
199,Jan de Bont Action Spectacles,41471
200,Young Adult Book Series Adaptations,256
200,Young Adult Book Series Adaptations,23169
200,Young Adult Book Series Adaptations,90369
200,Young Adult Book Series Adaptations,1079553
200,Young Adult Book Series Adaptations,523781
200,Young Adult Book Series Adaptations,340102
200,Young Adult Book Series Adaptations,198663
200,Young Adult Book Series Adaptations,13455
200,Young Adult Book Series Adaptations,31504
200,Young Adult Book Series Adaptations,32657
200,Young Adult Book Series Adaptations,80274
200,Young Adult Book Series Adaptations,43930
200,Young Adult Book Series Adaptations,12444
200,Young Adult Book Series Adaptations,671
200,Young Adult Book Series Adaptations,11557
200,Young Adult Book Series Adaptations,257445
200,Young Adult Book Series Adaptations,475430
200,Young Adult Book Series Adaptations,12714
200,Young Adult Book Series Adaptations,15658
200,Young Adult Book Series Adaptations,213804
200,Young Adult Book Series Adaptations,7095
200,Young Adult Book Series Adaptations,59965
200,Young Adult Book Series Adaptations,818750
200,Young Adult Book Series Adaptations,33217
200,Young Adult Book Series Adaptations,342470
200,Young Adult Book Series Adaptations,3145
200,Young Adult Book Series Adaptations,157386
200,Young Adult Book Series Adaptations,316873
200,Young Adult Book Series Adaptations,93775
200,Young Adult Book Series Adaptations,21970
200,Young Adult Book Series Adaptations,83666
200,Young Adult Book Series Adaptations,760161
200,Young Adult Book Series Adaptations,2274
200,Young Adult Book Series Adaptations,107235
200,Young Adult Book Series Adaptations,16614
200,Young Adult Book Series Adaptations,283366
200,Young Adult Book Series Adaptations,10472
200,Young Adult Book Series Adaptations,417384
200,Young Adult Book Series Adaptations,22509
200,Young Adult Book Series Adaptations,499566
201,Gender Roles In Dance Films,258
201,Gender Roles In Dance Films,14467
201,Gender Roles In Dance Films,21764
201,Gender Roles In Dance Films,195589
201,Gender Roles In Dance Films,127111
201,Gender Roles In Dance Films,41611
201,Gender Roles In Dance Films,49168
201,Gender Roles In Dance Films,19345
201,Gender Roles In Dance Films,82321
201,Gender Roles In Dance Films,43027
201,Gender Roles In Dance Films,788
201,Gender Roles In Dance Films,917
201,Gender Roles In Dance Films,369300
201,Gender Roles In Dance Films,15512
201,Gender Roles In Dance Films,949785
201,Gender Roles In Dance Films,42522
201,Gender Roles In Dance Films,8987
201,Gender Roles In Dance Films,169377
201,Gender Roles In Dance Films,152748
201,Gender Roles In Dance Films,402351
201,Gender Roles In Dance Films,20656
201,Gender Roles In Dance Films,42801
201,Gender Roles In Dance Films,529203
201,Gender Roles In Dance Films,31031
201,Gender Roles In Dance Films,65592
201,Gender Roles In Dance Films,42809
201,Gender Roles In Dance Films,112823
201,Gender Roles In Dance Films,83899
201,Gender Roles In Dance Films,37181
201,Gender Roles In Dance Films,3902
201,Gender Roles In Dance Films,574
201,Gender Roles In Dance Films,63555
201,Gender Roles In Dance Films,12614
201,Gender Roles In Dance Films,8266
201,Gender Roles In Dance Films,43467
201,Gender Roles In Dance Films,125130
201,Gender Roles In Dance Films,734675
201,Gender Roles In Dance Films,9300
201,Gender Roles In Dance Films,9303
201,Gender Roles In Dance Films,51549
201,Gender Roles In Dance Films,597088
201,Gender Roles In Dance Films,44264
201,Gender Roles In Dance Films,473320
201,Gender Roles In Dance Films,68720
201,Gender Roles In Dance Films,1265
201,Gender Roles In Dance Films,2289
201,Gender Roles In Dance Films,12537
202,Toxic Relationship Character Studies,258
202,Toxic Relationship Character Studies,25858
202,Toxic Relationship Character Studies,31619
202,Toxic Relationship Character Studies,125316
202,Toxic Relationship Character Studies,2438
202,Toxic Relationship Character Studies,851334
202,Toxic Relationship Character Studies,82696
202,Toxic Relationship Character Studies,883726
202,Toxic Relationship Character Studies,227094
202,Toxic Relationship Character Studies,911645
202,Toxic Relationship Character Studies,178590
202,Toxic Relationship Character Studies,666277
202,Toxic Relationship Character Studies,41768
202,Toxic Relationship Character Studies,448557
202,Toxic Relationship Character Studies,10288
202,Toxic Relationship Character Studies,91186
202,Toxic Relationship Character Studies,3635
202,Toxic Relationship Character Studies,10293
202,Toxic Relationship Character Studies,410678
202,Toxic Relationship Character Studies,464566
202,Toxic Relationship Character Studies,570
202,Toxic Relationship Character Studies,758330
202,Toxic Relationship Character Studies,11327
202,Toxic Relationship Character Studies,400579
202,Toxic Relationship Character Studies,1396805
202,Toxic Relationship Character Studies,279753
202,Toxic Relationship Character Studies,4043
202,Toxic Relationship Character Studies,976
202,Toxic Relationship Character Studies,13012
202,Toxic Relationship Character Studies,12116
202,Toxic Relationship Character Studies,2010
202,Toxic Relationship Character Studies,44125
202,Toxic Relationship Character Studies,245473
202,Toxic Relationship Character Studies,345317
202,Toxic Relationship Character Studies,57703
202,Toxic Relationship Character Studies,37608
202,Toxic Relationship Character Studies,44009
202,Toxic Relationship Character Studies,7274
202,Toxic Relationship Character Studies,500840
202,Toxic Relationship Character Studies,1087081
202,Toxic Relationship Character Studies,46063
202,Toxic Relationship Character Studies,335983
202,Toxic Relationship Character Studies,102001
202,Toxic Relationship Character Studies,862965
202,Toxic Relationship Character Studies,886
202,Toxic Relationship Character Studies,26615
202,Toxic Relationship Character Studies,218105
202,Toxic Relationship Character Studies,28284
203,Buildings That Become Characters Films,259
203,Buildings That Become Characters Films,195589
203,Buildings That Become Characters Films,129670
203,Buildings That Become Characters Films,20875
203,Buildings That Become Characters Films,11916
203,Buildings That Become Characters Films,27019
203,Buildings That Become Characters Films,83595
203,Buildings That Become Characters Films,268171
203,Buildings That Become Characters Films,1938
203,Buildings That Become Characters Films,9362
203,Buildings That Become Characters Films,62996
203,Buildings That Become Characters Films,22553
203,Buildings That Become Characters Films,1050
203,Buildings That Become Characters Films,152603
203,Buildings That Become Characters Films,911645
203,Buildings That Become Characters Films,15775
203,Buildings That Become Characters Films,71839
203,Buildings That Become Characters Films,533535
203,Buildings That Become Characters Films,15138
203,Buildings That Become Characters Films,47653
203,Buildings That Become Characters Films,99237
203,Buildings That Become Characters Films,31026
203,Buildings That Become Characters Films,9651
203,Buildings That Become Characters Films,16180
203,Buildings That Become Characters Films,693
203,Buildings That Become Characters Films,11831
203,Buildings That Become Characters Films,29496
203,Buildings That Become Characters Films,2493
203,Buildings That Become Characters Films,47678
203,Buildings That Become Characters Films,48580
203,Buildings That Become Characters Films,24913
203,Buildings That Become Characters Films,11220
203,Buildings That Become Characters Films,18774
203,Buildings That Become Characters Films,93151
203,Buildings That Become Characters Films,1888
203,Buildings That Become Characters Films,10466
203,Buildings That Become Characters Films,228967
203,Buildings That Become Characters Films,50536
203,Buildings That Become Characters Films,623
203,Buildings That Become Characters Films,92272
203,Buildings That Become Characters Films,2291
203,Buildings That Become Characters Films,36211
203,Buildings That Become Characters Films,43379
203,Buildings That Become Characters Films,12150
203,Buildings That Become Characters Films,3065
203,Buildings That Become Characters Films,11773
203,Buildings That Become Characters Films,39039
204,Donnie Yen Career Defining Roles,18050
204,Donnie Yen Career Defining Roles,261
204,Donnie Yen Career Defining Roles,16264
204,Donnie Yen Career Defining Roles,32520
204,Donnie Yen Career Defining Roles,17804
204,Donnie Yen Career Defining Roles,909
204,Donnie Yen Career Defining Roles,31372
204,Donnie Yen Career Defining Roles,35854
204,Donnie Yen Career Defining Roles,2064
204,Donnie Yen Career Defining Roles,2321
204,Donnie Yen Career Defining Roles,28176
204,Donnie Yen Career Defining Roles,40213
204,Donnie Yen Career Defining Roles,52758
204,Donnie Yen Career Defining Roles,10776
204,Donnie Yen Career Defining Roles,498713
204,Donnie Yen Career Defining Roles,41377
204,Donnie Yen Career Defining Roles,1830
204,Donnie Yen Career Defining Roles,8618
204,Donnie Yen Career Defining Roles,8874
204,Donnie Yen Career Defining Roles,29355
204,Donnie Yen Career Defining Roles,39854
204,Donnie Yen Career Defining Roles,1712
204,Donnie Yen Career Defining Roles,94135
204,Donnie Yen Career Defining Roles,10296
204,Donnie Yen Career Defining Roles,34106
204,Donnie Yen Career Defining Roles,43194
204,Donnie Yen Career Defining Roles,16958
204,Donnie Yen Career Defining Roles,1091
204,Donnie Yen Career Defining Roles,31941
204,Donnie Yen Career Defining Roles,202438
204,Donnie Yen Career Defining Roles,43847
204,Donnie Yen Career Defining Roles,50506
204,Donnie Yen Career Defining Roles,10443
204,Donnie Yen Career Defining Roles,22350
204,Donnie Yen Career Defining Roles,468
204,Donnie Yen Career Defining Roles,31835
204,Donnie Yen Career Defining Roles,43487
204,Donnie Yen Career Defining Roles,1632
204,Donnie Yen Career Defining Roles,107876
204,Donnie Yen Career Defining Roles,32489
204,Donnie Yen Career Defining Roles,2924
204,Donnie Yen Career Defining Roles,475132
204,Donnie Yen Career Defining Roles,258677
204,Donnie Yen Career Defining Roles,43387
204,Donnie Yen Career Defining Roles,10364
205,Boxing Films About Family Dysfunction,36226
205,Boxing Films About Family Dysfunction,261
205,Boxing Films About Family Dysfunction,6917
205,Boxing Films About Family Dysfunction,45317
205,Boxing Films About Family Dysfunction,560391
205,Boxing Films About Family Dysfunction,638597
205,Boxing Films About Family Dysfunction,338065
205,Boxing Films About Family Dysfunction,122134
205,Boxing Films About Family Dysfunction,4247
205,Boxing Films About Family Dysfunction,41240
205,Boxing Films About Family Dysfunction,46359
205,Boxing Films About Family Dysfunction,522518
205,Boxing Films About Family Dysfunction,15771
205,Boxing Films About Family Dysfunction,34459
205,Boxing Films About Family Dysfunction,429467
205,Boxing Films About Family Dysfunction,86814
205,Boxing Films About Family Dysfunction,32033
205,Boxing Films About Family Dysfunction,21027
205,Boxing Films About Family Dysfunction,6309
205,Boxing Films About Family Dysfunction,29478
205,Boxing Films About Family Dysfunction,244268
205,Boxing Films About Family Dysfunction,2989
205,Boxing Films About Family Dysfunction,13998
205,Boxing Films About Family Dysfunction,114606
205,Boxing Films About Family Dysfunction,59440
205,Boxing Films About Family Dysfunction,355515
205,Boxing Films About Family Dysfunction,2241
205,Boxing Films About Family Dysfunction,6346
205,Boxing Films About Family Dysfunction,98635
205,Boxing Films About Family Dysfunction,660554
205,Boxing Films About Family Dysfunction,11855
205,Boxing Films About Family Dysfunction,10451
205,Boxing Films About Family Dysfunction,34899
205,Boxing Films About Family Dysfunction,73043
205,Boxing Films About Family Dysfunction,221014
205,Boxing Films About Family Dysfunction,592984
205,Boxing Films About Family Dysfunction,15325
205,Boxing Films About Family Dysfunction,39781
205,Boxing Films About Family Dysfunction,335337
205,Boxing Films About Family Dysfunction,215924
205,Boxing Films About Family Dysfunction,752884
205,Boxing Films About Family Dysfunction,77434
206,Movies About Making Movies,271736
206,Movies About Making Movies,340101
206,Movies About Making Movies,266
206,Movies About Making Movies,522
206,Movies About Making Movies,1675
206,Movies About Making Movies,48149
206,Movies About Making Movies,140823
206,Movies About Making Movies,270487
206,Movies About Making Movies,513434
206,Movies About Making Movies,474395
206,Movies About Making Movies,19614
206,Movies About Making Movies,29856
206,Movies About Making Movies,614560
206,Movies About Making Movies,14242
206,Movies About Making Movies,217763
206,Movies About Making Movies,170150
206,Movies About Making Movies,49319
206,Movies About Making Movies,66600
206,Movies About Making Movies,45225
206,Movies About Making Movies,70443
206,Movies About Making Movies,42156
206,Movies About Making Movies,104364
206,Movies About Making Movies,1061163
206,Movies About Making Movies,818
206,Movies About Making Movies,133557
206,Movies About Making Movies,371638
206,Movies About Making Movies,28219
206,Movies About Making Movies,19136
206,Movies About Making Movies,17473
206,Movies About Making Movies,359749
206,Movies About Making Movies,779207
206,Movies About Making Movies,43976
206,Movies About Making Movies,52936
206,Movies About Making Movies,13258
206,Movies About Making Movies,52679
206,Movies About Making Movies,97607
206,Movies About Making Movies,103758
206,Movies About Making Movies,134350
206,Movies About Making Movies,112336
206,Movies About Making Movies,331601
206,Movies About Making Movies,712143
206,Movies About Making Movies,158936
206,Movies About Making Movies,11353
206,Movies About Making Movies,10970
206,Movies About Making Movies,68734
206,Movies About Making Movies,190940
206,Movies About Making Movies,423778
206,Movies About Making Movies,6116
206,Movies About Making Movies,26347
206,Movies About Making Movies,52717
206,Movies About Making Movies,9071
206,Movies About Making Movies,8435
206,Movies About Making Movies,14195
206,Movies About Making Movies,28789
206,Movies About Making Movies,528888
206,Movies About Making Movies,75900
206,Movies About Making Movies,58878
206,Movies About Making Movies,804095
207,Cultural Imperialism In Cinema,377729
207,Cultural Imperialism In Cinema,266
207,Cultural Imperialism In Cinema,25355
207,Cultural Imperialism In Cinema,169357
207,Cultural Imperialism In Cinema,78480
207,Cultural Imperialism In Cinema,9595
207,Cultural Imperialism In Cinema,21786
207,Cultural Imperialism In Cinema,37786
207,Cultural Imperialism In Cinema,77341
207,Cultural Imperialism In Cinema,148511
207,Cultural Imperialism In Cinema,25890
207,Cultural Imperialism In Cinema,42018
207,Cultural Imperialism In Cinema,8996
207,Cultural Imperialism In Cinema,52900
207,Cultural Imperialism In Cinema,58019
207,Cultural Imperialism In Cinema,132263
207,Cultural Imperialism In Cinema,666277
207,Cultural Imperialism In Cinema,11305
207,Cultural Imperialism In Cinema,250538
207,Cultural Imperialism In Cinema,1579
207,Cultural Imperialism In Cinema,1842
207,Cultural Imperialism In Cinema,1845
207,Cultural Imperialism In Cinema,398649
207,Cultural Imperialism In Cinema,58169
207,Cultural Imperialism In Cinema,99770
207,Cultural Imperialism In Cinema,239417
207,Cultural Imperialism In Cinema,468284
207,Cultural Imperialism In Cinema,19267
207,Cultural Imperialism In Cinema,33221
207,Cultural Imperialism In Cinema,6471
207,Cultural Imperialism In Cinema,774343
207,Cultural Imperialism In Cinema,16972
207,Cultural Imperialism In Cinema,454349
207,Cultural Imperialism In Cinema,32590
207,Cultural Imperialism In Cinema,11855
207,Cultural Imperialism In Cinema,257105
207,Cultural Imperialism In Cinema,594
207,Cultural Imperialism In Cinema,978
207,Cultural Imperialism In Cinema,501590
207,Cultural Imperialism In Cinema,70489
207,Cultural Imperialism In Cinema,49370
207,Cultural Imperialism In Cinema,2139
207,Cultural Imperialism In Cinema,57082
207,Cultural Imperialism In Cinema,45408
207,Cultural Imperialism In Cinema,13411
207,Cultural Imperialism In Cinema,9700
207,Cultural Imperialism In Cinema,46435
207,Cultural Imperialism In Cinema,19174
207,Cultural Imperialism In Cinema,117479
207,Cultural Imperialism In Cinema,3049
207,Cultural Imperialism In Cinema,27372
207,Cultural Imperialism In Cinema,42223
207,Cultural Imperialism In Cinema,3060
207,Cultural Imperialism In Cinema,76406
207,Cultural Imperialism In Cinema,262391
207,Cultural Imperialism In Cinema,46458
207,Cultural Imperialism In Cinema,8699
207,Cultural Imperialism In Cinema,38911
208,Proto-Noir Films Before Film Noir,21635
208,Proto-Noir Films Before Film Noir,32008
208,Proto-Noir Films Before Film Noir,28297
208,Proto-Noir Films Before Film Noir,53769
208,Proto-Noir Films Before Film Noir,267
208,Proto-Noir Films Before Film Noir,11660
208,Proto-Noir Films Before Film Noir,108426
208,Proto-Noir Films Before Film Noir,910
208,Proto-Noir Films Before Film Noir,22160
208,Proto-Noir Films Before Film Noir,11027
208,Proto-Noir Films Before Film Noir,160660
208,Proto-Noir Films Before Film Noir,33813
208,Proto-Noir Films Before Film Noir,27036
208,Proto-Noir Films Before Film Noir,25501
208,Proto-Noir Films Before Film Noir,29470
208,Proto-Noir Films Before Film Noir,9504
208,Proto-Noir Films Before Film Noir,17057
208,Proto-Noir Films Before Film Noir,15912
208,Proto-Noir Films Before Film Noir,10155
208,Proto-Noir Films Before Film Noir,26283
208,Proto-Noir Films Before Film Noir,31152
208,Proto-Noir Films Before Film Noir,1841
208,Proto-Noir Films Before Film Noir,20025
208,Proto-Noir Films Before Film Noir,16703
208,Proto-Noir Films Before Film Noir,31167
208,Proto-Noir Films Before Film Noir,1092
208,Proto-Noir Films Before Film Noir,42565
208,Proto-Noir Films Before Film Noir,22342
208,Proto-Noir Films Before Film Noir,37956
208,Proto-Noir Films Before Film Noir,22985
208,Proto-Noir Films Before Film Noir,37066
208,Proto-Noir Films Before Film Noir,976
208,Proto-Noir Films Before Film Noir,47056
208,Proto-Noir Films Before Film Noir,146640
208,Proto-Noir Films Before Film Noir,471507
208,Proto-Noir Films Before Film Noir,58452
208,Proto-Noir Films Before Film Noir,36949
208,Proto-Noir Films Before Film Noir,1017172
208,Proto-Noir Films Before Film Noir,16090
208,Proto-Noir Films Before Film Noir,26337
208,Proto-Noir Films Before Film Noir,16227
208,Proto-Noir Films Before Film Noir,30949
208,Proto-Noir Films Before Film Noir,24936
208,Proto-Noir Films Before Film Noir,17131
208,Proto-Noir Films Before Film Noir,3309
208,Proto-Noir Films Before Film Noir,18030
208,Proto-Noir Films Before Film Noir,36335
208,Proto-Noir Films Before Film Noir,45679
208,Proto-Noir Films Before Film Noir,86769
208,Proto-Noir Films Before Film Noir,112111
208,Proto-Noir Films Before Film Noir,26614
208,Proto-Noir Films Before Film Noir,28663
208,Proto-Noir Films Before Film Noir,26744
208,Proto-Noir Films Before Film Noir,61430
209,Historical Trauma in Modern Settings,384641
209,Historical Trauma in Modern Settings,209411
209,Historical Trauma in Modern Settings,332806
209,Historical Trauma in Modern Settings,14087
209,Historical Trauma in Modern Settings,19592
209,Historical Trauma in Modern Settings,267
209,Historical Trauma in Modern Settings,38027
209,Historical Trauma in Modern Settings,517772
209,Historical Trauma in Modern Settings,192016
209,Historical Trauma in Modern Settings,28177
209,Historical Trauma in Modern Settings,375569
209,Historical Trauma in Modern Settings,659
209,Historical Trauma in Modern Settings,22302
209,Historical Trauma in Modern Settings,803
209,Historical Trauma in Modern Settings,41508
209,Historical Trauma in Modern Settings,423
209,Historical Trauma in Modern Settings,258475
209,Historical Trauma in Modern Settings,76203
209,Historical Trauma in Modern Settings,280492
209,Historical Trauma in Modern Settings,86194
209,Historical Trauma in Modern Settings,33588
209,Historical Trauma in Modern Settings,8885
209,Historical Trauma in Modern Settings,694
209,Historical Trauma in Modern Settings,341559
209,Historical Trauma in Modern Settings,374452
209,Historical Trauma in Modern Settings,2361
209,Historical Trauma in Modern Settings,167354
209,Historical Trauma in Modern Settings,203833
209,Historical Trauma in Modern Settings,445
209,Historical Trauma in Modern Settings,49982
209,Historical Trauma in Modern Settings,58435
209,Historical Trauma in Modern Settings,75208
209,Historical Trauma in Modern Settings,408265
209,Historical Trauma in Modern Settings,50123
209,Historical Trauma in Modern Settings,31439
209,Historical Trauma in Modern Settings,499537
209,Historical Trauma in Modern Settings,338
209,Historical Trauma in Modern Settings,44247
209,Historical Trauma in Modern Settings,626392
209,Historical Trauma in Modern Settings,22618
209,Historical Trauma in Modern Settings,627290
209,Historical Trauma in Modern Settings,186975
209,Historical Trauma in Modern Settings,578399
209,Historical Trauma in Modern Settings,71396
209,Historical Trauma in Modern Settings,183654
209,Historical Trauma in Modern Settings,50548
209,Historical Trauma in Modern Settings,24821
209,Historical Trauma in Modern Settings,163957
209,Historical Trauma in Modern Settings,262009
209,Historical Trauma in Modern Settings,249724
209,Historical Trauma in Modern Settings,763390
209,Historical Trauma in Modern Settings,182655
210,Superhero Films Transcending Genre Conventions,8960
210,Superhero Films Transcending Genre Conventions,15239
210,Superhero Films Transcending Genre Conventions,1930
210,Superhero Films Transcending Genre Conventions,383498
210,Superhero Films Transcending Genre Conventions,268
210,Superhero Films Transcending Genre Conventions,9741
210,Superhero Films Transcending Genre Conventions,299534
210,Superhero Films Transcending Genre Conventions,299536
210,Superhero Films Transcending Genre Conventions,123025
210,Superhero Films Transcending Genre Conventions,453395
210,Superhero Films Transcending Genre Conventions,634649
210,Superhero Films Transcending Genre Conventions,293660
210,Superhero Films Transcending Genre Conventions,533535
210,Superhero Films Transcending Genre Conventions,13856
210,Superhero Films Transcending Genre Conventions,14113
210,Superhero Films Transcending Genre Conventions,38055
210,Superhero Films Transcending Genre Conventions,505642
210,Superhero Films Transcending Genre Conventions,1452
210,Superhero Films Transcending Genre Conventions,557
210,Superhero Films Transcending Genre Conventions,558
210,Superhero Films Transcending Genre Conventions,526896
210,Superhero Films Transcending Genre Conventions,36658
210,Superhero Films Transcending Genre Conventions,49076
210,Superhero Films Transcending Genre Conventions,23483
210,Superhero Films Transcending Genre Conventions,1724
210,Superhero Films Transcending Genre Conventions,1726
210,Superhero Films Transcending Genre Conventions,11459
210,Superhero Films Transcending Genre Conventions,1290563
210,Superhero Films Transcending Genre Conventions,958277
210,Superhero Films Transcending Genre Conventions,287947
210,Superhero Films Transcending Genre Conventions,263115
210,Superhero Films Transcending Genre Conventions,34769
210,Superhero Films Transcending Genre Conventions,8536
210,Superhero Films Transcending Genre Conventions,844251
210,Superhero Films Transcending Genre Conventions,10336
210,Superhero Films Transcending Genre Conventions,279144
210,Superhero Films Transcending Genre Conventions,36586
210,Superhero Films Transcending Genre Conventions,531309
210,Superhero Films Transcending Genre Conventions,324849
210,Superhero Films Transcending Genre Conventions,11379
210,Superhero Films Transcending Genre Conventions,64883
210,Superhero Films Transcending Genre Conventions,324857
210,Superhero Films Transcending Genre Conventions,615678
211,Prohibition Era Crime Drama Pioneers,27777
211,Prohibition Era Crime Drama Pioneers,126341
211,Prohibition Era Crime Drama Pioneers,19337
211,Prohibition Era Crime Drama Pioneers,258569
211,Prohibition Era Crime Drama Pioneers,272
211,Prohibition Era Crime Drama Pioneers,11028
211,Prohibition Era Crime Drama Pioneers,1429
211,Prohibition Era Crime Drama Pioneers,10142
211,Prohibition Era Crime Drama Pioneers,109091
211,Prohibition Era Crime Drama Pioneers,58409
211,Prohibition Era Crime Drama Pioneers,663209
211,Prohibition Era Crime Drama Pioneers,9005
211,Prohibition Era Crime Drama Pioneers,9517
211,Prohibition Era Crime Drama Pioneers,63406
211,Prohibition Era Crime Drama Pioneers,7347
211,Prohibition Era Crime Drama Pioneers,9395
211,Prohibition Era Crime Drama Pioneers,423732
211,Prohibition Era Crime Drama Pioneers,42553
211,Prohibition Era Crime Drama Pioneers,220094
211,Prohibition Era Crime Drama Pioneers,13633
211,Prohibition Era Crime Drama Pioneers,20675
211,Prohibition Era Crime Drama Pioneers,28484
211,Prohibition Era Crime Drama Pioneers,1047747
211,Prohibition Era Crime Drama Pioneers,91464
211,Prohibition Era Crime Drama Pioneers,27978
211,Prohibition Era Crime Drama Pioneers,413133
211,Prohibition Era Crime Drama Pioneers,8270
211,Prohibition Era Crime Drama Pioneers,16976
211,Prohibition Era Crime Drama Pioneers,14931
211,Prohibition Era Crime Drama Pioneers,1017172
211,Prohibition Era Crime Drama Pioneers,25941
211,Prohibition Era Crime Drama Pioneers,68822
211,Prohibition Era Crime Drama Pioneers,97367
211,Prohibition Era Crime Drama Pioneers,165213
211,Prohibition Era Crime Drama Pioneers,1061346
211,Prohibition Era Crime Drama Pioneers,8292
211,Prohibition Era Crime Drama Pioneers,9573
211,Prohibition Era Crime Drama Pioneers,256744
211,Prohibition Era Crime Drama Pioneers,10859
211,Prohibition Era Crime Drama Pioneers,255343
211,Prohibition Era Crime Drama Pioneers,173689
212,Unlikely Pairs Fighting Corruption,54273
212,Unlikely Pairs Fighting Corruption,18818
212,Unlikely Pairs Fighting Corruption,332422
212,Unlikely Pairs Fighting Corruption,22023
212,Unlikely Pairs Fighting Corruption,43785
212,Unlikely Pairs Fighting Corruption,9482
212,Unlikely Pairs Fighting Corruption,394253
212,Unlikely Pairs Fighting Corruption,654
212,Unlikely Pairs Fighting Corruption,509967
212,Unlikely Pairs Fighting Corruption,272
212,Unlikely Pairs Fighting Corruption,18450
212,Unlikely Pairs Fighting Corruption,161043
212,Unlikely Pairs Fighting Corruption,25876
212,Unlikely Pairs Fighting Corruption,446354
212,Unlikely Pairs Fighting Corruption,393624
212,Unlikely Pairs Fighting Corruption,9882
212,Unlikely Pairs Fighting Corruption,42267
212,Unlikely Pairs Fighting Corruption,12444
212,Unlikely Pairs Fighting Corruption,22048
212,Unlikely Pairs Fighting Corruption,99886
212,Unlikely Pairs Fighting Corruption,442293
212,Unlikely Pairs Fighting Corruption,195382
212,Unlikely Pairs Fighting Corruption,28983
212,Unlikely Pairs Fighting Corruption,80441
212,Unlikely Pairs Fighting Corruption,37690
212,Unlikely Pairs Fighting Corruption,47931
212,Unlikely Pairs Fighting Corruption,121594
212,Unlikely Pairs Fighting Corruption,26815
212,Unlikely Pairs Fighting Corruption,32077
212,Unlikely Pairs Fighting Corruption,38610
212,Unlikely Pairs Fighting Corruption,53847
212,Unlikely Pairs Fighting Corruption,9944
212,Unlikely Pairs Fighting Corruption,56535
212,Unlikely Pairs Fighting Corruption,3291
212,Unlikely Pairs Fighting Corruption,38363
212,Unlikely Pairs Fighting Corruption,11358
212,Unlikely Pairs Fighting Corruption,65760
212,Unlikely Pairs Fighting Corruption,206563
212,Unlikely Pairs Fighting Corruption,19174
212,Unlikely Pairs Fighting Corruption,7913
212,Unlikely Pairs Fighting Corruption,72432
212,Unlikely Pairs Fighting Corruption,50548
212,Unlikely Pairs Fighting Corruption,44534
212,Unlikely Pairs Fighting Corruption,122751
212,Unlikely Pairs Fighting Corruption,156022
212,Unlikely Pairs Fighting Corruption,21882
212,Unlikely Pairs Fighting Corruption,5503
213,Pre Atomic Age Monster Movies,136837
213,Pre Atomic Age Monster Movies,29959
213,Pre Atomic Age Monster Movies,37901
213,Pre Atomic Age Monster Movies,1680
213,Pre Atomic Age Monster Movies,12561
213,Pre Atomic Age Monster Movies,21266
213,Pre Atomic Age Monster Movies,28820
213,Pre Atomic Age Monster Movies,277
213,Pre Atomic Age Monster Movies,11158
213,Pre Atomic Age Monster Movies,26517
213,Pre Atomic Age Monster Movies,10785
213,Pre Atomic Age Monster Movies,29474
213,Pre Atomic Age Monster Movies,11940
213,Pre Atomic Age Monster Movies,13220
213,Pre Atomic Age Monster Movies,25508
213,Pre Atomic Age Monster Movies,83880
213,Pre Atomic Age Monster Movies,814
213,Pre Atomic Age Monster Movies,507441
213,Pre Atomic Age Monster Movies,16061
213,Pre Atomic Age Monster Movies,53949
213,Pre Atomic Age Monster Movies,13121
213,Pre Atomic Age Monster Movies,18498
213,Pre Atomic Age Monster Movies,579
213,Pre Atomic Age Monster Movies,903496
213,Pre Atomic Age Monster Movies,42185
213,Pre Atomic Age Monster Movies,330
213,Pre Atomic Age Monster Movies,56140
213,Pre Atomic Age Monster Movies,28752
213,Pre Atomic Age Monster Movies,45009
213,Pre Atomic Age Monster Movies,25172
213,Pre Atomic Age Monster Movies,4961
213,Pre Atomic Age Monster Movies,49763
213,Pre Atomic Age Monster Movies,29412
213,Pre Atomic Age Monster Movies,43109
213,Pre Atomic Age Monster Movies,135397
213,Pre Atomic Age Monster Movies,1255
213,Pre Atomic Age Monster Movies,745189
213,Pre Atomic Age Monster Movies,55663
213,Pre Atomic Age Monster Movies,42230
213,Pre Atomic Age Monster Movies,35710
214,Muted Palette Historical Dramas,550278
214,Muted Palette Historical Dramas,19851
214,Muted Palette Historical Dramas,18700
214,Muted Palette Historical Dramas,613004
214,Muted Palette Historical Dramas,99579
214,Muted Palette Historical Dramas,72976
214,Muted Palette Historical Dramas,664469
214,Muted Palette Historical Dramas,279
214,Muted Palette Historical Dramas,402199
214,Muted Palette Historical Dramas,468888
214,Muted Palette Historical Dramas,8349
214,Muted Palette Historical Dramas,10910
214,Muted Palette Historical Dramas,567965
214,Muted Palette Historical Dramas,4133
214,Muted Palette Historical Dramas,10235
214,Muted Palette Historical Dramas,17831
214,Muted Palette Historical Dramas,24248
214,Muted Palette Historical Dramas,2361
214,Muted Palette Historical Dramas,11706
214,Muted Palette Historical Dramas,22969
214,Muted Palette Historical Dramas,6972
214,Muted Palette Historical Dramas,140222
214,Muted Palette Historical Dramas,30527
214,Muted Palette Historical Dramas,79553
214,Muted Palette Historical Dramas,540359
214,Muted Palette Historical Dramas,10954
214,Muted Palette Historical Dramas,4556
214,Muted Palette Historical Dramas,2253
214,Muted Palette Historical Dramas,28365
214,Muted Palette Historical Dramas,11515
214,Muted Palette Historical Dramas,10448
214,Muted Palette Historical Dramas,114771
214,Muted Palette Historical Dramas,50777
214,Muted Palette Historical Dramas,340442
214,Muted Palette Historical Dramas,37468
214,Muted Palette Historical Dramas,291549
214,Muted Palette Historical Dramas,403300
214,Muted Palette Historical Dramas,654052
214,Muted Palette Historical Dramas,664423
214,Muted Palette Historical Dramas,55787
214,Muted Palette Historical Dramas,10733
214,Muted Palette Historical Dramas,78318
214,Muted Palette Historical Dramas,85741
214,Muted Palette Historical Dramas,204397
214,Muted Palette Historical Dramas,32881
214,Muted Palette Historical Dramas,314095
214,Muted Palette Historical Dramas,46067
214,Muted Palette Historical Dramas,44534
214,Muted Palette Historical Dramas,354937
214,Muted Palette Historical Dramas,11259
214,Muted Palette Historical Dramas,566397
214,Muted Palette Historical Dramas,121598
215,Femme Fatale Character Evolution,11909
215,Femme Fatale Character Evolution,34053
215,Femme Fatale Character Evolution,13320
215,Femme Fatale Character Evolution,119575
215,Femme Fatale Character Evolution,280
215,Femme Fatale Character Evolution,43801
215,Femme Fatale Character Evolution,139799
215,Femme Fatale Character Evolution,11423
215,Femme Fatale Character Evolution,293670
215,Femme Fatale Character Evolution,39210
215,Femme Fatale Character Evolution,43307
215,Femme Fatale Character Evolution,31404
215,Femme Fatale Character Evolution,62255
215,Femme Fatale Character Evolution,11835
215,Femme Fatale Character Evolution,361787
215,Femme Fatale Character Evolution,26815
215,Femme Fatale Character Evolution,703
215,Femme Fatale Character Evolution,27972
215,Femme Fatale Character Evolution,27974
215,Femme Fatale Character Evolution,9800
215,Femme Fatale Character Evolution,18760
215,Femme Fatale Character Evolution,346698
215,Femme Fatale Character Evolution,844
215,Femme Fatale Character Evolution,177358
215,Femme Fatale Character Evolution,32847
215,Femme Fatale Character Evolution,9040
215,Femme Fatale Character Evolution,293970
215,Femme Fatale Character Evolution,1370
215,Femme Fatale Character Evolution,28257
215,Femme Fatale Character Evolution,11235
215,Femme Fatale Character Evolution,9326
215,Femme Fatale Character Evolution,9839
215,Femme Fatale Character Evolution,31217
215,Femme Fatale Character Evolution,10997
215,Femme Fatale Character Evolution,47352
215,Femme Fatale Character Evolution,39934
216,Post Dirty Harry Police Films,85889
216,Post Dirty Harry Police Films,749318
216,Post Dirty Harry Police Films,42636
216,Post Dirty Harry Police Films,578189
216,Post Dirty Harry Police Films,10126
216,Post Dirty Harry Police Films,11022
216,Post Dirty Harry Police Films,114072
216,Post Dirty Harry Police Films,281
216,Post Dirty Harry Police Films,407448
216,Post Dirty Harry Police Films,2207
216,Post Dirty Harry Police Films,486947
216,Post Dirty Harry Police Films,180900
216,Post Dirty Harry Police Films,29477
216,Post Dirty Harry Police Films,29735
216,Post Dirty Harry Police Films,2088
216,Post Dirty Harry Police Films,24873
216,Post Dirty Harry Police Films,724910
216,Post Dirty Harry Police Films,32047
216,Post Dirty Harry Police Films,31152
216,Post Dirty Harry Police Films,32303
216,Post Dirty Harry Police Films,194735
216,Post Dirty Harry Police Films,276527
216,Post Dirty Harry Police Films,196278
216,Post Dirty Harry Police Films,26170
216,Post Dirty Harry Police Films,450875
216,Post Dirty Harry Police Films,26689
216,Post Dirty Harry Police Films,4931
216,Post Dirty Harry Police Films,119364
216,Post Dirty Harry Police Films,6341
216,Post Dirty Harry Police Films,114116
216,Post Dirty Harry Police Films,112328
216,Post Dirty Harry Police Films,17099
216,Post Dirty Harry Police Films,11468
216,Post Dirty Harry Police Films,489934
216,Post Dirty Harry Police Films,29268
216,Post Dirty Harry Police Films,25941
216,Post Dirty Harry Police Films,17494
216,Post Dirty Harry Police Films,30036
216,Post Dirty Harry Police Films,984
216,Post Dirty Harry Police Films,46428
216,Post Dirty Harry Police Films,163677
216,Post Dirty Harry Police Films,72031
216,Post Dirty Harry Police Films,1632
216,Post Dirty Harry Police Films,3427
216,Post Dirty Harry Police Films,92389
216,Post Dirty Harry Police Films,37608
216,Post Dirty Harry Police Films,12143
216,Post Dirty Harry Police Films,50799
216,Post Dirty Harry Police Films,84209
216,Post Dirty Harry Police Films,71157
216,Post Dirty Harry Police Films,310133
216,Post Dirty Harry Police Films,57082
216,Post Dirty Harry Police Films,122751
217,The Rock In Sci-Fi Movies,23045
217,The Rock In Sci-Fi Movies,396806
217,The Rock In Sci-Fi Movies,23943
217,The Rock In Sci-Fi Movies,27786
217,The Rock In Sci-Fi Movies,50321
217,The Rock In Sci-Fi Movies,101652
217,The Rock In Sci-Fi Movies,20630
217,The Rock In Sci-Fi Movies,31254
217,The Rock In Sci-Fi Movies,206487
217,The Rock In Sci-Fi Movies,281
217,The Rock In Sci-Fi Movies,19483
217,The Rock In Sci-Fi Movies,9381
217,The Rock In Sci-Fi Movies,174772
217,The Rock In Sci-Fi Movies,605116
217,The Rock In Sci-Fi Movies,1400765
217,The Rock In Sci-Fi Movies,20031
217,The Rock In Sci-Fi Movies,28735
217,The Rock In Sci-Fi Movies,45887
217,The Rock In Sci-Fi Movies,1090
217,The Rock In Sci-Fi Movies,2114
217,The Rock In Sci-Fi Movies,2756
217,The Rock In Sci-Fi Movies,27205
217,The Rock In Sci-Fi Movies,66628
217,The Rock In Sci-Fi Movies,43391
217,The Rock In Sci-Fi Movies,520901
217,The Rock In Sci-Fi Movies,571844
217,The Rock In Sci-Fi Movies,846
217,The Rock In Sci-Fi Movies,2687
217,The Rock In Sci-Fi Movies,27727
217,The Rock In Sci-Fi Movies,25557
217,The Rock In Sci-Fi Movies,39254
217,The Rock In Sci-Fi Movies,330459
217,The Rock In Sci-Fi Movies,197599
217,The Rock In Sci-Fi Movies,229346
217,The Rock In Sci-Fi Movies,107747
217,The Rock In Sci-Fi Movies,10216
217,The Rock In Sci-Fi Movies,158571
217,The Rock In Sci-Fi Movies,2157
217,The Rock In Sci-Fi Movies,8814
217,The Rock In Sci-Fi Movies,10606
217,The Rock In Sci-Fi Movies,222323
217,The Rock In Sci-Fi Movies,3065
217,The Rock In Sci-Fi Movies,24959
218,Weather As Character Movies,32128
218,Weather As Character Movies,34689
218,Weather As Character Movies,773
218,Weather As Character Movies,36234
218,Weather As Character Movies,9612
218,Weather As Character Movies,23949
218,Weather As Character Movies,9870
218,Weather As Character Movies,1555
218,Weather As Character Movies,36244
218,Weather As Character Movies,31129
218,Weather As Character Movies,463257
218,Weather As Character Movies,284
218,Weather As Character Movies,1824
218,Weather As Character Movies,30112
218,Weather As Character Movies,1483042
218,Weather As Character Movies,15144
218,Weather As Character Movies,575659
218,Weather As Character Movies,430
218,Weather As Character Movies,40623
218,Weather As Character Movies,52143
218,Weather As Character Movies,37169
218,Weather As Character Movies,77617
218,Weather As Character Movies,84275
218,Weather As Character Movies,308
218,Weather As Character Movies,130739
218,Weather As Character Movies,10934
218,Weather As Character Movies,605116
218,Weather As Character Movies,45247
218,Weather As Character Movies,9536
218,Weather As Character Movies,962
218,Weather As Character Movies,94915
218,Weather As Character Movies,305355
218,Weather As Character Movies,463053
218,Weather As Character Movies,91727
218,Weather As Character Movies,82390
218,Weather As Character Movies,8408
218,Weather As Character Movies,27995
218,Weather As Character Movies,43355
218,Weather As Character Movies,9438
218,Weather As Character Movies,13920
218,Weather As Character Movies,1633
218,Weather As Character Movies,1641
218,Weather As Character Movies,37481
218,Weather As Character Movies,15723
218,Weather As Character Movies,2924
218,Weather As Character Movies,29933
218,Weather As Character Movies,12657
218,Weather As Character Movies,414453
218,Weather As Character Movies,274167
218,Weather As Character Movies,132344
218,Weather As Character Movies,2297
218,Weather As Character Movies,9981
219,Books As Weapons Of Resistance,273281
219,Books As Weapons Of Resistance,50183
219,Books As Weapons Of Resistance,16912
219,Books As Weapons Of Resistance,789
219,Books As Weapons Of Resistance,2200
219,Books As Weapons Of Resistance,250779
219,Books As Weapons Of Resistance,653851
219,Books As Weapons Of Resistance,285
219,Books As Weapons Of Resistance,10911
219,Books As Weapons Of Resistance,2594
219,Books As Weapons Of Resistance,31010
219,Books As Weapons Of Resistance,109221
219,Books As Weapons Of Resistance,589612
219,Books As Weapons Of Resistance,174000
219,Books As Weapons Of Resistance,1714
219,Books As Weapons Of Resistance,1716
219,Books As Weapons Of Resistance,435129
219,Books As Weapons Of Resistance,271674
219,Books As Weapons Of Resistance,122683
219,Books As Weapons Of Resistance,110398
219,Books As Weapons Of Resistance,653762
219,Books As Weapons Of Resistance,8266
219,Books As Weapons Of Resistance,552400
219,Books As Weapons Of Resistance,9045
219,Books As Weapons Of Resistance,160219
219,Books As Weapons Of Resistance,88803
219,Books As Weapons Of Resistance,413548
219,Books As Weapons Of Resistance,430958
219,Books As Weapons Of Resistance,35185
219,Books As Weapons Of Resistance,2290
219,Books As Weapons Of Resistance,9075
219,Books As Weapons Of Resistance,100084
219,Books As Weapons Of Resistance,169714
219,Books As Weapons Of Resistance,58358
219,Books As Weapons Of Resistance,206197
219,Books As Weapons Of Resistance,497916
220,Sports Movies About Personal Growth,170752
220,Sports Movies About Personal Growth,823425
220,Sports Movies About Personal Growth,9476
220,Sports Movies About Personal Growth,9991
220,Sports Movies About Personal Growth,14736
220,Sports Movies About Personal Growth,480530
220,Sports Movies About Personal Growth,23449
220,Sports Movies About Personal Growth,36251
220,Sports Movies About Personal Growth,13341
220,Sports Movies About Personal Growth,287
220,Sports Movies About Personal Growth,20639
220,Sports Movies About Personal Growth,34341
220,Sports Movies About Personal Growth,41253
220,Sports Movies About Personal Growth,39463
220,Sports Movies About Personal Growth,42789
220,Sports Movies About Personal Growth,7214
220,Sports Movies About Personal Growth,106294
220,Sports Movies About Personal Growth,13374
220,Sports Movies About Personal Growth,7233
220,Sports Movies About Personal Growth,31554
220,Sports Movies About Personal Growth,36807
220,Sports Movies About Personal Growth,942922
220,Sports Movies About Personal Growth,13260
220,Sports Movies About Personal Growth,14544
220,Sports Movies About Personal Growth,28881
220,Sports Movies About Personal Growth,14291
220,Sports Movies About Personal Growth,1366
220,Sports Movies About Personal Growth,9563
220,Sports Movies About Personal Growth,990
220,Sports Movies About Personal Growth,9443
220,Sports Movies About Personal Growth,9574
220,Sports Movies About Personal Growth,13416
220,Sports Movies About Personal Growth,19819
220,Sports Movies About Personal Growth,23916
220,Sports Movies About Personal Growth,15213
220,Sports Movies About Personal Growth,9718
220,Sports Movies About Personal Growth,2300
221,Poverty Driven Crime Narratives,2433
221,Poverty Driven Crime Narratives,42497
221,Poverty Driven Crime Narratives,245891
221,Poverty Driven Crime Narratives,13317
221,Poverty Driven Crime Narratives,21132
221,Poverty Driven Crime Narratives,121878
221,Poverty Driven Crime Narratives,830488
221,Poverty Driven Crime Narratives,288
221,Poverty Driven Crime Narratives,30368
221,Poverty Driven Crime Narratives,31522
221,Poverty Driven Crime Narratives,267040
221,Poverty Driven Crime Narratives,39205
221,Poverty Driven Crime Narratives,855974
221,Poverty Driven Crime Narratives,11049
221,Poverty Driven Crime Narratives,522924
221,Poverty Driven Crime Narratives,145197
221,Poverty Driven Crime Narratives,9400
221,Poverty Driven Crime Narratives,2501
221,Poverty Driven Crime Narratives,838
221,Poverty Driven Crime Narratives,19528
221,Poverty Driven Crime Narratives,324552
221,Poverty Driven Crime Narratives,13396
221,Poverty Driven Crime Narratives,316757
221,Poverty Driven Crime Narratives,9430
221,Poverty Driven Crime Narratives,14551
221,Poverty Driven Crime Narratives,18776
221,Poverty Driven Crime Narratives,146270
221,Poverty Driven Crime Narratives,41951
221,Poverty Driven Crime Narratives,28770
221,Poverty Driven Crime Narratives,43236
221,Poverty Driven Crime Narratives,403300
221,Poverty Driven Crime Narratives,11366
221,Poverty Driven Crime Narratives,42726
221,Poverty Driven Crime Narratives,88423
221,Poverty Driven Crime Narratives,265193
221,Poverty Driven Crime Narratives,43891
221,Poverty Driven Crime Narratives,456956
221,Poverty Driven Crime Narratives,1100287
222,Religious Conversion Under Social Pressure,288
222,Religious Conversion Under Social Pressure,13346
222,Religious Conversion Under Social Pressure,10279
222,Religious Conversion Under Social Pressure,28200
222,Religious Conversion Under Social Pressure,37288
222,Religious Conversion Under Social Pressure,16939
222,Religious Conversion Under Social Pressure,138030
222,Religious Conversion Under Social Pressure,15919
222,Religious Conversion Under Social Pressure,123056
222,Religious Conversion Under Social Pressure,1713
222,Religious Conversion Under Social Pressure,324786
222,Religious Conversion Under Social Pressure,84922
222,Religious Conversion Under Social Pressure,20539
222,Religious Conversion Under Social Pressure,37181
222,Religious Conversion Under Social Pressure,58429
222,Religious Conversion Under Social Pressure,98493
222,Religious Conversion Under Social Pressure,153854
222,Religious Conversion Under Social Pressure,308032
222,Religious Conversion Under Social Pressure,508101
222,Religious Conversion Under Social Pressure,4556
222,Religious Conversion Under Social Pressure,2892
222,Religious Conversion Under Social Pressure,65229
222,Religious Conversion Under Social Pressure,244563
222,Religious Conversion Under Social Pressure,5332
222,Religious Conversion Under Social Pressure,51802
222,Religious Conversion Under Social Pressure,14811
222,Religious Conversion Under Social Pressure,582877
222,Religious Conversion Under Social Pressure,9443
222,Religious Conversion Under Social Pressure,183654
222,Religious Conversion Under Social Pressure,22504
222,Religious Conversion Under Social Pressure,35436
222,Religious Conversion Under Social Pressure,621
222,Religious Conversion Under Social Pressure,287854
222,Religious Conversion Under Social Pressure,54898
222,Religious Conversion Under Social Pressure,199155
222,Religious Conversion Under Social Pressure,100086
222,Religious Conversion Under Social Pressure,51838
223,Forbidden Romance During Wartime Films,64128
223,Forbidden Romance During Wartime Films,34945
223,Forbidden Romance During Wartime Films,109441
223,Forbidden Romance During Wartime Films,43779
223,Forbidden Romance During Wartime Films,340101
223,Forbidden Romance During Wartime Films,54028
223,Forbidden Romance During Wartime Films,41357
223,Forbidden Romance During Wartime Films,121357
223,Forbidden Romance During Wartime Films,133008
223,Forbidden Romance During Wartime Films,284689
223,Forbidden Romance During Wartime Films,160660
223,Forbidden Romance During Wartime Films,78229
223,Forbidden Romance During Wartime Films,94616
223,Forbidden Romance During Wartime Films,409
223,Forbidden Romance During Wartime Films,74012
223,Forbidden Romance During Wartime Films,100128
223,Forbidden Romance During Wartime Films,289
223,Forbidden Romance During Wartime Films,94881
223,Forbidden Romance During Wartime Films,295848
223,Forbidden Romance During Wartime Films,97578
223,Forbidden Romance During Wartime Films,100910
223,Forbidden Romance During Wartime Films,43824
223,Forbidden Romance During Wartime Films,97845
223,Forbidden Romance During Wartime Films,1722
223,Forbidden Romance During Wartime Films,43195
223,Forbidden Romance During Wartime Films,102081
223,Forbidden Romance During Wartime Films,79684
223,Forbidden Romance During Wartime Films,15813
223,Forbidden Romance During Wartime Films,17352
223,Forbidden Romance During Wartime Films,55368
223,Forbidden Romance During Wartime Films,27854
223,Forbidden Romance During Wartime Films,65489
223,Forbidden Romance During Wartime Films,45522
223,Forbidden Romance During Wartime Films,30295
223,Forbidden Romance During Wartime Films,38360
223,Forbidden Romance During Wartime Films,35545
223,Forbidden Romance During Wartime Films,42586
223,Forbidden Romance During Wartime Films,48127
223,Forbidden Romance During Wartime Films,52440
223,Forbidden Romance During Wartime Films,58076
223,Forbidden Romance During Wartime Films,43494
223,Forbidden Romance During Wartime Films,488
223,Forbidden Romance During Wartime Films,88558
223,Forbidden Romance During Wartime Films,14582
223,Forbidden Romance During Wartime Films,43515
223,Forbidden Romance During Wartime Films,183932
223,Forbidden Romance During Wartime Films,42879
224,Sports Stars in Wartime Films,700681
224,Sports Stars in Wartime Films,3087
224,Sports Stars in Wartime Films,40719
224,Sports Stars in Wartime Films,8340
224,Sports Stars in Wartime Films,28436
224,Sports Stars in Wartime Films,102165
224,Sports Stars in Wartime Films,43166
224,Sports Stars in Wartime Films,289
224,Sports Stars in Wartime Films,801
224,Sports Stars in Wartime Films,26531
224,Sports Stars in Wartime Films,11948
224,Sports Stars in Wartime Films,13485
224,Sports Stars in Wartime Films,164018
224,Sports Stars in Wartime Films,32054
224,Sports Stars in Wartime Films,21175
224,Sports Stars in Wartime Films,14906
224,Sports Stars in Wartime Films,1722
224,Sports Stars in Wartime Films,9660
224,Sports Stars in Wartime Films,28093
224,Sports Stars in Wartime Films,108222
224,Sports Stars in Wartime Films,49219
224,Sports Stars in Wartime Films,45000
224,Sports Stars in Wartime Films,15947
224,Sports Stars in Wartime Films,30295
224,Sports Stars in Wartime Films,38360
224,Sports Stars in Wartime Films,52440
224,Sports Stars in Wartime Films,18651
224,Sports Stars in Wartime Films,1628
224,Sports Stars in Wartime Films,50013
224,Sports Stars in Wartime Films,226013
224,Sports Stars in Wartime Films,22752
224,Sports Stars in Wartime Films,71524
224,Sports Stars in Wartime Films,27372
224,Sports Stars in Wartime Films,85741
224,Sports Stars in Wartime Films,43506
224,Sports Stars in Wartime Films,84085
224,Sports Stars in Wartime Films,41975
224,Sports Stars in Wartime Films,150778
224,Sports Stars in Wartime Films,100605
224,Sports Stars in Wartime Films,43519
225,Creepy Doll Horror Cinema,11654
225,Creepy Doll Horror Cinema,11655
225,Creepy Doll Horror Cinema,29067
225,Creepy Doll Horror Cinema,71821
225,Creepy Doll Horror Cinema,25998
225,Creepy Doll Horror Cinema,28435
225,Creepy Doll Horror Cinema,790
225,Creepy Doll Horror Cinema,516632
225,Creepy Doll Horror Cinema,539
225,Creepy Doll Horror Cinema,290
225,Creepy Doll Horror Cinema,19236
225,Creepy Doll Horror Cinema,27813
225,Creepy Doll Horror Cinema,102693
225,Creepy Doll Horror Cinema,819876
225,Creepy Doll Horror Cinema,62761
225,Creepy Doll Horror Cinema,104748
225,Creepy Doll Horror Cinema,109102
225,Creepy Doll Horror Cinema,39855
225,Creepy Doll Horror Cinema,14001
225,Creepy Doll Horror Cinema,591538
225,Creepy Doll Horror Cinema,62131
225,Creepy Doll Horror Cinema,49332
225,Creepy Doll Horror Cinema,2742
225,Creepy Doll Horror Cinema,30903
225,Creepy Doll Horror Cinema,33592
225,Creepy Doll Horror Cinema,33468
225,Creepy Doll Horror Cinema,343101
225,Creepy Doll Horror Cinema,65086
225,Creepy Doll Horror Cinema,30788
225,Creepy Doll Horror Cinema,359749
225,Creepy Doll Horror Cinema,1479
225,Creepy Doll Horror Cinema,43593
225,Creepy Doll Horror Cinema,936652
225,Creepy Doll Horror Cinema,3022
225,Creepy Doll Horror Cinema,63311
225,Creepy Doll Horror Cinema,258002
225,Creepy Doll Horror Cinema,27475
225,Creepy Doll Horror Cinema,40149
225,Creepy Doll Horror Cinema,84058
225,Creepy Doll Horror Cinema,108382
225,Creepy Doll Horror Cinema,50272
225,Creepy Doll Horror Cinema,44132
225,Creepy Doll Horror Cinema,87911
225,Creepy Doll Horror Cinema,124393
225,Creepy Doll Horror Cinema,477033
225,Creepy Doll Horror Cinema,48492
225,Creepy Doll Horror Cinema,228973
225,Creepy Doll Horror Cinema,26865
225,Creepy Doll Horror Cinema,29556
225,Creepy Doll Horror Cinema,1009013
225,Creepy Doll Horror Cinema,28667
225,Creepy Doll Horror Cinema,300668
225,Creepy Doll Horror Cinema,36095
226,Repurposed Enemy Footage in Documentary,333185
226,Repurposed Enemy Footage in Documentary,1282
226,Repurposed Enemy Footage in Documentary,47491
226,Repurposed Enemy Footage in Documentary,247426
226,Repurposed Enemy Footage in Documentary,26763
226,Repurposed Enemy Footage in Documentary,38668
226,Repurposed Enemy Footage in Documentary,1435
226,Repurposed Enemy Footage in Documentary,399390
226,Repurposed Enemy Footage in Documentary,803
226,Repurposed Enemy Footage in Documentary,291
226,Repurposed Enemy Footage in Documentary,493092
226,Repurposed Enemy Footage in Documentary,23336
226,Repurposed Enemy Footage in Documentary,276137
226,Repurposed Enemy Footage in Documentary,43435
226,Repurposed Enemy Footage in Documentary,1843
226,Repurposed Enemy Footage in Documentary,549559
226,Repurposed Enemy Footage in Documentary,132793
226,Repurposed Enemy Footage in Documentary,26298
226,Repurposed Enemy Footage in Documentary,84286
226,Repurposed Enemy Footage in Documentary,133441
226,Repurposed Enemy Footage in Documentary,20423
226,Repurposed Enemy Footage in Documentary,84170
226,Repurposed Enemy Footage in Documentary,346956
226,Repurposed Enemy Footage in Documentary,776527
226,Repurposed Enemy Footage in Documentary,11600
226,Repurposed Enemy Footage in Documentary,23388
226,Repurposed Enemy Footage in Documentary,472796
226,Repurposed Enemy Footage in Documentary,543580
226,Repurposed Enemy Footage in Documentary,5729
226,Repurposed Enemy Footage in Documentary,26851
226,Repurposed Enemy Footage in Documentary,524006
226,Repurposed Enemy Footage in Documentary,356329
226,Repurposed Enemy Footage in Documentary,55149
226,Repurposed Enemy Footage in Documentary,1777
226,Repurposed Enemy Footage in Documentary,79090
226,Repurposed Enemy Footage in Documentary,468213
226,Repurposed Enemy Footage in Documentary,474104
227,Black Pride Sports Documentaries,489987
227,Black Pride Sports Documentaries,16900
227,Black Pride Sports Documentaries,26888
227,Black Pride Sports Documentaries,145160
227,Black Pride Sports Documentaries,79628
227,Black Pride Sports Documentaries,88847
227,Black Pride Sports Documentaries,355600
227,Black Pride Sports Documentaries,29973
227,Black Pride Sports Documentaries,44053
227,Black Pride Sports Documentaries,173465
227,Black Pride Sports Documentaries,1135643
227,Black Pride Sports Documentaries,684700
227,Black Pride Sports Documentaries,811933
227,Black Pride Sports Documentaries,858016
227,Black Pride Sports Documentaries,159138
227,Black Pride Sports Documentaries,291
227,Black Pride Sports Documentaries,1443877
227,Black Pride Sports Documentaries,276137
227,Black Pride Sports Documentaries,34091
227,Black Pride Sports Documentaries,445999
227,Black Pride Sports Documentaries,511548
227,Black Pride Sports Documentaries,384573
227,Black Pride Sports Documentaries,159554
227,Black Pride Sports Documentaries,911430
227,Black Pride Sports Documentaries,78026
227,Black Pride Sports Documentaries,142545
227,Black Pride Sports Documentaries,1446484
227,Black Pride Sports Documentaries,5205
227,Black Pride Sports Documentaries,14294
227,Black Pride Sports Documentaries,128217
227,Black Pride Sports Documentaries,28378
227,Black Pride Sports Documentaries,42847
227,Black Pride Sports Documentaries,1240545
227,Black Pride Sports Documentaries,149347
227,Black Pride Sports Documentaries,116970
227,Black Pride Sports Documentaries,8940
227,Black Pride Sports Documentaries,110067
227,Black Pride Sports Documentaries,92280
227,Black Pride Sports Documentaries,131327
228,Pre-Fame Stories of Music Icons,63360
228,Pre-Fame Stories of Music Icons,300153
228,Pre-Fame Stories of Music Icons,63622
228,Pre-Fame Stories of Music Icons,550278
228,Pre-Fame Stories of Music Icons,28424
228,Pre-Fame Stories of Music Icons,39948
228,Pre-Fame Stories of Music Icons,38925
228,Pre-Fame Stories of Music Icons,110479
228,Pre-Fame Stories of Music Icons,487441
228,Pre-Fame Stories of Music Icons,1275922
228,Pre-Fame Stories of Music Icons,5652
228,Pre-Fame Stories of Music Icons,10132
228,Pre-Fame Stories of Music Icons,40725
228,Pre-Fame Stories of Music Icons,34843
228,Pre-Fame Stories of Music Icons,27804
228,Pre-Fame Stories of Music Icons,2210
228,Pre-Fame Stories of Music Icons,292
228,Pre-Fame Stories of Music Icons,67365
228,Pre-Fame Stories of Music Icons,69161
228,Pre-Fame Stories of Music Icons,25771
228,Pre-Fame Stories of Music Icons,46136
228,Pre-Fame Stories of Music Icons,43838
228,Pre-Fame Stories of Music Icons,10560
228,Pre-Fame Stories of Music Icons,16197
228,Pre-Fame Stories of Music Icons,28742
228,Pre-Fame Stories of Music Icons,10185
228,Pre-Fame Stories of Music Icons,11852
228,Pre-Fame Stories of Music Icons,164558
228,Pre-Fame Stories of Music Icons,12628
228,Pre-Fame Stories of Music Icons,428886
228,Pre-Fame Stories of Music Icons,210008
228,Pre-Fame Stories of Music Icons,45145
228,Pre-Fame Stories of Music Icons,20443
228,Pre-Fame Stories of Music Icons,74336
228,Pre-Fame Stories of Music Icons,103014
228,Pre-Fame Stories of Music Icons,33511
228,Pre-Fame Stories of Music Icons,9710
228,Pre-Fame Stories of Music Icons,4975
228,Pre-Fame Stories of Music Icons,84334
228,Pre-Fame Stories of Music Icons,12657
228,Pre-Fame Stories of Music Icons,20210
228,Pre-Fame Stories of Music Icons,1653
228,Pre-Fame Stories of Music Icons,54518
228,Pre-Fame Stories of Music Icons,103545
228,Pre-Fame Stories of Music Icons,115453
229,Intergenerational Friendships Across Cultural Divides,509
229,Intergenerational Friendships Across Cultural Divides,105347
229,Intergenerational Friendships Across Cultural Divides,11911
229,Intergenerational Friendships Across Cultural Divides,186379
229,Intergenerational Friendships Across Cultural Divides,52620
229,Intergenerational Friendships Across Cultural Divides,1165
229,Intergenerational Friendships Across Cultural Divides,250766
229,Intergenerational Friendships Across Cultural Divides,10511
229,Intergenerational Friendships Across Cultural Divides,712591
229,Intergenerational Friendships Across Cultural Divides,10386
229,Intergenerational Friendships Across Cultural Divides,1555
229,Intergenerational Friendships Across Cultural Divides,227348
229,Intergenerational Friendships Across Cultural Divides,3989
229,Intergenerational Friendships Across Cultural Divides,29461
229,Intergenerational Friendships Across Cultural Divides,1436
229,Intergenerational Friendships Across Cultural Divides,11165
229,Intergenerational Friendships Across Cultural Divides,856733
229,Intergenerational Friendships Across Cultural Divides,43423
229,Intergenerational Friendships Across Cultural Divides,568994
229,Intergenerational Friendships Across Cultural Divides,158755
229,Intergenerational Friendships Across Cultural Divides,292
229,Intergenerational Friendships Across Cultural Divides,7973
229,Intergenerational Friendships Across Cultural Divides,54436
229,Intergenerational Friendships Across Cultural Divides,514729
229,Intergenerational Friendships Across Cultural Divides,1712
229,Intergenerational Friendships Across Cultural Divides,37169
229,Intergenerational Friendships Across Cultural Divides,81843
229,Intergenerational Friendships Across Cultural Divides,627133
229,Intergenerational Friendships Across Cultural Divides,128204
229,Intergenerational Friendships Across Cultural Divides,277582
229,Intergenerational Friendships Across Cultural Divides,580175
229,Intergenerational Friendships Across Cultural Divides,77650
229,Intergenerational Friendships Across Cultural Divides,339
229,Intergenerational Friendships Across Cultural Divides,1023955
229,Intergenerational Friendships Across Cultural Divides,14937
229,Intergenerational Friendships Across Cultural Divides,36093
229,Intergenerational Friendships Across Cultural Divides,7549
229,Intergenerational Friendships Across Cultural Divides,10718
229,Intergenerational Friendships Across Cultural Divides,2014
229,Intergenerational Friendships Across Cultural Divides,45664
229,Intergenerational Friendships Across Cultural Divides,200548
229,Intergenerational Friendships Across Cultural Divides,228326
229,Intergenerational Friendships Across Cultural Divides,284135
229,Intergenerational Friendships Across Cultural Divides,356199
229,Intergenerational Friendships Across Cultural Divides,18290
229,Intergenerational Friendships Across Cultural Divides,627
229,Intergenerational Friendships Across Cultural Divides,108534
229,Intergenerational Friendships Across Cultural Divides,1271
229,Intergenerational Friendships Across Cultural Divides,4477
229,Intergenerational Friendships Across Cultural Divides,383
230,Films About Mime Artists,168321
230,Films About Mime Artists,2054
230,Films About Mime Artists,5001
230,Films About Mime Artists,907
230,Films About Mime Artists,624788
230,Films About Mime Artists,121623
230,Films About Mime Artists,29592
230,Films About Mime Artists,2457
230,Films About Mime Artists,537116
230,Films About Mime Artists,18080
230,Films About Mime Artists,614560
230,Films About Mime Artists,292
230,Films About Mime Artists,549
230,Films About Mime Artists,422
230,Films About Mime Artists,47272
230,Films About Mime Artists,108970
230,Films About Mime Artists,354859
230,Films About Mime Artists,90928
230,Films About Mime Artists,1716
230,Films About Mime Artists,7093
230,Films About Mime Artists,321974
230,Films About Mime Artists,1723
230,Films About Mime Artists,1853
230,Films About Mime Artists,9662
230,Films About Mime Artists,98498
230,Films About Mime Artists,10435
230,Films About Mime Artists,23111
230,Films About Mime Artists,115400
230,Films About Mime Artists,41806
230,Films About Mime Artists,167124
230,Films About Mime Artists,285783
230,Films About Mime Artists,566232
230,Films About Mime Artists,38879
230,Films About Mime Artists,441188
230,Films About Mime Artists,57829
230,Films About Mime Artists,171624
230,Films About Mime Artists,181864
230,Films About Mime Artists,1387
230,Films About Mime Artists,534259
230,Films About Mime Artists,895
231,Literary Adaptations About Youth,41089
231,Literary Adaptations About Youth,43138
231,Literary Adaptations About Youth,77960
231,Literary Adaptations About Youth,537996
231,Literary Adaptations About Youth,19597
231,Literary Adaptations About Youth,55310
231,Literary Adaptations About Youth,75152
231,Literary Adaptations About Youth,42513
231,Literary Adaptations About Youth,17170
231,Literary Adaptations About Youth,16283
231,Literary Adaptations About Youth,48287
231,Literary Adaptations About Youth,209699
231,Literary Adaptations About Youth,470691
231,Literary Adaptations About Youth,293
231,Literary Adaptations About Youth,9769
231,Literary Adaptations About Youth,116014
231,Literary Adaptations About Youth,309809
231,Literary Adaptations About Youth,66869
231,Literary Adaptations About Youth,937278
231,Literary Adaptations About Youth,4415
231,Literary Adaptations About Youth,730047
231,Literary Adaptations About Youth,706
231,Literary Adaptations About Youth,774343
231,Literary Adaptations About Youth,47698
231,Literary Adaptations About Youth,17364
231,Literary Adaptations About Youth,29269
231,Literary Adaptations About Youth,24918
231,Literary Adaptations About Youth,32985
231,Literary Adaptations About Youth,34653
231,Literary Adaptations About Youth,42461
231,Literary Adaptations About Youth,2528
231,Literary Adaptations About Youth,228066
231,Literary Adaptations About Youth,25190
231,Literary Adaptations About Youth,42214
231,Literary Adaptations About Youth,204264
231,Literary Adaptations About Youth,42092
231,Literary Adaptations About Youth,207724
231,Literary Adaptations About Youth,48750
231,Literary Adaptations About Youth,11632
231,Literary Adaptations About Youth,15472
231,Literary Adaptations About Youth,25842
231,Literary Adaptations About Youth,199155
231,Literary Adaptations About Youth,77560
232,End Of Life Choice Films,12548
232,End Of Life Choice Films,35976
232,End Of Life Choice Films,230154
232,End Of Life Choice Films,11019
232,End Of Life Choice Films,268171
232,End Of Life Choice Films,149136
232,End Of Life Choice Films,61718
232,End Of Life Choice Films,426135
232,End Of Life Choice Films,29466
232,End Of Life Choice Films,85790
232,End Of Life Choice Films,296096
232,End Of Life Choice Films,297
232,End Of Life Choice Films,70443
232,End Of Life Choice Films,86837
232,End Of Life Choice Films,536396
232,End Of Life Choice Films,12497
232,End Of Life Choice Films,44115
232,End Of Life Choice Films,449749
232,End Of Life Choice Films,9686
232,End Of Life Choice Films,27862
232,End Of Life Choice Films,336216
232,End Of Life Choice Films,195036
232,End Of Life Choice Films,2015
232,End Of Life Choice Films,2912
232,End Of Life Choice Films,86626
232,End Of Life Choice Films,393443
232,End Of Life Choice Films,93540
232,End Of Life Choice Films,171492
232,End Of Life Choice Films,499558
232,End Of Life Choice Films,293863
232,End Of Life Choice Films,1773
232,End Of Life Choice Films,10349
232,End Of Life Choice Films,53229
232,End Of Life Choice Films,88051
232,End Of Life Choice Films,601204
232,End Of Life Choice Films,104062
233,CB Radio Era Road Movies,773
233,CB Radio Era Road Movies,41733
233,CB Radio Era Road Movies,129670
233,CB Radio Era Road Movies,340485
233,CB Radio Era Road Movies,655
233,CB Radio Era Road Movies,82687
233,CB Radio Era Road Movies,8468
233,CB Radio Era Road Movies,2204
233,CB Radio Era Road Movies,43420
233,CB Radio Era Road Movies,25763
233,CB Radio Era Road Movies,19108
233,CB Radio Era Road Movies,19621
233,CB Radio Era Road Movies,864168
233,CB Radio Era Road Movies,52015
233,CB Radio Era Road Movies,58416
233,CB Radio Era Road Movies,308
233,CB Radio Era Road Movies,110390
233,CB Radio Era Road Movies,15417
233,CB Radio Era Road Movies,3133
233,CB Radio Era Road Movies,49471
233,CB Radio Era Road Movies,839
233,CB Radio Era Road Movies,19017
233,CB Radio Era Road Movies,263115
233,CB Radio Era Road Movies,41678
233,CB Radio Era Road Movies,16976
233,CB Radio Era Road Movies,43089
233,CB Radio Era Road Movies,10834
233,CB Radio Era Road Movies,468
233,CB Radio Era Road Movies,27223
233,CB Radio Era Road Movies,35031
233,CB Radio Era Road Movies,63578
233,CB Radio Era Road Movies,476
233,CB Radio Era Road Movies,95324
233,CB Radio Era Road Movies,11879
233,CB Radio Era Road Movies,60397
233,CB Radio Era Road Movies,624
233,CB Radio Era Road Movies,29040
233,CB Radio Era Road Movies,2163
233,CB Radio Era Road Movies,54005
233,CB Radio Era Road Movies,319993
233,CB Radio Era Road Movies,456956
233,CB Radio Era Road Movies,11006
233,CB Radio Era Road Movies,43775
234,Ordinary People Extraordinary Circumstances,235011
234,Ordinary People Extraordinary Circumstances,445571
234,Ordinary People Extraordinary Circumstances,76425
234,Ordinary People Extraordinary Circumstances,3594
234,Ordinary People Extraordinary Circumstances,501907
234,Ordinary People Extraordinary Circumstances,25495
234,Ordinary People Extraordinary Circumstances,238615
234,Ordinary People Extraordinary Circumstances,97051
234,Ordinary People Extraordinary Circumstances,6687
234,Ordinary People Extraordinary Circumstances,45480
234,Ordinary People Extraordinary Circumstances,292011
234,Ordinary People Extraordinary Circumstances,352173
234,Ordinary People Extraordinary Circumstances,33454
234,Ordinary People Extraordinary Circumstances,159407
234,Ordinary People Extraordinary Circumstances,17585
234,Ordinary People Extraordinary Circumstances,310
234,Ordinary People Extraordinary Circumstances,17720
234,Ordinary People Extraordinary Circumstances,14139
234,Ordinary People Extraordinary Circumstances,10427
234,Ordinary People Extraordinary Circumstances,372411
234,Ordinary People Extraordinary Circumstances,32961
234,Ordinary People Extraordinary Circumstances,40897
234,Ordinary People Extraordinary Circumstances,11460
234,Ordinary People Extraordinary Circumstances,603206
234,Ordinary People Extraordinary Circumstances,11338
234,Ordinary People Extraordinary Circumstances,611914
234,Ordinary People Extraordinary Circumstances,440021
234,Ordinary People Extraordinary Circumstances,168408
234,Ordinary People Extraordinary Circumstances,473
234,Ordinary People Extraordinary Circumstances,10208
234,Ordinary People Extraordinary Circumstances,24032
234,Ordinary People Extraordinary Circumstances,48481
234,Ordinary People Extraordinary Circumstances,2019
234,Ordinary People Extraordinary Circumstances,12772
234,Ordinary People Extraordinary Circumstances,71520
234,Ordinary People Extraordinary Circumstances,10223
234,Ordinary People Extraordinary Circumstances,197615
234,Ordinary People Extraordinary Circumstances,10363
235,Lon Chaney Physical Transformation Roles,35200
235,Lon Chaney Physical Transformation Roles,21634
235,Lon Chaney Physical Transformation Roles,10765
235,Lon Chaney Physical Transformation Roles,1550
235,Lon Chaney Physical Transformation Roles,1809
235,Lon Chaney Physical Transformation Roles,9879
235,Lon Chaney Physical Transformation Roles,921
235,Lon Chaney Physical Transformation Roles,50330
235,Lon Chaney Physical Transformation Roles,541
235,Lon Chaney Physical Transformation Roles,530723
235,Lon Chaney Physical Transformation Roles,13990
235,Lon Chaney Physical Transformation Roles,43307
235,Lon Chaney Physical Transformation Roles,157099
235,Lon Chaney Physical Transformation Roles,42623
235,Lon Chaney Physical Transformation Roles,2360
235,Lon Chaney Physical Transformation Roles,313
235,Lon Chaney Physical Transformation Roles,4025
235,Lon Chaney Physical Transformation Roles,11323
235,Lon Chaney Physical Transformation Roles,149187
235,Lon Chaney Physical Transformation Roles,44100
235,Lon Chaney Physical Transformation Roles,4421
235,Lon Chaney Physical Transformation Roles,78537
235,Lon Chaney Physical Transformation Roles,80585
235,Lon Chaney Physical Transformation Roles,2142
235,Lon Chaney Physical Transformation Roles,266856
235,Lon Chaney Physical Transformation Roles,12395
235,Lon Chaney Physical Transformation Roles,112493
235,Lon Chaney Physical Transformation Roles,290542
235,Lon Chaney Physical Transformation Roles,27503
235,Lon Chaney Physical Transformation Roles,35185
235,Lon Chaney Physical Transformation Roles,27506
235,Lon Chaney Physical Transformation Roles,10360
235,Lon Chaney Physical Transformation Roles,1913
235,Lon Chaney Physical Transformation Roles,634
235,Lon Chaney Physical Transformation Roles,50043
235,Lon Chaney Physical Transformation Roles,55292
235,Lon Chaney Physical Transformation Roles,34943
236,Early Anti Hero Character Studies,22784
236,Early Anti Hero Character Studies,16515
236,Early Anti Hero Character Studies,284293
236,Early Anti Hero Character Studies,9993
236,Early Anti Hero Character Studies,55309
236,Early Anti Hero Character Studies,55310
236,Early Anti Hero Character Studies,99729
236,Early Anti Hero Character Studies,295442
236,Early Anti Hero Character Studies,121238
236,Early Anti Hero Character Studies,187927
236,Early Anti Hero Character Studies,2200
236,Early Anti Hero Character Studies,44441
236,Early Anti Hero Character Studies,8220
236,Early Anti Hero Character Studies,46754
236,Early Anti Hero Character Studies,11044
236,Early Anti Hero Character Studies,428584
236,Early Anti Hero Character Studies,201132
236,Early Anti Hero Character Studies,31283
236,Early Anti Hero Character Studies,163123
236,Early Anti Hero Character Studies,11832
236,Early Anti Hero Character Studies,318
236,Early Anti Hero Character Studies,42815
236,Early Anti Hero Character Studies,41791
236,Early Anti Hero Character Studies,121922
236,Early Anti Hero Character Studies,130885
236,Early Anti Hero Character Studies,55240
236,Early Anti Hero Character Studies,2891
236,Early Anti Hero Character Studies,42701
236,Early Anti Hero Character Studies,66125
236,Early Anti Hero Character Studies,85325
236,Early Anti Hero Character Studies,1488
236,Early Anti Hero Character Studies,63443
236,Early Anti Hero Character Studies,42589
236,Early Anti Hero Character Studies,16993
236,Early Anti Hero Character Studies,84324
236,Early Anti Hero Character Studies,43111
236,Early Anti Hero Character Studies,122088
236,Early Anti Hero Character Studies,36206
236,Early Anti Hero Character Studies,53102
236,Early Anti Hero Character Studies,50675
236,Early Anti Hero Character Studies,408947
236,Early Anti Hero Character Studies,31605
236,Early Anti Hero Character Studies,12664
237,Beach Horror Movie Mashups,62214
237,Beach Horror Movie Mashups,44936
237,Beach Horror Movie Mashups,3980
237,Beach Horror Movie Mashups,1933
237,Beach Horror Movie Mashups,20620
237,Beach Horror Movie Mashups,3603
237,Beach Horror Movie Mashups,23827
237,Beach Horror Movie Mashups,74646
237,Beach Horror Movie Mashups,40218
237,Beach Horror Movie Mashups,168098
237,Beach Horror Movie Mashups,49830
237,Beach Horror Movie Mashups,354216
237,Beach Horror Movie Mashups,42793
237,Beach Horror Movie Mashups,38701
237,Beach Horror Movie Mashups,76212
237,Beach Horror Movie Mashups,124470
237,Beach Horror Movie Mashups,28346
237,Beach Horror Movie Mashups,571
237,Beach Horror Movie Mashups,9276
237,Beach Horror Movie Mashups,17343
237,Beach Horror Movie Mashups,81471
237,Beach Horror Movie Mashups,532671
237,Beach Horror Movie Mashups,326
237,Beach Horror Movie Mashups,76487
237,Beach Horror Movie Mashups,29128
237,Beach Horror Movie Mashups,903496
237,Beach Horror Movie Mashups,30924
237,Beach Horror Movie Mashups,48333
237,Beach Horror Movie Mashups,82126
237,Beach Horror Movie Mashups,85202
237,Beach Horror Movie Mashups,17111
237,Beach Horror Movie Mashups,262871
237,Beach Horror Movie Mashups,18011
237,Beach Horror Movie Mashups,14686
237,Beach Horror Movie Mashups,270303
237,Beach Horror Movie Mashups,11366
237,Beach Horror Movie Mashups,26857
237,Beach Horror Movie Mashups,104812
237,Beach Horror Movie Mashups,39154
237,Beach Horror Movie Mashups,27390
238,Pre Digital Era Romance Films,771
238,Pre Digital Era Romance Films,38916
238,Pre Digital Era Romance Films,91781
238,Pre Digital Era Romance Films,19590
238,Pre Digital Era Romance Films,169607
238,Pre Digital Era Romance Films,11528
238,Pre Digital Era Romance Films,26888
238,Pre Digital Era Romance Films,23050
238,Pre Digital Era Romance Films,70027
238,Pre Digital Era Romance Films,1384203
238,Pre Digital Era Romance Films,415373
238,Pre Digital Era Romance Films,577042
238,Pre Digital Era Romance Films,1259032
238,Pre Digital Era Romance Films,29723
238,Pre Digital Era Romance Films,58395
238,Pre Digital Era Romance Films,73760
238,Pre Digital Era Romance Films,76839
238,Pre Digital Era Romance Films,9255
238,Pre Digital Era Romance Films,16553
238,Pre Digital Era Romance Films,128680
238,Pre Digital Era Romance Films,11949
238,Pre Digital Era Romance Films,9903
238,Pre Digital Era Romance Films,563632
238,Pre Digital Era Romance Films,9651
238,Pre Digital Era Romance Films,73908
238,Pre Digital Era Romance Films,133941
238,Pre Digital Era Romance Films,5693
238,Pre Digital Era Romance Films,24257
238,Pre Digital Era Romance Films,34113
238,Pre Digital Era Romance Films,264898
238,Pre Digital Era Romance Films,47951
238,Pre Digital Era Romance Films,2770
238,Pre Digital Era Romance Films,339
238,Pre Digital Era Romance Films,858
238,Pre Digital Era Romance Films,3682
238,Pre Digital Era Romance Films,1207010
238,Pre Digital Era Romance Films,207463
238,Pre Digital Era Romance Films,10218
238,Pre Digital Era Romance Films,99436
238,Pre Digital Era Romance Films,9965
238,Pre Digital Era Romance Films,56557
238,Pre Digital Era Romance Films,50799
238,Pre Digital Era Romance Films,2163
238,Pre Digital Era Romance Films,13690
238,Pre Digital Era Romance Films,15997
238,Pre Digital Era Romance Films,22271
239,Museums Come Alive After Dark,340613
239,Museums Come Alive After Dark,447365
239,Museums Come Alive After Dark,13703
239,Museums Come Alive After Dark,33034
239,Museums Come Alive After Dark,1547
239,Museums Come Alive After Dark,537996
239,Museums Come Alive After Dark,28177
239,Museums Come Alive After Dark,17170
239,Museums Come Alive After Dark,299027
239,Museums Come Alive After Dark,99861
239,Museums Come Alive After Dark,36246
239,Museums Come Alive After Dark,15138
239,Museums Come Alive After Dark,98851
239,Museums Come Alive After Dark,10404
239,Museums Come Alive After Dark,11559
239,Museums Come Alive After Dark,468139
239,Museums Come Alive After Dark,349176
239,Museums Come Alive After Dark,18360
239,Museums Come Alive After Dark,1593
239,Museums Come Alive After Dark,515001
239,Museums Come Alive After Dark,42178
239,Museums Come Alive After Dark,451
239,Museums Come Alive After Dark,96195
239,Museums Come Alive After Dark,735429
239,Museums Come Alive After Dark,42188
239,Museums Come Alive After Dark,4946
239,Museums Come Alive After Dark,339
239,Museums Come Alive After Dark,340
239,Museums Come Alive After Dark,35926
239,Museums Come Alive After Dark,22744
239,Museums Come Alive After Dark,1497
239,Museums Come Alive After Dark,345
239,Museums Come Alive After Dark,10843
239,Museums Come Alive After Dark,508642
239,Museums Come Alive After Dark,1635
239,Museums Come Alive After Dark,46315
239,Museums Come Alive After Dark,55787
239,Museums Come Alive After Dark,13549
239,Museums Come Alive After Dark,12142
239,Museums Come Alive After Dark,11377
239,Museums Come Alive After Dark,30707
239,Museums Come Alive After Dark,127864
239,Museums Come Alive After Dark,21502
240,Childhood Trauma Through Fantasy Lens,795778
240,Childhood Trauma Through Fantasy Lens,45698
240,Childhood Trauma Through Fantasy Lens,451974
240,Childhood Trauma Through Fantasy Lens,1417
240,Childhood Trauma Through Fantasy Lens,34574
240,Childhood Trauma Through Fantasy Lens,416144
240,Childhood Trauma Through Fantasy Lens,44690
240,Childhood Trauma Through Fantasy Lens,28436
240,Childhood Trauma Through Fantasy Lens,11415
240,Childhood Trauma Through Fantasy Lens,116887
240,Childhood Trauma Through Fantasy Lens,20763
240,Childhood Trauma Through Fantasy Lens,72349
240,Childhood Trauma Through Fantasy Lens,79777
240,Childhood Trauma Through Fantasy Lens,69668
240,Childhood Trauma Through Fantasy Lens,16166
240,Childhood Trauma Through Fantasy Lens,11559
240,Childhood Trauma Through Fantasy Lens,408360
240,Childhood Trauma Through Fantasy Lens,10539
240,Childhood Trauma Through Fantasy Lens,426284
240,Childhood Trauma Through Fantasy Lens,3515
240,Childhood Trauma Through Fantasy Lens,2241
240,Childhood Trauma Through Fantasy Lens,263617
240,Childhood Trauma Through Fantasy Lens,270668
240,Childhood Trauma Through Fantasy Lens,23629
240,Childhood Trauma Through Fantasy Lens,10449
240,Childhood Trauma Through Fantasy Lens,340
240,Childhood Trauma Through Fantasy Lens,16852
240,Childhood Trauma Through Fantasy Lens,1369
240,Childhood Trauma Through Fantasy Lens,57563
240,Childhood Trauma Through Fantasy Lens,36708
240,Childhood Trauma Through Fantasy Lens,592230
240,Childhood Trauma Through Fantasy Lens,59239
240,Childhood Trauma Through Fantasy Lens,259943
240,Childhood Trauma Through Fantasy Lens,873
240,Childhood Trauma Through Fantasy Lens,65513
240,Childhood Trauma Through Fantasy Lens,344170
240,Childhood Trauma Through Fantasy Lens,417384
240,Childhood Trauma Through Fantasy Lens,100589
240,Childhood Trauma Through Fantasy Lens,68718
240,Childhood Trauma Through Fantasy Lens,477033
240,Childhood Trauma Through Fantasy Lens,14451
240,Childhood Trauma Through Fantasy Lens,8692
240,Childhood Trauma Through Fantasy Lens,250230
240,Childhood Trauma Through Fantasy Lens,795514
241,Creative Genius Personal Cost Films,25473
241,Creative Genius Personal Cost Films,26758
241,Creative Genius Personal Cost Films,50314
241,Creative Genius Personal Cost Films,43277
241,Creative Genius Personal Cost Films,44559
241,Creative Genius Personal Cost Films,855823
241,Creative Genius Personal Cost Films,465171
241,Creative Genius Personal Cost Films,4244
241,Creative Genius Personal Cost Films,1813
241,Creative Genius Personal Cost Films,424600
241,Creative Genius Personal Cost Films,250779
241,Creative Genius Personal Cost Films,38428
241,Creative Genius Personal Cost Films,205596
241,Creative Genius Personal Cost Films,10910
241,Creative Genius Personal Cost Films,321697
241,Creative Genius Personal Cost Films,44578
241,Creative Genius Personal Cost Films,433059
241,Creative Genius Personal Cost Films,80806
241,Creative Genius Personal Cost Films,811
241,Creative Genius Personal Cost Films,4781
241,Creative Genius Personal Cost Films,42158
241,Creative Genius Personal Cost Films,898350
241,Creative Genius Personal Cost Films,9008
241,Creative Genius Personal Cost Films,245168
241,Creative Genius Personal Cost Films,457136
241,Creative Genius Personal Cost Films,8883
241,Creative Genius Personal Cost Films,42164
241,Creative Genius Personal Cost Films,369972
241,Creative Genius Personal Cost Films,77878
241,Creative Genius Personal Cost Films,728116
241,Creative Genius Personal Cost Films,276537
241,Creative Genius Personal Cost Films,14266
241,Creative Genius Personal Cost Films,28219
241,Creative Genius Personal Cost Films,5055
241,Creative Genius Personal Cost Films,79042
241,Creative Genius Personal Cost Films,318279
241,Creative Genius Personal Cost Films,87496
241,Creative Genius Personal Cost Films,14670
241,Creative Genius Personal Cost Films,88273
241,Creative Genius Personal Cost Films,15698
241,Creative Genius Personal Cost Films,42451
241,Creative Genius Personal Cost Films,381649
241,Creative Genius Personal Cost Films,10197
241,Creative Genius Personal Cost Films,18774
241,Creative Genius Personal Cost Films,41949
241,Creative Genius Personal Cost Films,350
241,Creative Genius Personal Cost Films,1247
241,Creative Genius Personal Cost Films,30431
241,Creative Genius Personal Cost Films,19429
241,Creative Genius Personal Cost Films,22504
241,Creative Genius Personal Cost Films,411625
241,Creative Genius Personal Cost Films,552178
241,Creative Genius Personal Cost Films,32499
241,Creative Genius Personal Cost Films,14709
241,Creative Genius Personal Cost Films,41845
241,Creative Genius Personal Cost Films,82299
242,Polio Survival Story Cinema,43392
242,Polio Survival Story Cinema,648
242,Polio Survival Story Cinema,41355
242,Polio Survival Story Cinema,653579
242,Polio Survival Story Cinema,1940
242,Polio Survival Story Cinema,407445
242,Polio Survival Story Cinema,401686
242,Polio Survival Story Cinema,491418
242,Polio Survival Story Cinema,113947
242,Polio Survival Story Cinema,12572
242,Polio Survival Story Cinema,295964
242,Polio Survival Story Cinema,157353
242,Polio Survival Story Cinema,1963
242,Polio Survival Story Cinema,44334
242,Polio Survival Story Cinema,159407
242,Polio Survival Story Cinema,31921
242,Polio Survival Story Cinema,470333
242,Polio Survival Story Cinema,42430
242,Polio Survival Story Cinema,671295
242,Polio Survival Story Cinema,1403070
242,Polio Survival Story Cinema,7874
242,Polio Survival Story Cinema,133701
242,Polio Survival Story Cinema,10184
242,Polio Survival Story Cinema,97610
242,Polio Survival Story Cinema,18894
242,Polio Survival Story Cinema,489934
242,Polio Survival Story Cinema,49360
242,Polio Survival Story Cinema,50646
242,Polio Survival Story Cinema,43864
242,Polio Survival Story Cinema,211166
242,Polio Survival Story Cinema,59487
242,Polio Survival Story Cinema,2018
242,Polio Survival Story Cinema,11363
242,Polio Survival Story Cinema,12772
242,Polio Survival Story Cinema,1893
242,Polio Survival Story Cinema,870
242,Polio Survival Story Cinema,107235
242,Polio Survival Story Cinema,24424
242,Polio Survival Story Cinema,228326
242,Polio Survival Story Cinema,249724
242,Polio Survival Story Cinema,363
242,Polio Survival Story Cinema,279144
242,Polio Survival Story Cinema,12526
242,Polio Survival Story Cinema,581361
242,Polio Survival Story Cinema,330483
242,Polio Survival Story Cinema,42360
242,Polio Survival Story Cinema,513146
242,Polio Survival Story Cinema,11003
242,Polio Survival Story Cinema,31868
242,Polio Survival Story Cinema,63230
243,Generational Conflict Immigration Stories,45576
243,Generational Conflict Immigration Stories,29450
243,Generational Conflict Immigration Stories,26517
243,Generational Conflict Immigration Stories,94741
243,Generational Conflict Immigration Stories,407
243,Generational Conflict Immigration Stories,42519
243,Generational Conflict Immigration Stories,241432
243,Generational Conflict Immigration Stories,4379
243,Generational Conflict Immigration Stories,29988
243,Generational Conflict Immigration Stories,43815
243,Generational Conflict Immigration Stories,13996
243,Generational Conflict Immigration Stories,181808
243,Generational Conflict Immigration Stories,21297
243,Generational Conflict Immigration Stories,43316
243,Generational Conflict Immigration Stories,98997
243,Generational Conflict Immigration Stories,6968
243,Generational Conflict Immigration Stories,48318
243,Generational Conflict Immigration Stories,14272
243,Generational Conflict Immigration Stories,547654
243,Generational Conflict Immigration Stories,190024
243,Generational Conflict Immigration Stories,42569
243,Generational Conflict Immigration Stories,1282378
243,Generational Conflict Immigration Stories,40910
243,Generational Conflict Immigration Stories,53459
243,Generational Conflict Immigration Stories,1227221
243,Generational Conflict Immigration Stories,43903
243,Generational Conflict Immigration Stories,31064
243,Generational Conflict Immigration Stories,224471
243,Generational Conflict Immigration Stories,39130
243,Generational Conflict Immigration Stories,9563
243,Generational Conflict Immigration Stories,354912
243,Generational Conflict Immigration Stories,88673
243,Generational Conflict Immigration Stories,46691
243,Generational Conflict Immigration Stories,43236
243,Generational Conflict Immigration Stories,499556
243,Generational Conflict Immigration Stories,3176
243,Generational Conflict Immigration Stories,491625
243,Generational Conflict Immigration Stories,69482
243,Generational Conflict Immigration Stories,363
243,Generational Conflict Immigration Stories,47212
243,Generational Conflict Immigration Stories,15723
243,Generational Conflict Immigration Stories,37230
243,Generational Conflict Immigration Stories,42604
243,Generational Conflict Immigration Stories,42735
243,Generational Conflict Immigration Stories,57969
243,Generational Conflict Immigration Stories,21490
243,Generational Conflict Immigration Stories,114030
243,Generational Conflict Immigration Stories,157040
243,Generational Conflict Immigration Stories,8953
243,Generational Conflict Immigration Stories,7288
243,Generational Conflict Immigration Stories,9977
243,Generational Conflict Immigration Stories,22650
243,Generational Conflict Immigration Stories,1788
243,Generational Conflict Immigration Stories,86782
243,Generational Conflict Immigration Stories,42495
244,Love Triangles In War Zones,11522
244,Love Triangles In War Zones,33667
244,Love Triangles In War Zones,64901
244,Love Triangles In War Zones,332806
244,Love Triangles In War Zones,26247
244,Love Triangles In War Zones,780295
244,Love Triangles In War Zones,11529
244,Love Triangles In War Zones,138122
244,Love Triangles In War Zones,41357
244,Love Triangles In War Zones,369038
244,Love Triangles In War Zones,40082
244,Love Triangles In War Zones,11545
244,Love Triangles In War Zones,128154
244,Love Triangles In War Zones,39839
244,Love Triangles In War Zones,38688
244,Love Triangles In War Zones,2977
244,Love Triangles In War Zones,72613
244,Love Triangles In War Zones,8488
244,Love Triangles In War Zones,42537
244,Love Triangles In War Zones,47784
244,Love Triangles In War Zones,4267
244,Love Triangles In War Zones,41648
244,Love Triangles In War Zones,1713
244,Love Triangles In War Zones,128048
244,Love Triangles In War Zones,1075
244,Love Triangles In War Zones,103731
244,Love Triangles In War Zones,855098
244,Love Triangles In War Zones,15037
244,Love Triangles In War Zones,24003
244,Love Triangles In War Zones,1610
244,Love Triangles In War Zones,73043
244,Love Triangles In War Zones,597
244,Love Triangles In War Zones,2006
244,Love Triangles In War Zones,12503
244,Love Triangles In War Zones,11352
244,Love Triangles In War Zones,4953
244,Love Triangles In War Zones,858
244,Love Triangles In War Zones,86232
244,Love Triangles In War Zones,70489
244,Love Triangles In War Zones,93655
244,Love Triangles In War Zones,863
244,Love Triangles In War Zones,33247
244,Love Triangles In War Zones,474335
244,Love Triangles In War Zones,9058
244,Love Triangles In War Zones,17127
244,Love Triangles In War Zones,363
244,Love Triangles In War Zones,26220
244,Love Triangles In War Zones,1904
244,Love Triangles In War Zones,638449
244,Love Triangles In War Zones,48627
244,Love Triangles In War Zones,990069
244,Love Triangles In War Zones,1404
244,Love Triangles In War Zones,1278
245,Team Assembly Story Arcs,579974
245,Team Assembly Story Arcs,1116424
245,Team Assembly Story Arcs,303115
245,Team Assembly Story Arcs,11663
245,Team Assembly Story Arcs,119575
245,Team Assembly Story Arcs,22301
245,Team Assembly Story Arcs,15774
245,Team Assembly Story Arcs,48287
245,Team Assembly Story Arcs,10020
245,Team Assembly Story Arcs,550
245,Team Assembly Story Arcs,18989
245,Team Assembly Story Arcs,33454
245,Team Assembly Story Arcs,28978
245,Team Assembly Story Arcs,336050
245,Team Assembly Story Arcs,528946
245,Team Assembly Story Arcs,1199026
245,Team Assembly Story Arcs,9526
245,Team Assembly Story Arcs,9913
245,Team Assembly Story Arcs,44603
245,Team Assembly Story Arcs,25538
245,Team Assembly Story Arcs,20675
245,Team Assembly Story Arcs,417859
245,Team Assembly Story Arcs,228165
245,Team Assembly Story Arcs,13382
245,Team Assembly Story Arcs,13640
245,Team Assembly Story Arcs,1285576
245,Team Assembly Story Arcs,71243
245,Team Assembly Story Arcs,12620
245,Team Assembly Story Arcs,97356
245,Team Assembly Story Arcs,791373
245,Team Assembly Story Arcs,30675
245,Team Assembly Story Arcs,39002
245,Team Assembly Story Arcs,7518
245,Team Assembly Story Arcs,37214
245,Team Assembly Story Arcs,624479
245,Team Assembly Story Arcs,36708
245,Team Assembly Story Arcs,43495
245,Team Assembly Story Arcs,1154663
245,Team Assembly Story Arcs,15081
245,Team Assembly Story Arcs,364
245,Team Assembly Story Arcs,289269
245,Team Assembly Story Arcs,3062
245,Team Assembly Story Arcs,42231
245,Team Assembly Story Arcs,267384
245,Team Assembly Story Arcs,26873
245,Team Assembly Story Arcs,569594
245,Team Assembly Story Arcs,31742
246,Teen Music Prodigy Stories,8193
246,Teen Music Prodigy Stories,13185
246,Teen Music Prodigy Stories,18434
246,Teen Music Prodigy Stories,10246
246,Teen Music Prodigy Stories,13068
246,Teen Music Prodigy Stories,41357
246,Teen Music Prodigy Stories,614930
246,Teen Music Prodigy Stories,510355
246,Teen Music Prodigy Stories,438808
246,Teen Music Prodigy Stories,397722
246,Teen Music Prodigy Stories,575773
246,Teen Music Prodigy Stories,48287
246,Teen Music Prodigy Stories,27681
246,Teen Music Prodigy Stories,74790
246,Teen Music Prodigy Stories,15144
246,Teen Music Prodigy Stories,544431
246,Teen Music Prodigy Stories,64945
246,Teen Music Prodigy Stories,34482
246,Teen Music Prodigy Stories,109491
246,Teen Music Prodigy Stories,272693
246,Teen Music Prodigy Stories,43959
246,Teen Music Prodigy Stories,9022
246,Teen Music Prodigy Stories,175041
246,Teen Music Prodigy Stories,579
246,Teen Music Prodigy Stories,32195
246,Teen Music Prodigy Stories,394822
246,Teen Music Prodigy Stories,14024
246,Teen Music Prodigy Stories,61645
246,Teen Music Prodigy Stories,19662
246,Teen Music Prodigy Stories,25167
246,Teen Music Prodigy Stories,51022
246,Teen Music Prodigy Stories,65229
246,Teen Music Prodigy Stories,537681
246,Teen Music Prodigy Stories,40534
246,Teen Music Prodigy Stories,177494
246,Teen Music Prodigy Stories,14043
246,Teen Music Prodigy Stories,40929
246,Teen Music Prodigy Stories,9571
246,Teen Music Prodigy Stories,441701
246,Teen Music Prodigy Stories,84199
246,Teen Music Prodigy Stories,872
246,Teen Music Prodigy Stories,113003
246,Teen Music Prodigy Stories,16620
246,Teen Music Prodigy Stories,54004
246,Teen Music Prodigy Stories,10229
246,Teen Music Prodigy Stories,54005
246,Teen Music Prodigy Stories,35703
246,Teen Music Prodigy Stories,114677
246,Teen Music Prodigy Stories,377
246,Teen Music Prodigy Stories,206197
246,Teen Music Prodigy Stories,18555
246,Teen Music Prodigy Stories,860159
247,1950s Hollywood Ancient World Epics,57603
247,1950s Hollywood Ancient World Epics,522
247,1950s Hollywood Ancient World Epics,208269
247,1950s Hollywood Ancient World Epics,219408
247,1950s Hollywood Ancient World Epics,13457
247,1950s Hollywood Ancient World Epics,205331
247,1950s Hollywood Ancient World Epics,278805
247,1950s Hollywood Ancient World Epics,270487
247,1950s Hollywood Ancient World Epics,42658
247,1950s Hollywood Ancient World Epics,52003
247,1950s Hollywood Ancient World Epics,26661
247,1950s Hollywood Ancient World Epics,1958
247,1950s Hollywood Ancient World Epics,43047
247,1950s Hollywood Ancient World Epics,42668
247,1950s Hollywood Ancient World Epics,43313
247,1950s Hollywood Ancient World Epics,65590
247,1950s Hollywood Ancient World Epics,23102
247,1950s Hollywood Ancient World Epics,33218
247,1950s Hollywood Ancient World Epics,180290
247,1950s Hollywood Ancient World Epics,28100
247,1950s Hollywood Ancient World Epics,38724
247,1950s Hollywood Ancient World Epics,33734
247,1950s Hollywood Ancient World Epics,42564
247,1950s Hollywood Ancient World Epics,17352
247,1950s Hollywood Ancient World Epics,131781
247,1950s Hollywood Ancient World Epics,239690
247,1950s Hollywood Ancient World Epics,216823
247,1950s Hollywood Ancient World Epics,11086
247,1950s Hollywood Ancient World Epics,114771
247,1950s Hollywood Ancient World Epics,517088
247,1950s Hollywood Ancient World Epics,40165
247,1950s Hollywood Ancient World Epics,43239
247,1950s Hollywood Ancient World Epics,43375
247,1950s Hollywood Ancient World Epics,72687
247,1950s Hollywood Ancient World Epics,118517
247,1950s Hollywood Ancient World Epics,53879
247,1950s Hollywood Ancient World Epics,25848
247,1950s Hollywood Ancient World Epics,113785
247,1950s Hollywood Ancient World Epics,75900
247,1950s Hollywood Ancient World Epics,381
248,Shadow and Light Samurai Films,54273
248,Shadow and Light Samurai Films,98050
248,Shadow and Light Samurai Films,285697
248,Shadow and Light Samurai Films,39177
248,Shadow and Light Samurai Films,13196
248,Shadow and Light Samurai Films,26252
248,Shadow and Light Samurai Films,29453
248,Shadow and Light Samurai Films,664332
248,Shadow and Light Samurai Films,79761
248,Shadow and Light Samurai Films,755858
248,Shadow and Light Samurai Films,13971
248,Shadow and Light Samurai Films,683033
248,Shadow and Light Samurai Films,91683
248,Shadow and Light Samurai Films,14638
248,Shadow and Light Samurai Films,3635
248,Shadow and Light Samurai Films,63411
248,Shadow and Light Samurai Films,18872
248,Shadow and Light Samurai Films,152760
248,Shadow and Light Samurai Films,42684
248,Shadow and Light Samurai Films,43710
248,Shadow and Light Samurai Films,18624
248,Shadow and Light Samurai Films,4556
248,Shadow and Light Samurai Films,48336
248,Shadow and Light Samurai Films,147282
248,Shadow and Light Samurai Films,1035090
248,Shadow and Light Samurai Films,63318
248,Shadow and Light Samurai Films,13531
248,Shadow and Light Samurai Films,8288
248,Shadow and Light Samurai Films,218212
248,Shadow and Light Samurai Films,314856
248,Shadow and Light Samurai Films,14442
248,Shadow and Light Samurai Films,97514
248,Shadow and Light Samurai Films,50031
248,Shadow and Light Samurai Films,68979
248,Shadow and Light Samurai Films,56180
248,Shadow and Light Samurai Films,28533
248,Shadow and Light Samurai Films,43255
248,Shadow and Light Samurai Films,381
248,Shadow and Light Samurai Films,67967
249,Debut Features By Master Directors,294272
249,Debut Features By Master Directors,383
249,Debut Features By Master Directors,53898
249,Debut Features By Master Directors,472854
249,Debut Features By Master Directors,407
249,Debut Features By Master Directors,26520
249,Debut Features By Master Directors,16665
249,Debut Features By Master Directors,150043
249,Debut Features By Master Directors,924
249,Debut Features By Master Directors,98078
249,Debut Features By Master Directors,308640
249,Debut Features By Master Directors,48676
249,Debut Features By Master Directors,95399
249,Debut Features By Master Directors,428584
249,Debut Features By Master Directors,9519
249,Debut Features By Master Directors,31154
249,Debut Features By Master Directors,5683
249,Debut Features By Master Directors,49971
249,Debut Features By Master Directors,279992
249,Debut Features By Master Directors,11705
249,Debut Features By Master Directors,17593
249,Debut Features By Master Directors,3133
249,Debut Features By Master Directors,506558
249,Debut Features By Master Directors,44479
249,Debut Features By Master Directors,48318
249,Debut Features By Master Directors,1093
249,Debut Features By Master Directors,496967
249,Debut Features By Master Directors,569040
249,Debut Features By Master Directors,9299
249,Debut Features By Master Directors,42585
249,Debut Features By Master Directors,27995
249,Debut Features By Master Directors,213342
249,Debut Features By Master Directors,74336
249,Debut Features By Master Directors,48992
249,Debut Features By Master Directors,4836
249,Debut Features By Master Directors,7015
249,Debut Features By Master Directors,31850
249,Debut Features By Master Directors,3565
249,Debut Features By Master Directors,18415
249,Debut Features By Master Directors,157040
249,Debut Features By Master Directors,65777
249,Debut Features By Master Directors,54001
249,Debut Features By Master Directors,76403
249,Debut Features By Master Directors,8052
249,Debut Features By Master Directors,47607
249,Debut Features By Master Directors,2172
249,Debut Features By Master Directors,400383
250,Vietnam Era Anti War Films,387
250,Vietnam Era Anti War Films,149383
250,Vietnam Era Anti War Films,777
250,Vietnam Era Anti War Films,96394
250,Vietnam Era Anti War Films,651
250,Vietnam Era Anti War Films,17685
250,Vietnam Era Anti War Films,84630
250,Vietnam Era Anti War Films,321303
250,Vietnam Era Anti War Films,792
250,Vietnam Era Anti War Films,99993
250,Vietnam Era Anti War Films,46875
250,Vietnam Era Anti War Films,26652
250,Vietnam Era Anti War Films,42525
250,Vietnam Era Anti War Films,20128
250,Vietnam Era Anti War Films,42791
250,Vietnam Era Anti War Films,36283
250,Vietnam Era Anti War Films,919483
250,Vietnam Era Anti War Films,31935
250,Vietnam Era Anti War Films,31681
250,Vietnam Era Anti War Films,80705
250,Vietnam Era Anti War Films,95169
250,Vietnam Era Anti War Films,1863
250,Vietnam Era Anti War Films,16328
250,Vietnam Era Anti War Films,24395
250,Vietnam Era Anti War Films,964428
250,Vietnam Era Anti War Films,127822
250,Vietnam Era Anti War Films,41936
250,Vietnam Era Anti War Films,42193
250,Vietnam Era Anti War Films,47446
250,Vietnam Era Anti War Films,21335
250,Vietnam Era Anti War Films,81110
250,Vietnam Era Anti War Films,293982
250,Vietnam Era Anti War Films,39519
250,Vietnam Era Anti War Films,46688
250,Vietnam Era Anti War Films,34528
250,Vietnam Era Anti War Films,34530
250,Vietnam Era Anti War Films,1127274
250,Vietnam Era Anti War Films,491629
250,Vietnam Era Anti War Films,24559
250,Vietnam Era Anti War Films,10364
251,Meta Films About Filmmaking Process,47104
251,Meta Films About Filmmaking Process,376453
251,Meta Films About Filmmaking Process,390
251,Meta Films About Filmmaking Process,299782
251,Meta Films About Filmmaking Process,396042
251,Meta Films About Filmmaking Process,624788
251,Meta Films About Filmmaking Process,8088
251,Meta Films About Filmmaking Process,513434
251,Meta Films About Filmmaking Process,123678
251,Meta Films About Filmmaking Process,85535
251,Meta Films About Filmmaking Process,67742
251,Meta Films About Filmmaking Process,12456
251,Meta Films About Filmmaking Process,42160
251,Meta Films About Filmmaking Process,16305
251,Meta Films About Filmmaking Process,414770
251,Meta Films About Filmmaking Process,245684
251,Meta Films About Filmmaking Process,14005
251,Meta Films About Filmmaking Process,42164
251,Meta Films About Filmmaking Process,214069
251,Meta Films About Filmmaking Process,27834
251,Meta Films About Filmmaking Process,85692
251,Meta Films About Filmmaking Process,473021
251,Meta Films About Filmmaking Process,49600
251,Meta Films About Filmmaking Process,408265
251,Meta Films About Filmmaking Process,116811
251,Meta Films About Filmmaking Process,43981
251,Meta Films About Filmmaking Process,134350
251,Meta Films About Filmmaking Process,712143
251,Meta Films About Filmmaking Process,15186
251,Meta Films About Filmmaking Process,736343
251,Meta Films About Filmmaking Process,63320
251,Meta Films About Filmmaking Process,158936
251,Meta Films About Filmmaking Process,449758
251,Meta Films About Filmmaking Process,16351
251,Meta Films About Filmmaking Process,22752
251,Meta Films About Filmmaking Process,33250
251,Meta Films About Filmmaking Process,126563
251,Meta Films About Filmmaking Process,517731
251,Meta Films About Filmmaking Process,41446
251,Meta Films About Filmmaking Process,21991
251,Meta Films About Filmmaking Process,872
251,Meta Films About Filmmaking Process,251241
251,Meta Films About Filmmaking Process,1145065
251,Meta Films About Filmmaking Process,118257
251,Meta Films About Filmmaking Process,10873
251,Meta Films About Filmmaking Process,5759
252,Mentor Relationships Gone Complex,614917
252,Mentor Relationships Gone Complex,8967
252,Mentor Relationships Gone Complex,512263
252,Mentor Relationships Gone Complex,393
252,Mentor Relationships Gone Complex,705162
252,Mentor Relationships Gone Complex,40082
252,Mentor Relationships Gone Complex,430231
252,Mentor Relationships Gone Complex,159002
252,Mentor Relationships Gone Complex,79645
252,Mentor Relationships Gone Complex,20771
252,Mentor Relationships Gone Complex,5038
252,Mentor Relationships Gone Complex,18734
252,Mentor Relationships Gone Complex,42034
252,Mentor Relationships Gone Complex,89656
252,Mentor Relationships Gone Complex,570
252,Mentor Relationships Gone Complex,38843
252,Mentor Relationships Gone Complex,20544
252,Mentor Relationships Gone Complex,90560
252,Mentor Relationships Gone Complex,17993
252,Mentor Relationships Gone Complex,10954
252,Mentor Relationships Gone Complex,2251
252,Mentor Relationships Gone Complex,2892
252,Mentor Relationships Gone Complex,13771
252,Mentor Relationships Gone Complex,246860
252,Mentor Relationships Gone Complex,378064
252,Mentor Relationships Gone Complex,995413
252,Mentor Relationships Gone Complex,47959
252,Mentor Relationships Gone Complex,592984
252,Mentor Relationships Gone Complex,2137
252,Mentor Relationships Gone Complex,27609
252,Mentor Relationships Gone Complex,330457
252,Mentor Relationships Gone Complex,165213
252,Mentor Relationships Gone Complex,2912
252,Mentor Relationships Gone Complex,55650
252,Mentor Relationships Gone Complex,36971
252,Mentor Relationships Gone Complex,16620
252,Mentor Relationships Gone Complex,22256
252,Mentor Relationships Gone Complex,421233
252,Mentor Relationships Gone Complex,44919
252,Mentor Relationships Gone Complex,1913
252,Mentor Relationships Gone Complex,300667
252,Mentor Relationships Gone Complex,309245
253,Coastal Town Horror Settings,84993
253,Coastal Town Horror Settings,13186
253,Coastal Town Horror Settings,523139
253,Coastal Town Horror Settings,10885
253,Coastal Town Horror Settings,395
253,Coastal Town Horror Settings,779
253,Coastal Town Horror Settings,3597
253,Coastal Town Horror Settings,14605
253,Coastal Town Horror Settings,22033
253,Coastal Town Horror Settings,54801
253,Coastal Town Horror Settings,92562
253,Coastal Town Horror Settings,83223
253,Coastal Town Horror Settings,924
253,Coastal Town Horror Settings,207774
253,Coastal Town Horror Settings,10016
253,Coastal Town Horror Settings,93856
253,Coastal Town Horror Settings,11298
253,Coastal Town Horror Settings,675
253,Coastal Town Horror Settings,61988
253,Coastal Town Horror Settings,8869
253,Coastal Town Horror Settings,299939
253,Coastal Town Horror Settings,31655
253,Coastal Town Horror Settings,118957
253,Coastal Town Horror Settings,18352
253,Coastal Town Horror Settings,28594
253,Coastal Town Horror Settings,250546
253,Coastal Town Horror Settings,571
253,Coastal Town Horror Settings,11071
253,Coastal Town Horror Settings,241855
253,Coastal Town Horror Settings,9286
253,Coastal Town Horror Settings,11974
253,Coastal Town Horror Settings,375366
253,Coastal Town Horror Settings,354251
253,Coastal Town Horror Settings,588
253,Coastal Town Horror Settings,361292
253,Coastal Town Horror Settings,13006
253,Coastal Town Horror Settings,11217
253,Coastal Town Horror Settings,24789
253,Coastal Town Horror Settings,40149
253,Coastal Town Horror Settings,84188
253,Coastal Town Horror Settings,8413
253,Coastal Town Horror Settings,867
253,Coastal Town Horror Settings,40037
253,Coastal Town Horror Settings,11880
253,Coastal Town Horror Settings,15855
253,Coastal Town Horror Settings,27632
253,Coastal Town Horror Settings,254193
253,Coastal Town Horror Settings,5876
253,Coastal Town Horror Settings,10234
254,Female Friendship Over Romance Plots,11137
254,Female Friendship Over Romance Plots,2433
254,Female Friendship Over Romance Plots,28289
254,Female Friendship Over Romance Plots,45185
254,Female Friendship Over Romance Plots,82698
254,Female Friendship Over Romance Plots,397
254,Female Friendship Over Romance Plots,3085
254,Female Friendship Over Romance Plots,48781
254,Female Friendship Over Romance Plots,157843
254,Female Friendship Over Romance Plots,532
254,Female Friendship Over Romance Plots,536725
254,Female Friendship Over Romance Plots,31511
254,Female Friendship Over Romance Plots,10780
254,Female Friendship Over Romance Plots,41503
254,Female Friendship Over Romance Plots,544
254,Female Friendship Over Romance Plots,18851
254,Female Friendship Over Romance Plots,804
254,Female Friendship Over Romance Plots,8356
254,Female Friendship Over Romance Plots,24742
254,Female Friendship Over Romance Plots,625450
254,Female Friendship Over Romance Plots,51371
254,Female Friendship Over Romance Plots,27437
254,Female Friendship Over Romance Plots,41901
254,Female Friendship Over Romance Plots,146223
254,Female Friendship Over Romance Plots,32048
254,Female Friendship Over Romance Plots,131504
254,Female Friendship Over Romance Plots,109881
254,Female Friendship Over Romance Plots,9919
254,Female Friendship Over Romance Plots,70591
254,Female Friendship Over Romance Plots,61892
254,Female Friendship Over Romance Plots,9029
254,Female Friendship Over Romance Plots,494916
254,Female Friendship Over Romance Plots,27337
254,Female Friendship Over Romance Plots,12620
254,Female Friendship Over Romance Plots,14030
254,Female Friendship Over Romance Plots,9681
254,Female Friendship Over Romance Plots,91729
254,Female Friendship Over Romance Plots,70868
254,Female Friendship Over Romance Plots,26454
254,Female Friendship Over Romance Plots,8536
254,Female Friendship Over Romance Plots,43353
254,Female Friendship Over Romance Plots,330457
254,Female Friendship Over Romance Plots,110815
254,Female Friendship Over Romance Plots,10720
254,Female Friendship Over Romance Plots,62177
254,Female Friendship Over Romance Plots,43366
254,Female Friendship Over Romance Plots,56167
254,Female Friendship Over Romance Plots,10472
254,Female Friendship Over Romance Plots,24684
254,Female Friendship Over Romance Plots,14191
254,Female Friendship Over Romance Plots,23024
254,Female Friendship Over Romance Plots,759
254,Female Friendship Over Romance Plots,102651
254,Female Friendship Over Romance Plots,31998
255,Post Pulp Fiction Travolta Roles,9476
255,Post Pulp Fiction Travolta Roles,72197
255,Post Pulp Fiction Travolta Roles,831496
255,Post Pulp Fiction Travolta Roles,20874
255,Post Pulp Fiction Travolta Roles,1934
255,Post Pulp Fiction Travolta Roles,1062927
255,Post Pulp Fiction Travolta Roles,402
255,Post Pulp Fiction Travolta Roles,6037
255,Post Pulp Fiction Travolta Roles,6038
255,Post Pulp Fiction Travolta Roles,164251
255,Post Pulp Fiction Travolta Roles,10530
255,Post Pulp Fiction Travolta Roles,70436
255,Post Pulp Fiction Travolta Roles,565413
255,Post Pulp Fiction Travolta Roles,26662
255,Post Pulp Fiction Travolta Roles,31017
255,Post Pulp Fiction Travolta Roles,430126
255,Post Pulp Fiction Travolta Roles,11439
255,Post Pulp Fiction Travolta Roles,618162
255,Post Pulp Fiction Travolta Roles,1590
255,Post Pulp Fiction Travolta Roles,49852
255,Post Pulp Fiction Travolta Roles,17599
255,Post Pulp Fiction Travolta Roles,152259
255,Post Pulp Fiction Travolta Roles,376134
255,Post Pulp Fiction Travolta Roles,37959
255,Post Pulp Fiction Travolta Roles,21448
255,Post Pulp Fiction Travolta Roles,298313
255,Post Pulp Fiction Travolta Roles,2639
255,Post Pulp Fiction Travolta Roles,1364
255,Post Pulp Fiction Travolta Roles,597
255,Post Pulp Fiction Travolta Roles,9430
255,Post Pulp Fiction Travolta Roles,47956
255,Post Pulp Fiction Travolta Roles,82390
255,Post Pulp Fiction Travolta Roles,351454
255,Post Pulp Fiction Travolta Roles,52451
255,Post Pulp Fiction Travolta Roles,42471
255,Post Pulp Fiction Travolta Roles,1262
255,Post Pulp Fiction Travolta Roles,293742
255,Post Pulp Fiction Travolta Roles,2928
255,Post Pulp Fiction Travolta Roles,9208
255,Post Pulp Fiction Travolta Roles,49529
256,Southern Justice System Examination Films,768386
256,Southern Justice System Examination Films,113284
256,Southern Justice System Examination Films,903
256,Southern Justice System Examination Films,41480
256,Southern Justice System Examination Films,10377
256,Southern Justice System Examination Films,82311
256,Southern Justice System Examination Films,125582
256,Southern Justice System Examination Films,403
256,Southern Justice System Examination Films,40856
256,Southern Justice System Examination Films,13850
256,Southern Justice System Examination Films,40478
256,Southern Justice System Examination Films,31906
256,Southern Justice System Examination Films,58658
256,Southern Justice System Examination Films,31908
256,Southern Justice System Examination Films,12837
256,Southern Justice System Examination Films,50085
256,Southern Justice System Examination Films,70564
256,Southern Justice System Examination Films,12716
256,Southern Justice System Examination Films,31404
256,Southern Justice System Examination Films,1842
256,Southern Justice System Examination Films,106802
256,Southern Justice System Examination Films,1976
256,Southern Justice System Examination Films,37311
256,Southern Justice System Examination Films,7874
256,Southern Justice System Examination Films,13251
256,Southern Justice System Examination Films,113237
256,Southern Justice System Examination Films,37079
256,Southern Justice System Examination Films,68443
256,Southern Justice System Examination Films,47837
256,Southern Justice System Examination Films,22750
256,Southern Justice System Examination Films,233703
256,Southern Justice System Examination Films,30062
256,Southern Justice System Examination Films,117999
256,Southern Justice System Examination Films,31602
256,Southern Justice System Examination Films,35956
256,Southern Justice System Examination Films,210808
256,Southern Justice System Examination Films,43897
256,Southern Justice System Examination Films,528124
256,Southern Justice System Examination Films,159615
257,Too Late To Genre Party,92673
257,Too Late To Genre Party,774
257,Too Late To Genre Party,89862
257,Too Late To Genre Party,17169
257,Too Late To Genre Party,404
257,Too Late To Genre Party,173589
257,Too Late To Genre Party,58875
257,Too Late To Genre Party,74903
257,Too Late To Genre Party,310938
257,Too Late To Genre Party,30237
257,Too Late To Genre Party,10285
257,Too Late To Genre Party,6964
257,Too Late To Genre Party,481849
257,Too Late To Genre Party,60477
257,Too Late To Genre Party,588351
257,Too Late To Genre Party,189888
257,Too Late To Genre Party,207300
257,Too Late To Genre Party,47942
257,Too Late To Genre Party,28359
257,Too Late To Genre Party,95565
257,Too Late To Genre Party,146640
257,Too Late To Genre Party,1361
257,Too Late To Genre Party,26452
257,Too Late To Genre Party,298618
257,Too Late To Genre Party,79194
257,Too Late To Genre Party,105053
257,Too Late To Genre Party,24675
257,Too Late To Genre Party,108387
257,Too Late To Genre Party,194532
257,Too Late To Genre Party,42601
257,Too Late To Genre Party,44009
257,Too Late To Genre Party,17006
257,Too Late To Genre Party,27886
257,Too Late To Genre Party,28784
257,Too Late To Genre Party,45935
257,Too Late To Genre Party,55152
257,Too Late To Genre Party,15991
257,Too Late To Genre Party,72826
257,Too Late To Genre Party,18299
257,Too Late To Genre Party,38269
258,Streets of Rome as Character,1281
258,Streets of Rome as Character,429698
258,Streets of Rome as Character,703745
258,Streets of Rome as Character,61829
258,Streets of Rome as Character,348678
258,Streets of Rome as Character,14728
258,Streets of Rome as Character,6155
258,Streets of Rome as Character,67600
258,Streets of Rome as Character,9874
258,Streets of Rome as Character,26259
258,Streets of Rome as Character,84626
258,Streets of Rome as Character,406
258,Streets of Rome as Character,25623
258,Streets of Rome as Character,666390
258,Streets of Rome as Character,16284
258,Streets of Rome as Character,1824
258,Streets of Rome as Character,1572
258,Streets of Rome as Character,66599
258,Streets of Rome as Character,811
258,Streets of Rome as Character,43307
258,Streets of Rome as Character,100271
258,Streets of Rome as Character,11185
258,Streets of Rome as Character,18993
258,Streets of Rome as Character,1846
258,Streets of Rome as Character,22582
258,Streets of Rome as Character,56251
258,Streets of Rome as Character,319297
258,Streets of Rome as Character,114372
258,Streets of Rome as Character,718789
258,Streets of Rome as Character,582
258,Streets of Rome as Character,2119
258,Streets of Rome as Character,283591
258,Streets of Rome as Character,4809
258,Streets of Rome as Character,11338
258,Streets of Rome as Character,128204
258,Streets of Rome as Character,10703
258,Streets of Rome as Character,4688
258,Streets of Rome as Character,1130711
258,Streets of Rome as Character,990
258,Streets of Rome as Character,55777
258,Streets of Rome as Character,28131
258,Streets of Rome as Character,2789
258,Streets of Rome as Character,11878
258,Streets of Rome as Character,75877
258,Streets of Rome as Character,290149
258,Streets of Rome as Character,5994
258,Streets of Rome as Character,41712
258,Streets of Rome as Character,35068
259,Banality of Evil Cinema,13570
259,Banality of Evil Cinema,126594
259,Banality of Evil Cinema,55943
259,Banality of Evil Cinema,43788
259,Banality of Evil Cinema,22543
259,Banality of Evil Cinema,1434256
259,Banality of Evil Cinema,1813
259,Banality of Evil Cinema,33813
259,Banality of Evil Cinema,408
259,Banality of Evil Cinema,411
259,Banality of Evil Cinema,29339
259,Banality of Evil Cinema,41115
259,Banality of Evil Cinema,150043
259,Banality of Evil Cinema,22688
259,Banality of Evil Cinema,55971
259,Banality of Evil Cinema,805
259,Banality of Evil Cinema,62630
259,Banality of Evil Cinema,126759
259,Banality of Evil Cinema,62761
259,Banality of Evil Cinema,467244
259,Banality of Evil Cinema,250546
259,Banality of Evil Cinema,716594
259,Banality of Evil Cinema,821
259,Banality of Evil Cinema,35896
259,Banality of Evil Cinema,10426
259,Banality of Evil Cinema,339259
259,Banality of Evil Cinema,57789
259,Banality of Evil Cinema,575
259,Banality of Evil Cinema,73792
259,Banality of Evil Cinema,9411
259,Banality of Evil Cinema,25284
259,Banality of Evil Cinema,55368
259,Banality of Evil Cinema,49096
259,Banality of Evil Cinema,200919
259,Banality of Evil Cinema,5336
259,Banality of Evil Cinema,211672
259,Banality of Evil Cinema,10206
259,Banality of Evil Cinema,58595
259,Banality of Evil Cinema,21734
259,Banality of Evil Cinema,74727
259,Banality of Evil Cinema,9064
259,Banality of Evil Cinema,282984
259,Banality of Evil Cinema,768744
259,Banality of Evil Cinema,10349
259,Banality of Evil Cinema,56815
259,Banality of Evil Cinema,343668
259,Banality of Evil Cinema,12410
259,Banality of Evil Cinema,62843
260,Folk Hero Origin Story Films,1282
260,Folk Hero Origin Story Films,1924
260,Folk Hero Origin Story Films,93061
260,Folk Hero Origin Story Films,1341061
260,Folk Hero Origin Story Films,118407
260,Folk Hero Origin Story Films,771464
260,Folk Hero Origin Story Films,118153
260,Folk Hero Origin Story Films,9738
260,Folk Hero Origin Story Films,492427
260,Folk Hero Origin Story Films,940935
260,Folk Hero Origin Story Films,909
260,Folk Hero Origin Story Films,420622
260,Folk Hero Origin Story Films,245775
260,Folk Hero Origin Story Films,42512
260,Folk Hero Origin Story Films,21137
260,Folk Hero Origin Story Films,503314
260,Folk Hero Origin Story Films,532
260,Folk Hero Origin Story Films,121623
260,Folk Hero Origin Story Films,408
260,Folk Hero Origin Story Films,10139
260,Folk Hero Origin Story Films,414
260,Folk Hero Origin Story Films,116767
260,Folk Hero Origin Story Films,7840
260,Folk Hero Origin Story Films,130593
260,Folk Hero Origin Story Films,250658
260,Folk Hero Origin Story Films,632225
260,Folk Hero Origin Story Films,86822
260,Folk Hero Origin Story Films,37799
260,Folk Hero Origin Story Films,439079
260,Folk Hero Origin Story Films,258489
260,Folk Hero Origin Story Films,157117
260,Folk Hero Origin Story Films,1726
260,Folk Hero Origin Story Films,2750
260,Folk Hero Origin Story Films,29630
260,Folk Hero Origin Story Films,108222
260,Folk Hero Origin Story Films,70981
260,Folk Hero Origin Story Films,115782
260,Folk Hero Origin Story Films,568005
260,Folk Hero Origin Story Films,409035
260,Folk Hero Origin Story Films,40663
260,Folk Hero Origin Story Films,13400
260,Folk Hero Origin Story Films,14299
260,Folk Hero Origin Story Films,318044
260,Folk Hero Origin Story Films,14813
260,Folk Hero Origin Story Films,277216
260,Folk Hero Origin Story Films,90980
260,Folk Hero Origin Story Films,106344
260,Folk Hero Origin Story Films,18153
260,Folk Hero Origin Story Films,111479
260,Folk Hero Origin Story Films,338928
260,Folk Hero Origin Story Films,74482
260,Folk Hero Origin Story Films,382322
260,Folk Hero Origin Story Films,21494
260,Folk Hero Origin Story Films,26615
260,Folk Hero Origin Story Films,332283
260,Folk Hero Origin Story Films,9597
261,Mid 90s Die Hard Inspired,11008
261,Mid 90s Die Hard Inspired,17414
261,Mid 90s Die Hard Inspired,8839
261,Mid 90s Die Hard Inspired,6280
261,Mid 90s Die Hard Inspired,36998
261,Mid 90s Die Hard Inspired,34444
261,Mid 90s Die Hard Inspired,48781
261,Mid 90s Die Hard Inspired,39310
261,Mid 90s Die Hard Inspired,31504
261,Mid 90s Die Hard Inspired,125077
261,Mid 90s Die Hard Inspired,9879
261,Mid 90s Die Hard Inspired,23449
261,Mid 90s Die Hard Inspired,20762
261,Mid 90s Die Hard Inspired,10525
261,Mid 90s Die Hard Inspired,414
261,Mid 90s Die Hard Inspired,17182
261,Mid 90s Die Hard Inspired,40480
261,Mid 90s Die Hard Inspired,1572
261,Mid 90s Die Hard Inspired,807
261,Mid 90s Die Hard Inspired,10535
261,Mid 90s Die Hard Inspired,40490
261,Mid 90s Die Hard Inspired,36141
261,Mid 90s Die Hard Inspired,44465
261,Mid 90s Die Hard Inspired,75826
261,Mid 90s Die Hard Inspired,10547
261,Mid 90s Die Hard Inspired,9268
261,Mid 90s Die Hard Inspired,9271
261,Mid 90s Die Hard Inspired,8766
261,Mid 90s Die Hard Inspired,9536
261,Mid 90s Die Hard Inspired,958277
261,Mid 90s Die Hard Inspired,132938
261,Mid 90s Die Hard Inspired,2636
261,Mid 90s Die Hard Inspired,11472
261,Mid 90s Die Hard Inspired,11858
261,Mid 90s Die Hard Inspired,854
261,Mid 90s Die Hard Inspired,11863
261,Mid 90s Die Hard Inspired,10329
261,Mid 90s Die Hard Inspired,11228
261,Mid 90s Die Hard Inspired,9057
261,Mid 90s Die Hard Inspired,18402
261,Mid 90s Die Hard Inspired,11107
261,Mid 90s Die Hard Inspired,11363
261,Mid 90s Die Hard Inspired,2021
261,Mid 90s Die Hard Inspired,80612
261,Mid 90s Die Hard Inspired,3049
261,Mid 90s Die Hard Inspired,1642
261,Mid 90s Die Hard Inspired,181618
261,Mid 90s Die Hard Inspired,18420
261,Mid 90s Die Hard Inspired,18550
261,Mid 90s Die Hard Inspired,68342
261,Mid 90s Die Hard Inspired,11517
262,Made For TV Shark Movies,14208
262,Made For TV Shark Movies,15360
262,Made For TV Shark Movies,22273
262,Made For TV Shark Movies,32128
262,Made For TV Shark Movies,151687
262,Made For TV Shark Movies,14728
262,Made For TV Shark Movies,314762
262,Made For TV Shark Movies,16907
262,Made For TV Shark Movies,11790
262,Made For TV Shark Movies,94482
262,Made For TV Shark Movies,25109
262,Made For TV Shark Movies,32790
262,Made For TV Shark Movies,414
262,Made For TV Shark Movies,81440
262,Made For TV Shark Movies,55457
262,Made For TV Shark Movies,31010
262,Made For TV Shark Movies,20771
262,Made For TV Shark Movies,35115
262,Made For TV Shark Movies,37931
262,Made For TV Shark Movies,1463597
262,Made For TV Shark Movies,113582
262,Made For TV Shark Movies,27569
262,Made For TV Shark Movies,22450
262,Made For TV Shark Movies,241589
262,Made For TV Shark Movies,11959
262,Made For TV Shark Movies,15671
262,Made For TV Shark Movies,86330
262,Made For TV Shark Movies,44732
262,Made For TV Shark Movies,188222
262,Made For TV Shark Movies,79935
262,Made For TV Shark Movies,31044
262,Made For TV Shark Movies,52805
262,Made For TV Shark Movies,477510
262,Made For TV Shark Movies,839
262,Made For TV Shark Movies,59977
262,Made For TV Shark Movies,50506
262,Made For TV Shark Movies,26702
262,Made For TV Shark Movies,52304
262,Made For TV Shark Movies,130267
262,Made For TV Shark Movies,10206
262,Made For TV Shark Movies,161374
262,Made For TV Shark Movies,7012
262,Made For TV Shark Movies,138852
262,Made For TV Shark Movies,26602
262,Made For TV Shark Movies,1265136
262,Made For TV Shark Movies,2164
262,Made For TV Shark Movies,16508
262,Made For TV Shark Movies,174078
262,Made For TV Shark Movies,14207
263,Revenge to Redemption Character Arcs,223361
263,Revenge to Redemption Character Arcs,13188
263,Revenge to Redemption Character Arcs,2055
263,Revenge to Redemption Character Arcs,82695
263,Revenge to Redemption Character Arcs,622855
263,Revenge to Redemption Character Arcs,33813
263,Revenge to Redemption Character Arcs,31510
263,Revenge to Redemption Character Arcs,10147
263,Revenge to Redemption Character Arcs,10275
263,Revenge to Redemption Character Arcs,629542
263,Revenge to Redemption Character Arcs,11688
263,Revenge to Redemption Character Arcs,425
263,Revenge to Redemption Character Arcs,19884
263,Revenge to Redemption Character Arcs,18989
263,Revenge to Redemption Character Arcs,9647
263,Revenge to Redemption Character Arcs,12335
263,Revenge to Redemption Character Arcs,76341
263,Revenge to Redemption Character Arcs,1976
263,Revenge to Redemption Character Arcs,103747
263,Revenge to Redemption Character Arcs,55240
263,Revenge to Redemption Character Arcs,24010
263,Revenge to Redemption Character Arcs,38732
263,Revenge to Redemption Character Arcs,15567
263,Revenge to Redemption Character Arcs,10576
263,Revenge to Redemption Character Arcs,31439
263,Revenge to Redemption Character Arcs,9942
263,Revenge to Redemption Character Arcs,9559
263,Revenge to Redemption Character Arcs,493529
263,Revenge to Redemption Character Arcs,44638
263,Revenge to Redemption Character Arcs,271969
263,Revenge to Redemption Character Arcs,75622
263,Revenge to Redemption Character Arcs,114150
263,Revenge to Redemption Character Arcs,109417
263,Revenge to Redemption Character Arcs,879
263,Revenge to Redemption Character Arcs,102651
263,Revenge to Redemption Character Arcs,43893
263,Revenge to Redemption Character Arcs,2042
263,Revenge to Redemption Character Arcs,10747
263,Revenge to Redemption Character Arcs,69631
264,Female Power In Male Courts,662401
264,Female Power In Male Courts,16902
264,Female Power In Male Courts,521
264,Female Power In Male Courts,40842
264,Female Power In Male Courts,70410
264,Female Power In Male Courts,82698
264,Female Power In Male Courts,85129
264,Female Power In Male Courts,3086
264,Female Power In Male Courts,24212
264,Female Power In Male Courts,152599
264,Female Power In Male Courts,137113
264,Female Power In Male Courts,42266
264,Female Power In Male Courts,164251
264,Female Power In Male Courts,90022
264,Female Power In Male Courts,13993
264,Female Power In Male Courts,426
264,Female Power In Male Courts,17834
264,Female Power In Male Courts,40365
264,Female Power In Male Courts,32430
264,Female Power In Male Courts,1590
264,Female Power In Male Courts,570
264,Female Power In Male Courts,257211
264,Female Power In Male Courts,39486
264,Female Power In Male Courts,1991
264,Female Power In Male Courts,68295
264,Female Power In Male Courts,273481
264,Female Power In Male Courts,420808
264,Female Power In Male Courts,396371
264,Female Power In Male Courts,22233
264,Female Power In Male Courts,130398
264,Female Power In Male Courts,11231
264,Female Power In Male Courts,6623
264,Female Power In Male Courts,616037
264,Female Power In Male Courts,9576
264,Female Power In Male Courts,9451
264,Female Power In Male Courts,413548
264,Female Power In Male Courts,880
264,Female Power In Male Courts,14449
264,Female Power In Male Courts,923632
264,Female Power In Male Courts,886
264,Female Power In Male Courts,127864
265,Corporate Science Gone Wrong Horror,9989
265,Corporate Science Gone Wrong Horror,32389
265,Corporate Science Gone Wrong Horror,504585
265,Corporate Science Gone Wrong Horror,1930
265,Corporate Science Gone Wrong Horror,5898
265,Corporate Science Gone Wrong Horror,192141
265,Corporate Science Gone Wrong Horror,341006
265,Corporate Science Gone Wrong Horror,2322
265,Corporate Science Gone Wrong Horror,92562
265,Corporate Science Gone Wrong Horror,1259413
265,Corporate Science Gone Wrong Horror,36246
265,Corporate Science Gone Wrong Horror,134679
265,Corporate Science Gone Wrong Horror,8984
265,Corporate Science Gone Wrong Horror,53404
265,Corporate Science Gone Wrong Horror,29343
265,Corporate Science Gone Wrong Horror,40480
265,Corporate Science Gone Wrong Horror,70435
265,Corporate Science Gone Wrong Horror,14372
265,Corporate Science Gone Wrong Horror,1702
265,Corporate Science Gone Wrong Horror,27431
265,Corporate Science Gone Wrong Horror,347945
265,Corporate Science Gone Wrong Horror,384682
265,Corporate Science Gone Wrong Horror,109099
265,Corporate Science Gone Wrong Horror,430
265,Corporate Science Gone Wrong Horror,55215
265,Corporate Science Gone Wrong Horror,377264
265,Corporate Science Gone Wrong Horror,21430
265,Corporate Science Gone Wrong Horror,351286
265,Corporate Science Gone Wrong Horror,2362
265,Corporate Science Gone Wrong Horror,9407
265,Corporate Science Gone Wrong Horror,338762
265,Corporate Science Gone Wrong Horror,37707
265,Corporate Science Gone Wrong Horror,896204
265,Corporate Science Gone Wrong Horror,530254
265,Corporate Science Gone Wrong Horror,5072
265,Corporate Science Gone Wrong Horror,892113
265,Corporate Science Gone Wrong Horror,8914
265,Corporate Science Gone Wrong Horror,7512
265,Corporate Science Gone Wrong Horror,15450
265,Corporate Science Gone Wrong Horror,39002
265,Corporate Science Gone Wrong Horror,9067
265,Corporate Science Gone Wrong Horror,12145
265,Corporate Science Gone Wrong Horror,12531
265,Corporate Science Gone Wrong Horror,431479
265,Corporate Science Gone Wrong Horror,36217
265,Corporate Science Gone Wrong Horror,73723
265,Corporate Science Gone Wrong Horror,42493
265,Corporate Science Gone Wrong Horror,86782
266,Rapid Fire Dialogue Classic Films,39554
266,Rapid Fire Dialogue Classic Films,900
266,Rapid Fire Dialogue Classic Films,10763
266,Rapid Fire Dialogue Classic Films,1807
266,Rapid Fire Dialogue Classic Films,23567
266,Rapid Fire Dialogue Classic Films,18841
266,Rapid Fire Dialogue Classic Films,5279
266,Rapid Fire Dialogue Classic Films,321697
266,Rapid Fire Dialogue Classic Films,11939
266,Rapid Fire Dialogue Classic Films,31656
266,Rapid Fire Dialogue Classic Films,102443
266,Rapid Fire Dialogue Classic Films,430
266,Rapid Fire Dialogue Classic Films,58416
266,Rapid Fire Dialogue Classic Films,29884
266,Rapid Fire Dialogue Classic Films,395841
266,Rapid Fire Dialogue Classic Films,963
266,Rapid Fire Dialogue Classic Films,3529
266,Rapid Fire Dialogue Classic Films,21449
266,Rapid Fire Dialogue Classic Films,1483
266,Rapid Fire Dialogue Classic Films,399049
266,Rapid Fire Dialogue Classic Films,473033
266,Rapid Fire Dialogue Classic Films,489929
266,Rapid Fire Dialogue Classic Films,13913
266,Rapid Fire Dialogue Classic Films,39130
266,Rapid Fire Dialogue Classic Films,582874
266,Rapid Fire Dialogue Classic Films,3173
266,Rapid Fire Dialogue Classic Films,82169
266,Rapid Fire Dialogue Classic Films,21991
266,Rapid Fire Dialogue Classic Films,42987
266,Rapid Fire Dialogue Classic Films,273899
266,Rapid Fire Dialogue Classic Films,84208
266,Rapid Fire Dialogue Classic Films,59892
266,Rapid Fire Dialogue Classic Films,3063
266,Rapid Fire Dialogue Classic Films,19833
266,Rapid Fire Dialogue Classic Films,13562
266,Rapid Fire Dialogue Classic Films,241535
267,Mid Nineties B Grade Action,3072
267,Mid Nineties B Grade Action,42881
267,Mid Nineties B Grade Action,36355
267,Mid Nineties B Grade Action,19846
267,Mid Nineties B Grade Action,28808
267,Mid Nineties B Grade Action,9482
267,Mid Nineties B Grade Action,8844
267,Mid Nineties B Grade Action,22796
267,Mid Nineties B Grade Action,2069
267,Mid Nineties B Grade Action,9877
267,Mid Nineties B Grade Action,210071
267,Mid Nineties B Grade Action,344600
267,Mid Nineties B Grade Action,11419
267,Mid Nineties B Grade Action,11425
267,Mid Nineties B Grade Action,27681
267,Mid Nineties B Grade Action,128167
267,Mid Nineties B Grade Action,17832
267,Mid Nineties B Grade Action,34729
267,Mid Nineties B Grade Action,431
267,Mid Nineties B Grade Action,52143
267,Mid Nineties B Grade Action,142132
267,Mid Nineties B Grade Action,11317
267,Mid Nineties B Grade Action,8374
267,Mid Nineties B Grade Action,7095
267,Mid Nineties B Grade Action,3512
267,Mid Nineties B Grade Action,2105
267,Mid Nineties B Grade Action,18998
267,Mid Nineties B Grade Action,2109
267,Mid Nineties B Grade Action,18762
267,Mid Nineties B Grade Action,2636
267,Mid Nineties B Grade Action,10447
267,Mid Nineties B Grade Action,24662
267,Mid Nineties B Grade Action,19287
267,Mid Nineties B Grade Action,9819
267,Mid Nineties B Grade Action,54111
267,Mid Nineties B Grade Action,9313
267,Mid Nineties B Grade Action,9059
267,Mid Nineties B Grade Action,28260
267,Mid Nineties B Grade Action,1637
267,Mid Nineties B Grade Action,9061
267,Mid Nineties B Grade Action,1639
267,Mid Nineties B Grade Action,16231
267,Mid Nineties B Grade Action,21349
267,Mid Nineties B Grade Action,72933
267,Mid Nineties B Grade Action,16112
267,Mid Nineties B Grade Action,14578
267,Mid Nineties B Grade Action,2164
267,Mid Nineties B Grade Action,26103
267,Mid Nineties B Grade Action,888
267,Mid Nineties B Grade Action,9466
267,Mid Nineties B Grade Action,638
268,Genre Transcending Horror Movies,40833
268,Genre Transcending Horror Movies,13186
268,Genre Transcending Horror Movies,44548
268,Genre Transcending Horror Movies,28679
268,Genre Transcending Horror Movies,19592
268,Genre Transcending Horror Movies,1005320
268,Genre Transcending Horror Movies,84107
268,Genre Transcending Horror Movies,29453
268,Genre Transcending Horror Movies,225549
268,Genre Transcending Horror Movies,26774
268,Genre Transcending Horror Movies,10391
268,Genre Transcending Horror Movies,44184
268,Genre Transcending Horror Movies,92182
268,Genre Transcending Horror Movies,586265
268,Genre Transcending Horror Movies,745881
268,Genre Transcending Horror Movies,368031
268,Genre Transcending Horror Movies,27814
268,Genre Transcending Horror Movies,90793
268,Genre Transcending Horror Movies,258475
268,Genre Transcending Horror Movies,9902
268,Genre Transcending Horror Movies,431
268,Genre Transcending Horror Movies,549435
268,Genre Transcending Horror Movies,9532
268,Genre Transcending Horror Movies,44732
268,Genre Transcending Horror Movies,138941
268,Genre Transcending Horror Movies,30924
268,Genre Transcending Horror Movies,3149
268,Genre Transcending Horror Movies,5072
268,Genre Transcending Horror Movies,9424
268,Genre Transcending Horror Movies,16337
268,Genre Transcending Horror Movies,98903
268,Genre Transcending Horror Movies,3162
268,Genre Transcending Horror Movies,28762
268,Genre Transcending Horror Movies,9570
268,Genre Transcending Horror Movies,22882
268,Genre Transcending Horror Movies,36095
268,Genre Transcending Horror Movies,505063
268,Genre Transcending Horror Movies,10984
268,Genre Transcending Horror Movies,8555
268,Genre Transcending Horror Movies,78075
268,Genre Transcending Horror Movies,503919
268,Genre Transcending Horror Movies,763
268,Genre Transcending Horror Movies,19197
268,Genre Transcending Horror Movies,25983
269,Criminal Mind Transfer Horror,640
269,Criminal Mind Transfer Horror,8065
269,Criminal Mind Transfer Horror,120329
269,Criminal Mind Transfer Horror,2061
269,Criminal Mind Transfer Horror,260496
269,Criminal Mind Transfer Horror,32146
269,Criminal Mind Transfer Horror,22803
269,Criminal Mind Transfer Horror,1818
269,Criminal Mind Transfer Horror,540
269,Criminal Mind Transfer Horror,1949
269,Criminal Mind Transfer Horror,26652
269,Criminal Mind Transfer Horror,109091
269,Criminal Mind Transfer Horror,524323
269,Criminal Mind Transfer Horror,1830
269,Criminal Mind Transfer Horror,43046
269,Criminal Mind Transfer Horror,156326
269,Criminal Mind Transfer Horror,26923
269,Criminal Mind Transfer Horror,78507
269,Criminal Mind Transfer Horror,96171
269,Criminal Mind Transfer Horror,12206
269,Criminal Mind Transfer Horror,64690
269,Criminal Mind Transfer Horror,436
269,Criminal Mind Transfer Horror,10551
269,Criminal Mind Transfer Horror,10168
269,Criminal Mind Transfer Horror,38842
269,Criminal Mind Transfer Horror,146238
269,Criminal Mind Transfer Horror,56256
269,Criminal Mind Transfer Horror,512195
269,Criminal Mind Transfer Horror,38346
269,Criminal Mind Transfer Horror,14412
269,Criminal Mind Transfer Horror,413133
269,Criminal Mind Transfer Horror,21454
269,Criminal Mind Transfer Horror,22479
269,Criminal Mind Transfer Horror,988751
269,Criminal Mind Transfer Horror,796499
269,Criminal Mind Transfer Horror,9558
269,Criminal Mind Transfer Horror,34652
269,Criminal Mind Transfer Horror,42716
269,Criminal Mind Transfer Horror,240477
269,Criminal Mind Transfer Horror,9696
269,Criminal Mind Transfer Horror,21344
269,Criminal Mind Transfer Horror,22112
269,Criminal Mind Transfer Horror,18533
269,Criminal Mind Transfer Horror,16617
269,Criminal Mind Transfer Horror,26220
269,Criminal Mind Transfer Horror,255343
269,Criminal Mind Transfer Horror,13552
269,Criminal Mind Transfer Horror,17136
269,Criminal Mind Transfer Horror,26610
269,Criminal Mind Transfer Horror,755
269,Criminal Mind Transfer Horror,13428
269,Criminal Mind Transfer Horror,20723
269,Criminal Mind Transfer Horror,27505
269,Criminal Mind Transfer Horror,44023
269,Criminal Mind Transfer Horror,68979
269,Criminal Mind Transfer Horror,29182
270,Neo Realist Influenced American Films,1540
270,Neo Realist Influenced American Films,12548
270,Neo Realist Influenced American Films,394117
270,Neo Realist Influenced American Films,550278
270,Neo Realist Influenced American Films,578701
270,Neo Realist Influenced American Films,65550
270,Neo Realist Influenced American Films,38164
270,Neo Realist Influenced American Films,415253
270,Neo Realist Influenced American Films,614292
270,Neo Realist Influenced American Films,452000
270,Neo Realist Influenced American Films,20769
270,Neo Realist Influenced American Films,58658
270,Neo Realist Influenced American Films,932
270,Neo Realist Influenced American Films,42150
270,Neo Realist Influenced American Films,632617
270,Neo Realist Influenced American Films,44085
270,Neo Realist Influenced American Films,517814
270,Neo Realist Influenced American Films,439
270,Neo Realist Influenced American Films,43194
270,Neo Realist Influenced American Films,43322
270,Neo Realist Influenced American Films,42690
270,Neo Realist Influenced American Films,15555
270,Neo Realist Influenced American Films,14788
270,Neo Realist Influenced American Films,39495
270,Neo Realist Influenced American Films,43980
270,Neo Realist Influenced American Films,446159
270,Neo Realist Influenced American Films,31058
270,Neo Realist Influenced American Films,25695
270,Neo Realist Influenced American Films,285024
270,Neo Realist Influenced American Films,16993
270,Neo Realist Influenced American Films,26337
270,Neo Realist Influenced American Films,49125
270,Neo Realist Influenced American Films,8422
270,Neo Realist Influenced American Films,7015
270,Neo Realist Influenced American Films,363367
270,Neo Realist Influenced American Films,8939
270,Neo Realist Influenced American Films,210925
270,Neo Realist Influenced American Films,12659
270,Neo Realist Influenced American Films,520318
270,Neo Realist Influenced American Films,43774
270,Neo Realist Influenced American Films,154623
271,Rubber Suit Monster Movies,3200
271,Rubber Suit Monster Movies,40833
271,Rubber Suit Monster Movies,49158
271,Rubber Suit Monster Movies,31116
271,Rubber Suit Monster Movies,115084
271,Rubber Suit Monster Movies,9360
271,Rubber Suit Monster Movies,11152
271,Rubber Suit Monster Movies,40466
271,Rubber Suit Monster Movies,8851
271,Rubber Suit Monster Movies,69780
271,Rubber Suit Monster Movies,18966
271,Rubber Suit Monster Movies,44184
271,Rubber Suit Monster Movies,2981
271,Rubber Suit Monster Movies,8869
271,Rubber Suit Monster Movies,22440
271,Rubber Suit Monster Movies,20787
271,Rubber Suit Monster Movies,46261
271,Rubber Suit Monster Movies,138038
271,Rubber Suit Monster Movies,440
271,Rubber Suit Monster Movies,460218
271,Rubber Suit Monster Movies,53949
271,Rubber Suit Monster Movies,37441
271,Rubber Suit Monster Movies,31947
271,Rubber Suit Monster Movies,40059
271,Rubber Suit Monster Movies,42699
271,Rubber Suit Monster Movies,27726
271,Rubber Suit Monster Movies,3022
271,Rubber Suit Monster Movies,1359
271,Rubber Suit Monster Movies,18256
271,Rubber Suit Monster Movies,40146
271,Rubber Suit Monster Movies,19158
271,Rubber Suit Monster Movies,28763
271,Rubber Suit Monster Movies,31072
271,Rubber Suit Monster Movies,9825
271,Rubber Suit Monster Movies,43109
271,Rubber Suit Monster Movies,40039
271,Rubber Suit Monster Movies,38120
271,Rubber Suit Monster Movies,42218
271,Rubber Suit Monster Movies,9707
271,Rubber Suit Monster Movies,9457
271,Rubber Suit Monster Movies,39154
271,Rubber Suit Monster Movies,43249
271,Rubber Suit Monster Movies,57203
271,Rubber Suit Monster Movies,54133
271,Rubber Suit Monster Movies,38267
272,Cold War Alien Paranoia Films,17921
272,Cold War Alien Paranoia Films,29570
272,Cold War Alien Paranoia Films,29058
272,Cold War Alien Paranoia Films,44932
272,Cold War Alien Paranoia Films,31240
272,Cold War Alien Paranoia Films,29065
272,Cold War Alien Paranoia Films,61194
272,Cold War Alien Paranoia Films,38417
272,Cold War Alien Paranoia Films,5780
272,Cold War Alien Paranoia Films,24214
272,Cold War Alien Paranoia Films,11549
272,Cold War Alien Paranoia Films,31909
272,Cold War Alien Paranoia Films,26278
272,Cold War Alien Paranoia Films,935
272,Cold War Alien Paranoia Films,27568
272,Cold War Alien Paranoia Films,4918
272,Cold War Alien Paranoia Films,27576
272,Cold War Alien Paranoia Films,29627
272,Cold War Alien Paranoia Films,4926
272,Cold War Alien Paranoia Films,42690
272,Cold War Alien Paranoia Films,1091
272,Cold War Alien Paranoia Films,109122
272,Cold War Alien Paranoia Films,453
272,Cold War Alien Paranoia Films,35139
272,Cold War Alien Paranoia Films,46148
272,Cold War Alien Paranoia Films,20424
272,Cold War Alien Paranoia Films,22090
272,Cold War Alien Paranoia Films,27978
272,Cold War Alien Paranoia Films,43341
272,Cold War Alien Paranoia Films,12239
272,Cold War Alien Paranoia Films,25557
272,Cold War Alien Paranoia Films,982
272,Cold War Alien Paranoia Films,1880
272,Cold War Alien Paranoia Films,12505
272,Cold War Alien Paranoia Films,23518
272,Cold War Alien Paranoia Films,11622
272,Cold War Alien Paranoia Films,84844
272,Cold War Alien Paranoia Films,49517
272,Cold War Alien Paranoia Films,1775
272,Cold War Alien Paranoia Films,15983
272,Cold War Alien Paranoia Films,565743
272,Cold War Alien Paranoia Films,4722
272,Cold War Alien Paranoia Films,9077
272,Cold War Alien Paranoia Films,11773
272,Cold War Alien Paranoia Films,43391
273,Cultural Identity Crisis Films,35200
273,Cultural Identity Crisis Films,78715
273,Cultural Identity Crisis Films,70916
273,Cultural Identity Crisis Films,461957
273,Cultural Identity Crisis Films,124680
273,Cultural Identity Crisis Films,266764
273,Cultural Identity Crisis Films,53016
273,Cultural Identity Crisis Films,36250
273,Cultural Identity Crisis Films,4507
273,Cultural Identity Crisis Films,11421
273,Cultural Identity Crisis Films,30366
273,Cultural Identity Crisis Films,544415
273,Cultural Identity Crisis Films,167073
273,Cultural Identity Crisis Films,674723
273,Cultural Identity Crisis Films,176167
273,Cultural Identity Crisis Films,121257
273,Cultural Identity Crisis Films,45996
273,Cultural Identity Crisis Films,124460
273,Cultural Identity Crisis Films,116014
273,Cultural Identity Crisis Films,14587
273,Cultural Identity Crisis Films,36273
273,Cultural Identity Crisis Films,1591
273,Cultural Identity Crisis Films,443960
273,Cultural Identity Crisis Films,42175
273,Cultural Identity Crisis Films,37185
273,Cultural Identity Crisis Films,455
273,Cultural Identity Crisis Films,502216
273,Cultural Identity Crisis Films,315465
273,Cultural Identity Crisis Films,428498
273,Cultural Identity Crisis Films,43219
273,Cultural Identity Crisis Films,167124
273,Cultural Identity Crisis Films,10451
273,Cultural Identity Crisis Films,14676
273,Cultural Identity Crisis Films,809312
273,Cultural Identity Crisis Films,653665
273,Cultural Identity Crisis Films,47075
273,Cultural Identity Crisis Films,664423
273,Cultural Identity Crisis Films,53879
273,Cultural Identity Crisis Films,463353
273,Cultural Identity Crisis Films,38135
273,Cultural Identity Crisis Films,128124
274,Found Family Among Social Outcasts,10757
274,Found Family Among Social Outcasts,644495
274,Found Family Among Social Outcasts,49680
274,Found Family Among Social Outcasts,491418
274,Found Family Among Social Outcasts,84892
274,Found Family Among Social Outcasts,139038
274,Found Family Among Social Outcasts,185633
274,Found Family Among Social Outcasts,62883
274,Found Family Among Social Outcasts,28712
274,Found Family Among Social Outcasts,86825
274,Found Family Among Social Outcasts,9772
274,Found Family Among Social Outcasts,9261
274,Found Family Among Social Outcasts,31662
274,Found Family Among Social Outcasts,159407
274,Found Family Among Social Outcasts,244268
274,Found Family Among Social Outcasts,776110
274,Found Family Among Social Outcasts,2617
274,Found Family Among Social Outcasts,668091
274,Found Family Among Social Outcasts,425148
274,Found Family Among Social Outcasts,4926
274,Found Family Among Social Outcasts,40767
274,Found Family Among Social Outcasts,371647
274,Found Family Among Social Outcasts,85697
274,Found Family Among Social Outcasts,125891
274,Found Family Among Social Outcasts,12102
274,Found Family Among Social Outcasts,82633
274,Found Family Among Social Outcasts,106825
274,Found Family Among Social Outcasts,68427
274,Found Family Among Social Outcasts,460
274,Found Family Among Social Outcasts,19670
274,Found Family Among Social Outcasts,689495
274,Found Family Among Social Outcasts,146270
274,Found Family Among Social Outcasts,232672
274,Found Family Among Social Outcasts,48353
274,Found Family Among Social Outcasts,45799
274,Found Family Among Social Outcasts,451048
274,Found Family Among Social Outcasts,10603
274,Found Family Among Social Outcasts,10607
274,Found Family Among Social Outcasts,28273
274,Found Family Among Social Outcasts,31347
274,Found Family Among Social Outcasts,990069
274,Found Family Among Social Outcasts,274167
274,Found Family Among Social Outcasts,127864
274,Found Family Among Social Outcasts,53113
274,Found Family Among Social Outcasts,135418
274,Found Family Among Social Outcasts,39934
274,Found Family Among Social Outcasts,315775
275,Understated Addiction Recovery Character Studies,14976
275,Understated Addiction Recovery Character Studies,443009
275,Understated Addiction Recovery Character Studies,121606
275,Understated Addiction Recovery Character Studies,448776
275,Understated Addiction Recovery Character Studies,9993
275,Understated Addiction Recovery Character Studies,11401
275,Understated Addiction Recovery Character Studies,42121
275,Understated Addiction Recovery Character Studies,125582
275,Understated Addiction Recovery Character Studies,212753
275,Understated Addiction Recovery Character Studies,15378
275,Understated Addiction Recovery Character Studies,191769
275,Understated Addiction Recovery Character Studies,404378
275,Understated Addiction Recovery Character Studies,28313
275,Understated Addiction Recovery Character Studies,16284
275,Understated Addiction Recovery Character Studies,541
275,Understated Addiction Recovery Character Studies,74777
275,Understated Addiction Recovery Character Studies,28575
275,Understated Addiction Recovery Character Studies,295964
275,Understated Addiction Recovery Character Studies,25636
275,Understated Addiction Recovery Character Studies,3877
275,Understated Addiction Recovery Character Studies,28580
275,Understated Addiction Recovery Character Studies,523048
275,Understated Addiction Recovery Character Studies,641960
275,Understated Addiction Recovery Character Studies,40876
275,Understated Addiction Recovery Character Studies,22318
275,Understated Addiction Recovery Character Studies,15801
275,Understated Addiction Recovery Character Studies,5693
275,Understated Addiction Recovery Character Studies,496328
275,Understated Addiction Recovery Character Studies,12489
275,Understated Addiction Recovery Character Studies,451915
275,Understated Addiction Recovery Character Studies,8141
275,Understated Addiction Recovery Character Studies,14670
275,Understated Addiction Recovery Character Studies,33998
275,Understated Addiction Recovery Character Studies,44750
275,Understated Addiction Recovery Character Studies,10449
275,Understated Addiction Recovery Character Studies,87502
275,Understated Addiction Recovery Character Studies,79189
275,Understated Addiction Recovery Character Studies,470
275,Understated Addiction Recovery Character Studies,654170
275,Understated Addiction Recovery Character Studies,655322
275,Understated Addiction Recovery Character Studies,75233
275,Understated Addiction Recovery Character Studies,48994
275,Understated Addiction Recovery Character Studies,78307
275,Understated Addiction Recovery Character Studies,652004
275,Understated Addiction Recovery Character Studies,520679
275,Understated Addiction Recovery Character Studies,32488
275,Understated Addiction Recovery Character Studies,228970
275,Understated Addiction Recovery Character Studies,10220
275,Understated Addiction Recovery Character Studies,539885
275,Understated Addiction Recovery Character Studies,15727
275,Understated Addiction Recovery Character Studies,84341
275,Understated Addiction Recovery Character Studies,434555
275,Understated Addiction Recovery Character Studies,180863
276,Elevated Horror Character Studies,466565
276,Elevated Horror Character Studies,10894
276,Elevated Horror Character Studies,10389
276,Elevated Horror Character Studies,242582
276,Elevated Horror Character Studies,31767
276,Elevated Horror Character Studies,74777
276,Elevated Horror Character Studies,11547
276,Elevated Horror Character Studies,923
276,Elevated Horror Character Studies,1691
276,Elevated Horror Character Studies,92319
276,Elevated Horror Character Studies,663712
276,Elevated Horror Character Studies,323366
276,Elevated Horror Character Studies,278316
276,Elevated Horror Character Studies,323373
276,Elevated Horror Character Studies,41391
276,Elevated Horror Character Studies,44214
276,Elevated Horror Character Studies,41402
276,Elevated Horror Character Studies,241855
276,Elevated Horror Character Studies,788929
276,Elevated Horror Character Studies,3022
276,Elevated Horror Character Studies,1359
276,Elevated Horror Character Studies,716750
276,Elevated Horror Character Studies,10319
276,Elevated Horror Character Studies,38996
276,Elevated Horror Character Studies,10072
276,Elevated Horror Character Studies,473
276,Elevated Horror Character Studies,22882
276,Elevated Horror Character Studies,371560
276,Elevated Horror Character Studies,500840
276,Elevated Horror Character Studies,401898
276,Elevated Horror Character Studies,410988
276,Elevated Horror Character Studies,547565
276,Elevated Horror Character Studies,13550
276,Elevated Horror Character Studies,474350
276,Elevated Horror Character Studies,429422
276,Elevated Horror Character Studies,13553
276,Elevated Horror Character Studies,102903
276,Elevated Horror Character Studies,765
276,Elevated Horror Character Studies,13310
276,Elevated Horror Character Studies,5759
277,Post Porkys Teen Comedy Wave,1024
277,Post Porkys Teen Comedy Wave,727553
277,Post Porkys Teen Comedy Wave,19458
277,Post Porkys Teen Comedy Wave,21764
277,Post Porkys Teen Comedy Wave,29444
277,Post Porkys Teen Comedy Wave,8966
277,Post Porkys Teen Comedy Wave,23943
277,Post Porkys Teen Comedy Wave,20616
277,Post Porkys Teen Comedy Wave,523781
277,Post Porkys Teen Comedy Wave,1930
277,Post Porkys Teen Comedy Wave,33676
277,Post Porkys Teen Comedy Wave,397837
277,Post Porkys Teen Comedy Wave,18835
277,Post Porkys Teen Comedy Wave,40600
277,Post Porkys Teen Comedy Wave,354072
277,Post Porkys Teen Comedy Wave,449176
277,Post Porkys Teen Comedy Wave,13597
277,Post Porkys Teen Comedy Wave,103709
277,Post Porkys Teen Comedy Wave,15648
277,Post Porkys Teen Comedy Wave,108199
277,Post Porkys Teen Comedy Wave,625450
277,Post Porkys Teen Comedy Wave,96252
277,Post Porkys Teen Comedy Wave,429617
277,Post Porkys Teen Comedy Wave,70588
277,Post Porkys Teen Comedy Wave,241468
277,Post Porkys Teen Comedy Wave,13505
277,Post Porkys Teen Comedy Wave,17474
277,Post Porkys Teen Comedy Wave,944709
277,Post Porkys Teen Comedy Wave,342470
277,Post Porkys Teen Comedy Wave,441542
277,Post Porkys Teen Comedy Wave,454983
277,Post Porkys Teen Comedy Wave,59977
277,Post Porkys Teen Comedy Wave,462919
277,Post Porkys Teen Comedy Wave,13259
277,Post Porkys Teen Comedy Wave,9293
277,Post Porkys Teen Comedy Wave,16723
277,Post Porkys Teen Comedy Wave,470229
277,Post Porkys Teen Comedy Wave,621013
277,Post Porkys Teen Comedy Wave,13655
277,Post Porkys Teen Comedy Wave,203739
277,Post Porkys Teen Comedy Wave,860
277,Post Porkys Teen Comedy Wave,476
277,Post Porkys Teen Comedy Wave,648795
277,Post Porkys Teen Comedy Wave,1380
277,Post Porkys Teen Comedy Wave,62564
277,Post Porkys Teen Comedy Wave,10984
277,Post Porkys Teen Comedy Wave,10985
277,Post Porkys Teen Comedy Wave,21496
277,Post Porkys Teen Comedy Wave,712178
277,Post Porkys Teen Comedy Wave,26484
277,Post Porkys Teen Comedy Wave,12919
277,Post Porkys Teen Comedy Wave,19064
277,Post Porkys Teen Comedy Wave,12281
277,Post Porkys Teen Comedy Wave,49020
277,Post Porkys Teen Comedy Wave,42103
277,Post Porkys Teen Comedy Wave,860159
278,1930s Social Justice Films,22784
278,1930s Social Justice Films,522369
278,1930s Social Justice Films,823425
278,1930s Social Justice Films,26246
278,1930s Social Justice Films,28423
278,1930s Social Justice Films,26889
278,1930s Social Justice Films,252171
278,1930s Social Justice Films,611213
278,1930s Social Justice Films,77840
278,1930s Social Justice Films,264720
278,1930s Social Justice Films,1810
278,1930s Social Justice Films,608658
278,1930s Social Justice Films,109461
278,1930s Social Justice Films,803737
278,1930s Social Justice Films,15771
278,1930s Social Justice Films,470044
278,1930s Social Justice Films,8094
278,1930s Social Justice Films,2976
278,1930s Social Justice Films,42657
278,1930s Social Justice Films,1357481
278,1930s Social Justice Films,20139
278,1930s Social Justice Films,76203
278,1930s Social Justice Films,801965
278,1930s Social Justice Films,821
278,1930s Social Justice Films,77621
278,1930s Social Justice Films,36791
278,1930s Social Justice Films,11831
278,1930s Social Justice Films,435129
278,1930s Social Justice Films,15163
278,1930s Social Justice Films,234555
278,1930s Social Justice Films,77245
278,1930s Social Justice Films,407806
278,1930s Social Justice Films,360385
278,1930s Social Justice Films,110146
278,1930s Social Justice Films,428612
278,1930s Social Justice Films,159942
278,1930s Social Justice Films,105038
278,1930s Social Justice Films,18511
278,1930s Social Justice Films,366672
278,1930s Social Justice Films,142545
278,1930s Social Justice Films,30931
278,1930s Social Justice Films,627290
278,1930s Social Justice Films,1883
278,1930s Social Justice Films,479
278,1930s Social Justice Films,250722
278,1930s Social Justice Films,522212
278,1930s Social Justice Films,42600
278,1930s Social Justice Films,373480
278,1930s Social Justice Films,76397
278,1930s Social Justice Films,10354
278,1930s Social Justice Films,319091
278,1930s Social Justice Films,794227
278,1930s Social Justice Films,175226
278,1930s Social Justice Films,58878
278,1930s Social Justice Films,290815
279,Tim Curry Animated Villain Roles,6145
279,Tim Curry Animated Villain Roles,13313
279,Tim Curry Animated Villain Roles,52229
279,Tim Curry Animated Villain Roles,20616
279,Tim Curry Animated Villain Roles,27273
279,Tim Curry Animated Villain Roles,30346
279,Tim Curry Animated Villain Roles,38665
279,Tim Curry Animated Villain Roles,18447
279,Tim Curry Animated Villain Roles,20246
279,Tim Curry Animated Villain Roles,27033
279,Tim Curry Animated Villain Roles,8092
279,Tim Curry Animated Villain Roles,17182
279,Tim Curry Animated Villain Roles,34462
279,Tim Curry Animated Villain Roles,42787
279,Tim Curry Animated Villain Roles,25894
279,Tim Curry Animated Villain Roles,26536
279,Tim Curry Animated Villain Roles,19625
279,Tim Curry Animated Villain Roles,41513
279,Tim Curry Animated Villain Roles,252586
279,Tim Curry Animated Villain Roles,29228
279,Tim Curry Animated Villain Roles,38701
279,Tim Curry Animated Villain Roles,188846
279,Tim Curry Animated Villain Roles,26672
279,Tim Curry Animated Villain Roles,10929
279,Tim Curry Animated Villain Roles,29237
279,Tim Curry Animated Villain Roles,19384
279,Tim Curry Animated Villain Roles,26936
279,Tim Curry Animated Villain Roles,1978
279,Tim Curry Animated Villain Roles,29117
279,Tim Curry Animated Villain Roles,15167
279,Tim Curry Animated Villain Roles,12609
279,Tim Curry Animated Villain Roles,37698
279,Tim Curry Animated Villain Roles,51394
279,Tim Curry Animated Villain Roles,20421
279,Tim Curry Animated Villain Roles,86345
279,Tim Curry Animated Villain Roles,11980
279,Tim Curry Animated Villain Roles,43852
279,Tim Curry Animated Villain Roles,29778
279,Tim Curry Animated Villain Roles,38610
279,Tim Curry Animated Villain Roles,44626
279,Tim Curry Animated Villain Roles,11349
279,Tim Curry Animated Villain Roles,71254
279,Tim Curry Animated Villain Roles,11224
279,Tim Curry Animated Villain Roles,46041
279,Tim Curry Animated Villain Roles,79194
279,Tim Curry Animated Villain Roles,14175
279,Tim Curry Animated Villain Roles,13279
279,Tim Curry Animated Villain Roles,31583
279,Tim Curry Animated Villain Roles,483
279,Tim Curry Animated Villain Roles,1637
279,Tim Curry Animated Villain Roles,1639
279,Tim Curry Animated Villain Roles,10863
279,Tim Curry Animated Villain Roles,15856
279,Tim Curry Animated Villain Roles,14580
279,Tim Curry Animated Villain Roles,18937
279,Tim Curry Animated Villain Roles,10493
280,Crisis of Faith Horror Films,35841
280,Crisis of Faith Horror Films,254721
280,Crisis of Faith Horror Films,1411
280,Crisis of Faith Horror Films,28422
280,Crisis of Faith Horror Films,29455
280,Crisis of Faith Horror Films,339984
280,Crisis of Faith Horror Films,504592
280,Crisis of Faith Horror Films,11026
280,Crisis of Faith Horror Films,27029
280,Crisis of Faith Horror Films,12700
280,Crisis of Faith Horror Films,12573
280,Crisis of Faith Horror Films,73116
280,Crisis of Faith Horror Films,685727
280,Crisis of Faith Horror Films,25248
280,Crisis of Faith Horror Films,46754
280,Crisis of Faith Horror Films,17443
280,Crisis of Faith Horror Films,21539
280,Crisis of Faith Horror Films,75174
280,Crisis of Faith Horror Films,551
280,Crisis of Faith Horror Films,1832
280,Crisis of Faith Horror Films,47145
280,Crisis of Faith Horror Films,32042
280,Crisis of Faith Horror Films,71853
280,Crisis of Faith Horror Films,404143
280,Crisis of Faith Horror Films,38321
280,Crisis of Faith Horror Films,25908
280,Crisis of Faith Horror Films,46910
280,Crisis of Faith Horror Films,133694
280,Crisis of Faith Horror Films,8649
280,Crisis of Faith Horror Films,9552
280,Crisis of Faith Horror Films,32720
280,Crisis of Faith Horror Films,11602
280,Crisis of Faith Horror Films,68692
280,Crisis of Faith Horror Films,38358
280,Crisis of Faith Horror Films,31579
280,Crisis of Faith Horror Films,40156
280,Crisis of Faith Horror Films,2526
280,Crisis of Faith Horror Films,490
280,Crisis of Faith Horror Films,89456
280,Crisis of Faith Horror Films,2675
280,Crisis of Faith Horror Films,32122
280,Crisis of Faith Horror Films,61564
280,Crisis of Faith Horror Films,41850
280,Crisis of Faith Horror Films,454527
281,Gender Identity In Horror,42627
281,Gender Identity In Horror,8077
281,Gender Identity In Horror,6414
281,Gender Identity In Horror,1808
281,Gender Identity In Horror,957457
281,Gender Identity In Horror,10269
281,Gender Identity In Horror,3104
281,Gender Identity In Horror,11936
281,Gender Identity In Horror,110761
281,Gender Identity In Horror,450608
281,Gender Identity In Horror,92593
281,Gender Identity In Horror,692
281,Gender Identity In Horror,28214
281,Gender Identity In Horror,11703
281,Gender Identity In Horror,441146
281,Gender Identity In Horror,629702
281,Gender Identity In Horror,61895
281,Gender Identity In Horror,716104
281,Gender Identity In Horror,159185
281,Gender Identity In Horror,24018
281,Gender Identity In Horror,29394
281,Gender Identity In Horror,9300
281,Gender Identity In Horror,597593
281,Gender Identity In Horror,13403
281,Gender Identity In Horror,630240
281,Gender Identity In Horror,30689
281,Gender Identity In Horror,67809
281,Gender Identity In Horror,254054
281,Gender Identity In Horror,608872
281,Gender Identity In Horror,492
281,Gender Identity In Horror,516336
281,Gender Identity In Horror,2546
281,Gender Identity In Horror,329587
281,Gender Identity In Horror,382455
281,Gender Identity In Horror,31866
281,Gender Identity In Horror,43774
281,Gender Identity In Horror,13567
282,Rise And Fall Crime Narratives,769
282,Rise And Fall Crime Narratives,372226
282,Rise And Fall Crime Narratives,21132
282,Rise And Fall Crime Narratives,1422
282,Rise And Fall Crime Narratives,60047
282,Rise And Fall Crime Narratives,3092
282,Rise And Fall Crime Narratives,793
282,Rise And Fall Crime Narratives,10394
282,Rise And Fall Crime Narratives,32669
282,Rise And Fall Crime Narratives,79645
282,Rise And Fall Crime Narratives,451997
282,Rise And Fall Crime Narratives,36522
282,Rise And Fall Crime Narratives,819
282,Rise And Fall Crime Narratives,9523
282,Rise And Fall Crime Narratives,37557
282,Rise And Fall Crime Narratives,39349
282,Rise And Fall Crime Narratives,50231
282,Rise And Fall Crime Narratives,41018
282,Rise And Fall Crime Narratives,40507
282,Rise And Fall Crime Narratives,14785
282,Rise And Fall Crime Narratives,12487
282,Rise And Fall Crime Narratives,43595
282,Rise And Fall Crime Narratives,11468
282,Rise And Fall Crime Narratives,28110
282,Rise And Fall Crime Narratives,47312
282,Rise And Fall Crime Narratives,44629
282,Rise And Fall Crime Narratives,12888
282,Rise And Fall Crime Narratives,415836
282,Rise And Fall Crime Narratives,334557
282,Rise And Fall Crime Narratives,3173
282,Rise And Fall Crime Narratives,43112
282,Rise And Fall Crime Narratives,497768
282,Rise And Fall Crime Narratives,77291
282,Rise And Fall Crime Narratives,21612
282,Rise And Fall Crime Narratives,88811
282,Rise And Fall Crime Narratives,500
282,Rise And Fall Crime Narratives,27899
283,Claustrophobic Ship Based Thrillers,18316
283,Claustrophobic Ship Based Thrillers,2320
283,Claustrophobic Ship Based Thrillers,69266
283,Claustrophobic Ship Based Thrillers,660
283,Claustrophobic Ship Based Thrillers,607640
283,Claustrophobic Ship Based Thrillers,3482
283,Claustrophobic Ship Based Thrillers,8987
283,Claustrophobic Ship Based Thrillers,27678
283,Claustrophobic Ship Based Thrillers,931
283,Claustrophobic Ship Based Thrillers,486947
283,Claustrophobic Ship Based Thrillers,10538
283,Claustrophobic Ship Based Thrillers,45612
283,Claustrophobic Ship Based Thrillers,22450
283,Claustrophobic Ship Based Thrillers,43324
283,Claustrophobic Ship Based Thrillers,40765
283,Claustrophobic Ship Based Thrillers,13123
283,Claustrophobic Ship Based Thrillers,151368
283,Claustrophobic Ship Based Thrillers,12617
283,Claustrophobic Ship Based Thrillers,44363
283,Claustrophobic Ship Based Thrillers,251979
283,Claustrophobic Ship Based Thrillers,67411
283,Claustrophobic Ship Based Thrillers,11228
283,Claustrophobic Ship Based Thrillers,91487
283,Claustrophobic Ship Based Thrillers,210913
283,Claustrophobic Ship Based Thrillers,26466
283,Claustrophobic Ship Based Thrillers,10083
283,Claustrophobic Ship Based Thrillers,127846
283,Claustrophobic Ship Based Thrillers,8681
283,Claustrophobic Ship Based Thrillers,405757
283,Claustrophobic Ship Based Thrillers,12528
283,Claustrophobic Ship Based Thrillers,109424
283,Claustrophobic Ship Based Thrillers,511987
283,Claustrophobic Ship Based Thrillers,484468
283,Claustrophobic Ship Based Thrillers,503
283,Claustrophobic Ship Based Thrillers,355065
283,Claustrophobic Ship Based Thrillers,13436
283,Claustrophobic Ship Based Thrillers,41597
283,Claustrophobic Ship Based Thrillers,675327
284,Psychological Over Jump Scare Horror,72834
284,Psychological Over Jump Scare Horror,48260
284,Psychological Over Jump Scare Horror,43525
284,Psychological Over Jump Scare Horror,2438
284,Psychological Over Jump Scare Horror,151044
284,Psychological Over Jump Scare Horror,12554
284,Psychological Over Jump Scare Horror,54801
284,Psychological Over Jump Scare Horror,27543
284,Psychological Over Jump Scare Horror,133661
284,Psychological Over Jump Scare Horror,8353
284,Psychological Over Jump Scare Horror,4771
284,Psychological Over Jump Scare Horror,5924
284,Psychological Over Jump Scare Horror,15401
284,Psychological Over Jump Scare Horror,4012
284,Psychological Over Jump Scare Horror,19884
284,Psychological Over Jump Scare Horror,27316
284,Psychological Over Jump Scare Horror,37557
284,Psychological Over Jump Scare Horror,822
284,Psychological Over Jump Scare Horror,39222
284,Psychological Over Jump Scare Horror,60216
284,Psychological Over Jump Scare Horror,351544
284,Psychological Over Jump Scare Horror,97978
284,Psychological Over Jump Scare Horror,207933
284,Psychological Over Jump Scare Horror,229693
284,Psychological Over Jump Scare Horror,304451
284,Psychological Over Jump Scare Horror,129734
284,Psychological Over Jump Scare Horror,10311
284,Psychological Over Jump Scare Horror,78537
284,Psychological Over Jump Scare Horror,53194
284,Psychological Over Jump Scare Horror,3021
284,Psychological Over Jump Scare Horror,42196
284,Psychological Over Jump Scare Horror,69847
284,Psychological Over Jump Scare Horror,857
284,Psychological Over Jump Scare Horror,45019
284,Psychological Over Jump Scare Horror,467675
284,Psychological Over Jump Scare Horror,408542
284,Psychological Over Jump Scare Horror,50272
284,Psychological Over Jump Scare Horror,36095
284,Psychological Over Jump Scare Horror,23524
284,Psychological Over Jump Scare Horror,58086
284,Psychological Over Jump Scare Horror,9577
284,Psychological Over Jump Scare Horror,65002
284,Psychological Over Jump Scare Horror,29932
284,Psychological Over Jump Scare Horror,32237
284,Psychological Over Jump Scare Horror,109421
284,Psychological Over Jump Scare Horror,438259
284,Psychological Over Jump Scare Horror,68727
284,Psychological Over Jump Scare Horror,506
284,Psychological Over Jump Scare Horror,181886
284,Psychological Over Jump Scare Horror,13567
285,San Francisco Criminal Underworld Films,175365
285,San Francisco Criminal Underworld Films,124807
285,San Francisco Criminal Underworld Films,11657
285,San Francisco Criminal Underworld Films,2061
285,San Francisco Criminal Underworld Films,1422
285,San Francisco Criminal Underworld Films,99599
285,San Francisco Criminal Underworld Films,173689
285,San Francisco Criminal Underworld Films,60181
285,San Francisco Criminal Underworld Films,26234
285,San Francisco Criminal Underworld Films,34327
285,San Francisco Criminal Underworld Films,97434
285,San Francisco Criminal Underworld Films,33436
285,San Francisco Criminal Underworld Films,100894
285,San Francisco Criminal Underworld Films,2463
285,San Francisco Criminal Underworld Films,23201
285,San Francisco Criminal Underworld Films,112929
285,San Francisco Criminal Underworld Films,25251
285,San Francisco Criminal Underworld Films,77987
285,San Francisco Criminal Underworld Films,4133
285,San Francisco Criminal Underworld Films,209189
285,San Francisco Criminal Underworld Films,26282
285,San Francisco Criminal Underworld Films,9519
285,San Francisco Criminal Underworld Films,29617
285,San Francisco Criminal Underworld Films,36786
285,San Francisco Criminal Underworld Films,31672
285,San Francisco Criminal Underworld Films,6075
285,San Francisco Criminal Underworld Films,401469
285,San Francisco Criminal Underworld Films,10431
285,San Francisco Criminal Underworld Films,13635
285,San Francisco Criminal Underworld Films,27973
285,San Francisco Criminal Underworld Films,42565
285,San Francisco Criminal Underworld Films,2252
285,San Francisco Criminal Underworld Films,27725
285,San Francisco Criminal Underworld Films,410830
285,San Francisco Criminal Underworld Films,26580
285,San Francisco Criminal Underworld Films,44629
285,San Francisco Criminal Underworld Films,68822
285,San Francisco Criminal Underworld Films,545493
285,San Francisco Criminal Underworld Films,12888
285,San Francisco Criminal Underworld Films,325337
285,San Francisco Criminal Underworld Films,40411
285,San Francisco Criminal Underworld Films,240477
285,San Francisco Criminal Underworld Films,28894
285,San Francisco Criminal Underworld Films,199139
285,San Francisco Criminal Underworld Films,4836
285,San Francisco Criminal Underworld Films,45284
285,San Francisco Criminal Underworld Films,14823
285,San Francisco Criminal Underworld Films,55401
285,San Francisco Criminal Underworld Films,316654
285,San Francisco Criminal Underworld Films,37488
285,San Francisco Criminal Underworld Films,27505
285,San Francisco Criminal Underworld Films,2034
285,San Francisco Criminal Underworld Films,2163
285,San Francisco Criminal Underworld Films,27509
285,San Francisco Criminal Underworld Films,507
285,San Francisco Criminal Underworld Films,4857
285,San Francisco Criminal Underworld Films,21882
285,San Francisco Criminal Underworld Films,2043
286,Brexit Era British Cinema,35841
286,Brexit Era British Cinema,31875
286,Brexit Era British Cinema,151431
286,Brexit Era British Cinema,621191
286,Brexit Era British Cinema,21641
286,Brexit Era British Cinema,41996
286,Brexit Era British Cinema,27405
286,Brexit Era British Cinema,30095
286,Brexit Era British Cinema,3092
286,Brexit Era British Cinema,33814
286,Brexit Era British Cinema,29982
286,Brexit Era British Cinema,80031
286,Brexit Era British Cinema,50208
286,Brexit Era British Cinema,211490
286,Brexit Era British Cinema,44579
286,Brexit Era British Cinema,26535
286,Brexit Era British Cinema,44201
286,Brexit Era British Cinema,30892
286,Brexit Era British Cinema,166393
286,Brexit Era British Cinema,94643
286,Brexit Era British Cinema,10296
286,Brexit Era British Cinema,155450
286,Brexit Era British Cinema,31675
286,Brexit Era British Cinema,175164
286,Brexit Era British Cinema,549053
286,Brexit Era British Cinema,2239
286,Brexit Era British Cinema,47168
286,Brexit Era British Cinema,462785
286,Brexit Era British Cinema,523977
286,Brexit Era British Cinema,41426
286,Brexit Era British Cinema,851
286,Brexit Era British Cinema,46932
286,Brexit Era British Cinema,39893
286,Brexit Era British Cinema,198491
286,Brexit Era British Cinema,66022
286,Brexit Era British Cinema,43369
286,Brexit Era British Cinema,468339
286,Brexit Era British Cinema,44407
286,Brexit Era British Cinema,29049
286,Brexit Era British Cinema,11386
286,Brexit Era British Cinema,509
286,Brexit Era British Cinema,62847
287,Failed Genre Hybrid Attempts,512
287,Failed Genre Hybrid Attempts,8067
287,Failed Genre Hybrid Attempts,5765
287,Failed Genre Hybrid Attempts,6026
287,Failed Genre Hybrid Attempts,14220
287,Failed Genre Hybrid Attempts,94482
287,Failed Genre Hybrid Attempts,62996
287,Failed Genre Hybrid Attempts,24098
287,Failed Genre Hybrid Attempts,44323
287,Failed Genre Hybrid Attempts,921636
287,Failed Genre Hybrid Attempts,4523
287,Failed Genre Hybrid Attempts,456750
287,Failed Genre Hybrid Attempts,9017
287,Failed Genre Hybrid Attempts,28346
287,Failed Genre Hybrid Attempts,4283
287,Failed Genre Hybrid Attempts,412988
287,Failed Genre Hybrid Attempts,9409
287,Failed Genre Hybrid Attempts,38346
287,Failed Genre Hybrid Attempts,2636
287,Failed Genre Hybrid Attempts,26573
287,Failed Genre Hybrid Attempts,28365
287,Failed Genre Hybrid Attempts,43597
287,Failed Genre Hybrid Attempts,68173
287,Failed Genre Hybrid Attempts,769235
287,Failed Genre Hybrid Attempts,17108
287,Failed Genre Hybrid Attempts,22741
287,Failed Genre Hybrid Attempts,28248
287,Failed Genre Hybrid Attempts,10592
287,Failed Genre Hybrid Attempts,1250
287,Failed Genre Hybrid Attempts,28131
287,Failed Genre Hybrid Attempts,40805
287,Failed Genre Hybrid Attempts,24940
287,Failed Genre Hybrid Attempts,16365
287,Failed Genre Hybrid Attempts,56172
287,Failed Genre Hybrid Attempts,9839
287,Failed Genre Hybrid Attempts,602734
287,Failed Genre Hybrid Attempts,61041
287,Failed Genre Hybrid Attempts,729720
287,Failed Genre Hybrid Attempts,758009
287,Failed Genre Hybrid Attempts,10879
288,Early PTSD In Cinema,77057
288,Early PTSD In Cinema,52356
288,Early PTSD In Cinema,22021
288,Early PTSD In Cinema,74759
288,Early PTSD In Cinema,94727
288,Early PTSD In Cinema,521
288,Early PTSD In Cinema,15497
288,Early PTSD In Cinema,24203
288,Early PTSD In Cinema,12684
288,Early PTSD In Cinema,36877
288,Early PTSD In Cinema,55305
288,Early PTSD In Cinema,47503
288,Early PTSD In Cinema,136967
288,Early PTSD In Cinema,77076
288,Early PTSD In Cinema,87061
288,Early PTSD In Cinema,99863
288,Early PTSD In Cinema,19354
288,Early PTSD In Cinema,44826
288,Early PTSD In Cinema,147610
288,Early PTSD In Cinema,159903
288,Early PTSD In Cinema,96035
288,Early PTSD In Cinema,16933
288,Early PTSD In Cinema,80806
288,Early PTSD In Cinema,34857
288,Early PTSD In Cinema,26283
288,Early PTSD In Cinema,53419
288,Early PTSD In Cinema,31293
288,Early PTSD In Cinema,175422
288,Early PTSD In Cinema,196285
288,Early PTSD In Cinema,23104
288,Early PTSD In Cinema,835
288,Early PTSD In Cinema,46148
288,Early PTSD In Cinema,76229
288,Early PTSD In Cinema,87621
288,Early PTSD In Cinema,10695
288,Early PTSD In Cinema,196291
288,Early PTSD In Cinema,37833
288,Early PTSD In Cinema,15050
288,Early PTSD In Cinema,47946
288,Early PTSD In Cinema,54352
288,Early PTSD In Cinema,30673
288,Early PTSD In Cinema,239185
288,Early PTSD In Cinema,1628
288,Early PTSD In Cinema,174943
288,Early PTSD In Cinema,56801
288,Early PTSD In Cinema,16612
288,Early PTSD In Cinema,42471
288,Early PTSD In Cinema,232168
288,Early PTSD In Cinema,15849
288,Early PTSD In Cinema,185579
288,Early PTSD In Cinema,94702
288,Early PTSD In Cinema,169711
288,Early PTSD In Cinema,130422
288,Early PTSD In Cinema,175226
288,Early PTSD In Cinema,189055
289,Stage Plays Adapted To Film,624899
289,Stage Plays Adapted To Film,154884
289,Stage Plays Adapted To Film,462469
289,Stage Plays Adapted To Film,202886
289,Stage Plays Adapted To Film,82695
289,Stage Plays Adapted To Film,521
289,Stage Plays Adapted To Film,26893
289,Stage Plays Adapted To Film,611213
289,Stage Plays Adapted To Film,15761
289,Stage Plays Adapted To Film,19601
289,Stage Plays Adapted To Film,108564
289,Stage Plays Adapted To Film,661914
289,Stage Plays Adapted To Film,28059
289,Stage Plays Adapted To Film,48155
289,Stage Plays Adapted To Film,130719
289,Stage Plays Adapted To Film,501154
289,Stage Plays Adapted To Film,665896
289,Stage Plays Adapted To Film,292010
289,Stage Plays Adapted To Film,672298
289,Stage Plays Adapted To Film,95404
289,Stage Plays Adapted To Film,22958
289,Stage Plays Adapted To Film,241327
289,Stage Plays Adapted To Film,241584
289,Stage Plays Adapted To Film,9777
289,Stage Plays Adapted To Film,24625
289,Stage Plays Adapted To Film,11700
289,Stage Plays Adapted To Film,31546
289,Stage Plays Adapted To Film,13885
289,Stage Plays Adapted To Film,33344
289,Stage Plays Adapted To Film,12615
289,Stage Plays Adapted To Film,51016
289,Stage Plays Adapted To Film,133063
289,Stage Plays Adapted To Film,18506
289,Stage Plays Adapted To Film,248780
289,Stage Plays Adapted To Film,24525
289,Stage Plays Adapted To Film,22477
289,Stage Plays Adapted To Film,36685
289,Stage Plays Adapted To Film,588367
289,Stage Plays Adapted To Film,5332
289,Stage Plays Adapted To Film,10197
289,Stage Plays Adapted To Film,123605
289,Stage Plays Adapted To Film,13792
289,Stage Plays Adapted To Film,388448
289,Stage Plays Adapted To Film,73191
289,Stage Plays Adapted To Film,9833
289,Stage Plays Adapted To Film,237549
289,Stage Plays Adapted To Film,11631
289,Stage Plays Adapted To Film,393457
289,Stage Plays Adapted To Film,438259
289,Stage Plays Adapted To Film,32636
290,LRRP Vietnam Mission Films,9477
290,LRRP Vietnam Mission Films,43142
290,LRRP Vietnam Mission Films,360710
290,LRRP Vietnam Mission Films,5257
290,LRRP Vietnam Mission Films,525
290,LRRP Vietnam Mission Films,146446
290,LRRP Vietnam Mission Films,10387
290,LRRP Vietnam Mission Films,15379
290,LRRP Vietnam Mission Films,252822
290,LRRP Vietnam Mission Films,10265
290,LRRP Vietnam Mission Films,10911
290,LRRP Vietnam Mission Films,48289
290,LRRP Vietnam Mission Films,47650
290,LRRP Vietnam Mission Films,120481
290,LRRP Vietnam Mission Films,11046
290,LRRP Vietnam Mission Films,9255
290,LRRP Vietnam Mission Films,33319
290,LRRP Vietnam Mission Films,44969
290,LRRP Vietnam Mission Films,682
290,LRRP Vietnam Mission Films,70954
290,LRRP Vietnam Mission Films,390054
290,LRRP Vietnam Mission Films,86446
290,LRRP Vietnam Mission Films,98478
290,LRRP Vietnam Mission Films,5552
290,LRRP Vietnam Mission Films,691
290,LRRP Vietnam Mission Films,15925
290,LRRP Vietnam Mission Films,14134
290,LRRP Vietnam Mission Films,114746
290,LRRP Vietnam Mission Films,19644
290,LRRP Vietnam Mission Films,79935
290,LRRP Vietnam Mission Films,124227
290,LRRP Vietnam Mission Films,144326
290,LRRP Vietnam Mission Films,17991
290,LRRP Vietnam Mission Films,20423
290,LRRP Vietnam Mission Films,19658
290,LRRP Vietnam Mission Films,500682
290,LRRP Vietnam Mission Films,68942
290,LRRP Vietnam Mission Films,1103
290,LRRP Vietnam Mission Films,3536
290,LRRP Vietnam Mission Films,65489
290,LRRP Vietnam Mission Films,46039
290,LRRP Vietnam Mission Films,56535
290,LRRP Vietnam Mission Films,69847
290,LRRP Vietnam Mission Films,101598
290,LRRP Vietnam Mission Films,25952
290,LRRP Vietnam Mission Films,18146
290,LRRP Vietnam Mission Films,32867
290,LRRP Vietnam Mission Films,612
290,LRRP Vietnam Mission Films,12651
290,LRRP Vietnam Mission Films,55149
290,LRRP Vietnam Mission Films,43374
290,LRRP Vietnam Mission Films,37744
290,LRRP Vietnam Mission Films,447856
290,LRRP Vietnam Mission Films,724209
290,LRRP Vietnam Mission Films,12660
290,LRRP Vietnam Mission Films,12661
290,LRRP Vietnam Mission Films,1272
291,DJ Culture Origin Stories,468224
291,DJ Culture Origin Stories,17667
291,DJ Culture Origin Stories,63622
291,DJ Culture Origin Stories,38665
291,DJ Culture Origin Stories,27022
291,DJ Culture Origin Stories,420622
291,DJ Culture Origin Stories,530
291,DJ Culture Origin Stories,245913
291,DJ Culture Origin Stories,173210
291,DJ Culture Origin Stories,43806
291,DJ Culture Origin Stories,116767
291,DJ Culture Origin Stories,821406
291,DJ Culture Origin Stories,310307
291,DJ Culture Origin Stories,84772
291,DJ Culture Origin Stories,11430
291,DJ Culture Origin Stories,554152
291,DJ Culture Origin Stories,130858
291,DJ Culture Origin Stories,78507
291,DJ Culture Origin Stories,7219
291,DJ Culture Origin Stories,387892
291,DJ Culture Origin Stories,57656
291,DJ Culture Origin Stories,77624
291,DJ Culture Origin Stories,28219
291,DJ Culture Origin Stories,36796
291,DJ Culture Origin Stories,8766
291,DJ Culture Origin Stories,11071
291,DJ Culture Origin Stories,348350
291,DJ Culture Origin Stories,31939
291,DJ Culture Origin Stories,217923
291,DJ Culture Origin Stories,417859
291,DJ Culture Origin Stories,21575
291,DJ Culture Origin Stories,409035
291,DJ Culture Origin Stories,297806
291,DJ Culture Origin Stories,631248
291,DJ Culture Origin Stories,98010
291,DJ Culture Origin Stories,760161
291,DJ Culture Origin Stories,228066
291,DJ Culture Origin Stories,58595
291,DJ Culture Origin Stories,795491
291,DJ Culture Origin Stories,41958
291,DJ Culture Origin Stories,73723
291,DJ Culture Origin Stories,335462
291,DJ Culture Origin Stories,241259
291,DJ Culture Origin Stories,597611
291,DJ Culture Origin Stories,293742
291,DJ Culture Origin Stories,10225
291,DJ Culture Origin Stories,118385
291,DJ Culture Origin Stories,392820
291,DJ Culture Origin Stories,622068
291,DJ Culture Origin Stories,30966
291,DJ Culture Origin Stories,267384
291,DJ Culture Origin Stories,59387
291,DJ Culture Origin Stories,16638
292,Landscape As Character Films,29952
292,Landscape As Character Films,11780
292,Landscape As Character Films,23305
292,Landscape As Character Films,212748
292,Landscape As Character Films,96398
292,Landscape As Character Films,242575
292,Landscape As Character Films,3088
292,Landscape As Character Films,36113
292,Landscape As Character Films,55310
292,Landscape As Character Films,101006
292,Landscape As Character Films,43930
292,Landscape As Character Films,22557
292,Landscape As Character Films,10909
292,Landscape As Character Films,547
292,Landscape As Character Films,27811
292,Landscape As Character Films,41125
292,Landscape As Character Films,337958
292,Landscape As Character Films,536743
292,Landscape As Character Films,37292
292,Landscape As Character Films,20017
292,Landscape As Character Films,41783
292,Landscape As Character Films,3133
292,Landscape As Character Films,236735
292,Landscape As Character Films,836
292,Landscape As Character Films,342470
292,Landscape As Character Films,2759
292,Landscape As Character Films,3527
292,Landscape As Character Films,10183
292,Landscape As Character Films,18635
292,Landscape As Character Films,60109
292,Landscape As Character Films,428493
292,Landscape As Character Films,69069
292,Landscape As Character Films,265169
292,Landscape As Character Films,16852
292,Landscape As Character Films,12246
292,Landscape As Character Films,41951
292,Landscape As Character Films,522466
292,Landscape As Character Films,62564
292,Landscape As Character Films,438634
292,Landscape As Character Films,1653
292,Landscape As Character Films,314614
292,Landscape As Character Films,157045
292,Landscape As Character Films,60281
292,Landscape As Character Films,14202
292,Landscape As Character Films,1403
292,Landscape As Character Films,104062
292,Landscape As Character Films,320639
293,Religious Trauma Recovery Stories,401157
293,Religious Trauma Recovery Stories,447365
293,Religious Trauma Recovery Stories,647
293,Religious Trauma Recovery Stories,578701
293,Religious Trauma Recovery Stories,44944
293,Religious Trauma Recovery Stories,491418
293,Religious Trauma Recovery Stories,84892
293,Religious Trauma Recovery Stories,274974
293,Religious Trauma Recovery Stories,82079
293,Religious Trauma Recovery Stories,497698
293,Religious Trauma Recovery Stories,4643
293,Religious Trauma Recovery Stories,547
293,Religious Trauma Recovery Stories,7461
293,Religious Trauma Recovery Stories,328483
293,Religious Trauma Recovery Stories,18219
293,Religious Trauma Recovery Stories,145197
293,Religious Trauma Recovery Stories,116014
293,Religious Trauma Recovery Stories,9266
293,Religious Trauma Recovery Stories,29237
293,Religious Trauma Recovery Stories,59963
293,Religious Trauma Recovery Stories,158011
293,Religious Trauma Recovery Stories,146240
293,Religious Trauma Recovery Stories,7874
293,Religious Trauma Recovery Stories,43899
293,Religious Trauma Recovery Stories,3780
293,Religious Trauma Recovery Stories,47559
293,Religious Trauma Recovery Stories,474569
293,Religious Trauma Recovery Stories,27986
293,Religious Trauma Recovery Stories,25172
293,Religious Trauma Recovery Stories,169813
293,Religious Trauma Recovery Stories,10333
293,Religious Trauma Recovery Stories,592863
293,Religious Trauma Recovery Stories,10464
293,Religious Trauma Recovery Stories,22881
293,Religious Trauma Recovery Stories,101859
293,Religious Trauma Recovery Stories,664423
293,Religious Trauma Recovery Stories,873
293,Religious Trauma Recovery Stories,228970
293,Religious Trauma Recovery Stories,524780
293,Religious Trauma Recovery Stories,65777
293,Religious Trauma Recovery Stories,675445
293,Religious Trauma Recovery Stories,36730
293,Religious Trauma Recovery Stories,46203
293,Religious Trauma Recovery Stories,128124
293,Religious Trauma Recovery Stories,627070
293,Religious Trauma Recovery Stories,235519
294,Hotel Room Drama Movies,17665
294,Hotel Room Drama Movies,42502
294,Hotel Room Drama Movies,48650
294,Hotel Room Drama Movies,19851
294,Hotel Room Drama Movies,293258
294,Hotel Room Drama Movies,401546
294,Hotel Room Drama Movies,242575
294,Hotel Room Drama Movies,72976
294,Hotel Room Drama Movies,87060
294,Hotel Room Drama Movies,170133
294,Hotel Room Drama Movies,433174
294,Hotel Room Drama Movies,29463
294,Hotel Room Drama Movies,31515
294,Hotel Room Drama Movies,14624
294,Hotel Room Drama Movies,10531
294,Hotel Room Drama Movies,548
294,Hotel Room Drama Movies,17190
294,Hotel Room Drama Movies,46122
294,Hotel Room Drama Movies,121899
294,Hotel Room Drama Movies,85420
294,Hotel Room Drama Movies,6963
294,Hotel Room Drama Movies,253239
294,Hotel Room Drama Movies,17336
294,Hotel Room Drama Movies,24889
294,Hotel Room Drama Movies,25657
294,Hotel Room Drama Movies,349498
294,Hotel Room Drama Movies,48318
294,Hotel Room Drama Movies,108222
294,Hotel Room Drama Movies,671295
294,Hotel Room Drama Movies,2625
294,Hotel Room Drama Movies,31681
294,Hotel Room Drama Movies,37315
294,Hotel Room Drama Movies,85058
294,Hotel Room Drama Movies,3526
294,Hotel Room Drama Movies,40775
294,Hotel Room Drama Movies,29259
294,Hotel Room Drama Movies,13260
294,Hotel Room Drama Movies,19662
294,Hotel Room Drama Movies,708049
294,Hotel Room Drama Movies,12117
294,Hotel Room Drama Movies,98271
294,Hotel Room Drama Movies,29154
294,Hotel Room Drama Movies,283235
294,Hotel Room Drama Movies,14181
294,Hotel Room Drama Movies,21733
294,Hotel Room Drama Movies,39141
294,Hotel Room Drama Movies,74469
294,Hotel Room Drama Movies,171624
294,Hotel Room Drama Movies,15723
294,Hotel Room Drama Movies,225904
294,Hotel Room Drama Movies,10354
294,Hotel Room Drama Movies,552178
294,Hotel Room Drama Movies,62204
294,Hotel Room Drama Movies,9469
294,Hotel Room Drama Movies,121598
295,Love Triangles With Class Conflict,13321
295,Love Triangles With Class Conflict,1802
295,Love Triangles With Class Conflict,13707
295,Love Triangles With Class Conflict,96394
295,Love Triangles With Class Conflict,19731
295,Love Triangles With Class Conflict,335512
295,Love Triangles With Class Conflict,4507
295,Love Triangles With Class Conflict,15516
295,Love Triangles With Class Conflict,79645
295,Love Triangles With Class Conflict,57119
295,Love Triangles With Class Conflict,29601
295,Love Triangles With Class Conflict,42788
295,Love Triangles With Class Conflict,50085
295,Love Triangles With Class Conflict,17190
295,Love Triangles With Class Conflict,551
295,Love Triangles With Class Conflict,54182
295,Love Triangles With Class Conflict,566190
295,Love Triangles With Class Conflict,63025
295,Love Triangles With Class Conflict,132148
295,Love Triangles With Class Conflict,26811
295,Love Triangles With Class Conflict,702
295,Love Triangles With Class Conflict,36801
295,Love Triangles With Class Conflict,65858
295,Love Triangles With Class Conflict,39111
295,Love Triangles With Class Conflict,438857
295,Love Triangles With Class Conflict,3022
295,Love Triangles With Class Conflict,86992
295,Love Triangles With Class Conflict,60243
295,Love Triangles With Class Conflict,981
295,Love Triangles With Class Conflict,68822
295,Love Triangles With Class Conflict,10839
295,Love Triangles With Class Conflict,43864
295,Love Triangles With Class Conflict,95324
295,Love Triangles With Class Conflict,1885
295,Love Triangles With Class Conflict,13792
295,Love Triangles With Class Conflict,56801
295,Love Triangles With Class Conflict,485741
295,Love Triangles With Class Conflict,213615
295,Love Triangles With Class Conflict,42997
295,Love Triangles With Class Conflict,58875
295,Love Triangles With Class Conflict,18172
296,Reluctant Coaches Finding Their Purpose,10112
296,Reluctant Coaches Finding Their Purpose,348678
296,Reluctant Coaches Finding Their Purpose,6023
296,Reluctant Coaches Finding Their Purpose,188927
296,Reluctant Coaches Finding Their Purpose,55823
296,Reluctant Coaches Finding Their Purpose,429203
296,Reluctant Coaches Finding Their Purpose,71575
296,Reluctant Coaches Finding Their Purpose,20506
296,Reluctant Coaches Finding Their Purpose,16411
296,Reluctant Coaches Finding Their Purpose,13852
296,Reluctant Coaches Finding Their Purpose,4380
296,Reluctant Coaches Finding Their Purpose,292381
296,Reluctant Coaches Finding Their Purpose,10527
296,Reluctant Coaches Finding Their Purpose,701724
296,Reluctant Coaches Finding Their Purpose,22947
296,Reluctant Coaches Finding Their Purpose,244772
296,Reluctant Coaches Finding Their Purpose,14117
296,Reluctant Coaches Finding Their Purpose,552
296,Reluctant Coaches Finding Their Purpose,899112
296,Reluctant Coaches Finding Their Purpose,10414
296,Reluctant Coaches Finding Their Purpose,11694
296,Reluctant Coaches Finding Their Purpose,2609
296,Reluctant Coaches Finding Their Purpose,57395
296,Reluctant Coaches Finding Their Purpose,23479
296,Reluctant Coaches Finding Their Purpose,2109
296,Reluctant Coaches Finding Their Purpose,64318
296,Reluctant Coaches Finding Their Purpose,59712
296,Reluctant Coaches Finding Their Purpose,11457
296,Reluctant Coaches Finding Their Purpose,228161
296,Reluctant Coaches Finding Their Purpose,13382
296,Reluctant Coaches Finding Their Purpose,31175
296,Reluctant Coaches Finding Their Purpose,27337
296,Reluctant Coaches Finding Their Purpose,14671
296,Reluctant Coaches Finding Their Purpose,1495
296,Reluctant Coaches Finding Their Purpose,15319
296,Reluctant Coaches Finding Their Purpose,8669
296,Reluctant Coaches Finding Their Purpose,57693
296,Reluctant Coaches Finding Their Purpose,297825
296,Reluctant Coaches Finding Their Purpose,138852
296,Reluctant Coaches Finding Their Purpose,114150
296,Reluctant Coaches Finding Their Purpose,4587
296,Reluctant Coaches Finding Their Purpose,3064
296,Reluctant Coaches Finding Their Purpose,20857
296,Reluctant Coaches Finding Their Purpose,41852
296,Reluctant Coaches Finding Their Purpose,419709
296,Reluctant Coaches Finding Their Purpose,17663
297,Near Miss Romance Movies,15104
297,Near Miss Romance Movies,11522
297,Near Miss Romance Movies,38151
297,Near Miss Romance Movies,22794
297,Near Miss Romance Movies,268171
297,Near Miss Romance Movies,913
297,Near Miss Romance Movies,451480
297,Near Miss Romance Movies,51994
297,Near Miss Romance Movies,21542
297,Near Miss Romance Movies,9726
297,Near Miss Romance Movies,552
297,Near Miss Romance Movies,455207
297,Near Miss Romance Movies,55596
297,Near Miss Romance Movies,52654
297,Near Miss Romance Movies,9778
297,Near Miss Romance Movies,3635
297,Near Miss Romance Movies,2612
297,Near Miss Romance Movies,222899
297,Near Miss Romance Movies,458423
297,Near Miss Romance Movies,367544
297,Near Miss Romance Movies,21566
297,Near Miss Romance Movies,818750
297,Near Miss Romance Movies,11971
297,Near Miss Romance Movies,828613
297,Near Miss Romance Movies,14536
297,Near Miss Romance Movies,34376
297,Near Miss Romance Movies,10571
297,Near Miss Romance Movies,508747
297,Near Miss Romance Movies,9560
297,Near Miss Romance Movies,21210
297,Near Miss Romance Movies,858
297,Near Miss Romance Movies,286554
297,Near Miss Romance Movies,4964
297,Near Miss Romance Movies,1641
297,Near Miss Romance Movies,638449
297,Near Miss Romance Movies,62838
297,Near Miss Romance Movies,634
297,Near Miss Romance Movies,253307
297,Near Miss Romance Movies,14974
298,Theatrical Staging In Cinema,42497
298,Theatrical Staging In Cinema,273281
298,Theatrical Staging In Cinema,42627
298,Theatrical Staging In Cinema,34181
298,Theatrical Staging In Cinema,775
298,Theatrical Staging In Cinema,37512
298,Theatrical Staging In Cinema,43529
298,Theatrical Staging In Cinema,325385
298,Theatrical Staging In Cinema,743304
298,Theatrical Staging In Cinema,18191
298,Theatrical Staging In Cinema,12178
298,Theatrical Staging In Cinema,1940
298,Theatrical Staging In Cinema,156566
298,Theatrical Staging In Cinema,42135
298,Theatrical Staging In Cinema,247321
298,Theatrical Staging In Cinema,144410
298,Theatrical Staging In Cinema,18971
298,Theatrical Staging In Cinema,28059
298,Theatrical Staging In Cinema,7452
298,Theatrical Staging In Cinema,34461
298,Theatrical Staging In Cinema,105757
298,Theatrical Staging In Cinema,597156
298,Theatrical Staging In Cinema,553
298,Theatrical Staging In Cinema,22958
298,Theatrical Staging In Cinema,27064
298,Theatrical Staging In Cinema,824
298,Theatrical Staging In Cinema,1725
298,Theatrical Staging In Cinema,6978
298,Theatrical Staging In Cinema,42691
298,Theatrical Staging In Cinema,194757
298,Theatrical Staging In Cinema,51016
298,Theatrical Staging In Cinema,24525
298,Theatrical Staging In Cinema,2894
298,Theatrical Staging In Cinema,26319
298,Theatrical Staging In Cinema,4688
298,Theatrical Staging In Cinema,37712
298,Theatrical Staging In Cinema,47697
298,Theatrical Staging In Cinema,102227
298,Theatrical Staging In Cinema,116690
298,Theatrical Staging In Cinema,123605
298,Theatrical Staging In Cinema,25560
298,Theatrical Staging In Cinema,671577
298,Theatrical Staging In Cinema,1629
298,Theatrical Staging In Cinema,25694
298,Theatrical Staging In Cinema,44640
298,Theatrical Staging In Cinema,722913
298,Theatrical Staging In Cinema,27362
298,Theatrical Staging In Cinema,115427
298,Theatrical Staging In Cinema,107494
298,Theatrical Staging In Cinema,11113
298,Theatrical Staging In Cinema,45802
298,Theatrical Staging In Cinema,76397
298,Theatrical Staging In Cinema,65646
299,Rosemary's Baby Influenced Horror Films,5898
299,Rosemary's Baby Influenced Horror Films,27918
299,Rosemary's Baby Influenced Horror Films,18196
299,Rosemary's Baby Influenced Horror Films,76822
299,Rosemary's Baby Influenced Horror Films,10391
299,Rosemary's Baby Influenced Horror Films,63512
299,Rosemary's Baby Influenced Horror Films,158873
299,Rosemary's Baby Influenced Horror Films,11547
299,Rosemary's Baby Influenced Horror Films,28955
299,Rosemary's Baby Influenced Horror Films,87451
299,Rosemary's Baby Influenced Horror Films,41374
299,Rosemary's Baby Influenced Horror Films,169247
299,Rosemary's Baby Influenced Horror Films,27297
299,Rosemary's Baby Influenced Horror Films,26925
299,Rosemary's Baby Influenced Horror Films,408439
299,Rosemary's Baby Influenced Horror Films,18352
299,Rosemary's Baby Influenced Horror Films,561
299,Rosemary's Baby Influenced Horror Films,37169
299,Rosemary's Baby Influenced Horror Films,26677
299,Rosemary's Baby Influenced Horror Films,36792
299,Rosemary's Baby Influenced Horror Films,334394
299,Rosemary's Baby Influenced Horror Films,827
299,Rosemary's Baby Influenced Horror Films,48191
299,Rosemary's Baby Influenced Horror Films,27970
299,Rosemary's Baby Influenced Horror Films,40387
299,Rosemary's Baby Influenced Horror Films,27723
299,Rosemary's Baby Influenced Horror Films,11980
299,Rosemary's Baby Influenced Horror Films,437583
299,Rosemary's Baby Influenced Horror Films,23761
299,Rosemary's Baby Influenced Horror Films,23506
299,Rosemary's Baby Influenced Horror Films,892113
299,Rosemary's Baby Influenced Horror Films,460885
299,Rosemary's Baby Influenced Horror Films,3030
299,Rosemary's Baby Influenced Horror Films,575446
299,Rosemary's Baby Influenced Horror Films,10585
299,Rosemary's Baby Influenced Horror Films,9946
299,Rosemary's Baby Influenced Horror Films,28762
299,Rosemary's Baby Influenced Horror Films,493922
299,Rosemary's Baby Influenced Horror Films,40037
299,Rosemary's Baby Influenced Horror Films,58218
299,Rosemary's Baby Influenced Horror Films,49388
299,Rosemary's Baby Influenced Horror Films,8814
299,Rosemary's Baby Influenced Horror Films,28271
299,Rosemary's Baby Influenced Horror Films,30959
299,Rosemary's Baby Influenced Horror Films,199534
299,Rosemary's Baby Influenced Horror Films,11380
299,Rosemary's Baby Influenced Horror Films,141046
299,Rosemary's Baby Influenced Horror Films,283127
299,Rosemary's Baby Influenced Horror Films,765
299,Rosemary's Baby Influenced Horror Films,25983
300,Eco Horror Before Environmental Movement,26886
300,Eco Horror Before Environmental Movement,29067
300,Eco Horror Before Environmental Movement,31116
300,Eco Horror Before Environmental Movement,26638
300,Eco Horror Before Environmental Movement,330770
300,Eco Horror Before Environmental Movement,54291
300,Eco Horror Before Environmental Movement,72349
300,Eco Horror Before Environmental Movement,535581
300,Eco Horror Before Environmental Movement,21407
300,Eco Horror Before Environmental Movement,93856
300,Eco Horror Before Environmental Movement,14372
300,Eco Horror Before Environmental Movement,61988
300,Eco Horror Before Environmental Movement,62761
300,Eco Horror Before Environmental Movement,561
300,Eco Horror Before Environmental Movement,31416
300,Eco Horror Before Environmental Movement,19901
300,Eco Horror Before Environmental Movement,395841
300,Eco Horror Before Environmental Movement,578
300,Eco Horror Before Environmental Movement,26178
300,Eco Horror Before Environmental Movement,116680
300,Eco Horror Before Environmental Movement,14282
300,Eco Horror Before Environmental Movement,52302
300,Eco Horror Before Environmental Movement,104528
300,Eco Horror Before Environmental Movement,282069
300,Eco Horror Before Environmental Movement,9825
300,Eco Horror Before Environmental Movement,210913
300,Eco Horror Before Environmental Movement,52196
300,Eco Horror Before Environmental Movement,12262
300,Eco Horror Before Environmental Movement,15846
300,Eco Horror Before Environmental Movement,55784
300,Eco Horror Before Environmental Movement,149608
300,Eco Horror Before Environmental Movement,30315
300,Eco Horror Before Environmental Movement,632304
300,Eco Horror Before Environmental Movement,26865
300,Eco Horror Before Environmental Movement,34814
300,Eco Horror Before Environmental Movement,312831
301,Ancient Vows Versus Modern Love,42241
301,Ancient Vows Versus Modern Love,539777
301,Ancient Vows Versus Modern Love,13448
301,Ancient Vows Versus Modern Love,417417
301,Ancient Vows Versus Modern Love,84234
301,Ancient Vows Versus Modern Love,2059
301,Ancient Vows Versus Modern Love,30348
301,Ancient Vows Versus Modern Love,17421
301,Ancient Vows Versus Modern Love,118670
301,Ancient Vows Versus Modern Love,119947
301,Ancient Vows Versus Modern Love,1045645
301,Ancient Vows Versus Modern Love,464251
301,Ancient Vows Versus Modern Love,1154712
301,Ancient Vows Versus Modern Love,11035
301,Ancient Vows Versus Modern Love,615453
301,Ancient Vows Versus Modern Love,527774
301,Ancient Vows Versus Modern Love,336671
301,Ancient Vows Versus Modern Love,651166
301,Ancient Vows Versus Modern Love,80801
301,Ancient Vows Versus Modern Love,297762
301,Ancient Vows Versus Modern Love,559907
301,Ancient Vows Versus Modern Love,1041443
301,Ancient Vows Versus Modern Love,39206
301,Ancient Vows Versus Modern Love,429351
301,Ancient Vows Versus Modern Love,661542
301,Ancient Vows Versus Modern Love,672298
301,Ancient Vows Versus Modern Love,685
301,Ancient Vows Versus Modern Love,86834
301,Ancient Vows Versus Modern Love,564
301,Ancient Vows Versus Modern Love,8373
301,Ancient Vows Versus Modern Love,54456
301,Ancient Vows Versus Modern Love,1593
301,Ancient Vows Versus Modern Love,29242
301,Ancient Vows Versus Modern Love,29243
301,Ancient Vows Versus Modern Love,43194
301,Ancient Vows Versus Modern Love,358908
301,Ancient Vows Versus Modern Love,356414
301,Ancient Vows Versus Modern Love,316095
301,Ancient Vows Versus Modern Love,1734
301,Ancient Vows Versus Modern Love,356296
301,Ancient Vows Versus Modern Love,14411
301,Ancient Vows Versus Modern Love,51276
301,Ancient Vows Versus Modern Love,846
301,Ancient Vows Versus Modern Love,23759
301,Ancient Vows Versus Modern Love,4816
301,Ancient Vows Versus Modern Love,376530
301,Ancient Vows Versus Modern Love,18017
301,Ancient Vows Versus Modern Love,59490
301,Ancient Vows Versus Modern Love,65891
301,Ancient Vows Versus Modern Love,298721
301,Ancient Vows Versus Modern Love,32613
301,Ancient Vows Versus Modern Love,611179
301,Ancient Vows Versus Modern Love,297580
301,Ancient Vows Versus Modern Love,2164
301,Ancient Vows Versus Modern Love,366324
301,Ancient Vows Versus Modern Love,43126
301,Ancient Vows Versus Modern Love,393338
301,Ancient Vows Versus Modern Love,454267
301,Ancient Vows Versus Modern Love,9724
302,Atmospheric Horror Without Jump Scares,396422
302,Atmospheric Horror Without Jump Scares,779
302,Atmospheric Horror Without Jump Scares,11020
302,Atmospheric Horror Without Jump Scares,1933
302,Atmospheric Horror Without Jump Scares,653
302,Atmospheric Horror Without Jump Scares,14223
302,Atmospheric Horror Without Jump Scares,23437
302,Atmospheric Horror Without Jump Scares,57875
302,Atmospheric Horror Without Jump Scares,790
302,Atmospheric Horror Without Jump Scares,919
302,Atmospheric Horror Without Jump Scares,159128
302,Atmospheric Horror Without Jump Scares,1433
302,Atmospheric Horror Without Jump Scares,74777
302,Atmospheric Horror Without Jump Scares,76822
302,Atmospheric Horror Without Jump Scares,1363224
302,Atmospheric Horror Without Jump Scares,18333
302,Atmospheric Horror Without Jump Scares,2974
302,Atmospheric Horror Without Jump Scares,12590
302,Atmospheric Horror Without Jump Scares,242224
302,Atmospheric Horror Without Jump Scares,1970
302,Atmospheric Horror Without Jump Scares,29235
302,Atmospheric Horror Without Jump Scares,948
302,Atmospheric Horror Without Jump Scares,565
302,Atmospheric Horror Without Jump Scares,9913
302,Atmospheric Horror Without Jump Scares,617786
302,Atmospheric Horror Without Jump Scares,27324
302,Atmospheric Horror Without Jump Scares,65086
302,Atmospheric Horror Without Jump Scares,467012
302,Atmospheric Horror Without Jump Scares,29128
302,Atmospheric Horror Without Jump Scares,362826
302,Atmospheric Horror Without Jump Scares,2637
302,Atmospheric Horror Without Jump Scares,28752
302,Atmospheric Horror Without Jump Scares,11601
302,Atmospheric Horror Without Jump Scares,29778
302,Atmospheric Horror Without Jump Scares,73043
302,Atmospheric Horror Without Jump Scares,524251
302,Atmospheric Horror Without Jump Scares,579676
302,Atmospheric Horror Without Jump Scares,16093
302,Atmospheric Horror Without Jump Scares,24674
302,Atmospheric Horror Without Jump Scares,441701
302,Atmospheric Horror Without Jump Scares,538858
302,Atmospheric Horror Without Jump Scares,2668
302,Atmospheric Horror Without Jump Scares,259693
302,Atmospheric Horror Without Jump Scares,3053
302,Atmospheric Horror Without Jump Scares,14836
302,Atmospheric Horror Without Jump Scares,16372
302,Atmospheric Horror Without Jump Scares,28533
302,Atmospheric Horror Without Jump Scares,49018
302,Atmospheric Horror Without Jump Scares,29052
302,Atmospheric Horror Without Jump Scares,201085
302,Atmospheric Horror Without Jump Scares,709631
303,Female Coming Of Age Horror,505600
303,Female Coming Of Age Horror,342657
303,Female Coming Of Age Horror,10115
303,Female Coming Of Age Horror,14596
303,Female Coming Of Age Horror,27016
303,Female Coming Of Age Horror,242828
303,Female Coming Of Age Horror,250124
303,Female Coming Of Age Horror,9871
303,Female Coming Of Age Horror,542224
303,Female Coming Of Age Horror,284689
303,Female Coming Of Age Horror,32020
303,Female Coming Of Age Horror,9880
303,Female Coming Of Age Horror,51739
303,Female Coming Of Age Horror,167073
303,Female Coming Of Age Horror,391713
303,Female Coming Of Age Horror,1443
303,Female Coming Of Age Horror,32293
303,Female Coming Of Age Horror,455974
303,Female Coming Of Age Horror,86825
303,Female Coming Of Age Horror,588459
303,Female Coming Of Age Horror,108204
303,Female Coming Of Age Horror,9263
303,Female Coming Of Age Horror,84278
303,Female Coming Of Age Horror,11191
303,Female Coming Of Age Horror,570
303,Female Coming Of Age Horror,191294
303,Female Coming Of Age Horror,375742
303,Female Coming Of Age Horror,27458
303,Female Coming Of Age Horror,49730
303,Female Coming Of Age Horror,10564
303,Female Coming Of Age Horror,334536
303,Female Coming Of Age Horror,279753
303,Female Coming Of Age Horror,69324
303,Female Coming Of Age Horror,576845
303,Female Coming Of Age Horror,38606
303,Female Coming Of Age Horror,16859
303,Female Coming Of Age Horror,80220
303,Female Coming Of Age Horror,1104096
303,Female Coming Of Age Horror,45153
303,Female Coming Of Age Horror,62564
303,Female Coming Of Age Horror,42214
303,Female Coming Of Age Horror,413543
303,Female Coming Of Age Horror,15080
303,Female Coming Of Age Horror,618214
303,Female Coming Of Age Horror,17130
303,Female Coming Of Age Horror,46315
303,Female Coming Of Age Horror,35052
303,Female Coming Of Age Horror,25069
303,Female Coming Of Age Horror,433010
303,Female Coming Of Age Horror,310131
303,Female Coming Of Age Horror,84728
303,Female Coming Of Age Horror,47866
303,Female Coming Of Age Horror,76411
304,Criminal Honor Code Movies,6016
304,Criminal Honor Code Movies,10627
304,Criminal Honor Code Movies,361605
304,Criminal Honor Code Movies,1672
304,Criminal Honor Code Movies,59144
304,Criminal Honor Code Movies,86666
304,Criminal Honor Code Movies,4235
304,Criminal Honor Code Movies,40459
304,Criminal Honor Code Movies,89484
304,Criminal Honor Code Movies,9615
304,Criminal Honor Code Movies,260496
304,Criminal Honor Code Movies,2075
304,Criminal Honor Code Movies,59292
304,Criminal Honor Code Movies,20646
304,Criminal Honor Code Movies,42790
304,Criminal Honor Code Movies,20778
304,Criminal Honor Code Movies,60971
304,Criminal Honor Code Movies,48940
304,Criminal Honor Code Movies,458156
304,Criminal Honor Code Movies,189999
304,Criminal Honor Code Movies,43832
304,Criminal Honor Code Movies,352827
304,Criminal Honor Code Movies,701
304,Criminal Honor Code Movies,576
304,Criminal Honor Code Movies,2112
304,Criminal Honor Code Movies,11842
304,Criminal Honor Code Movies,75465
304,Criminal Honor Code Movies,67530
304,Criminal Honor Code Movies,183889
304,Criminal Honor Code Movies,68822
304,Criminal Honor Code Movies,14815
304,Criminal Honor Code Movies,46559
304,Criminal Honor Code Movies,121828
304,Criminal Honor Code Movies,22383
304,Criminal Honor Code Movies,881
304,Criminal Honor Code Movies,19957
304,Criminal Honor Code Movies,95990
304,Criminal Honor Code Movies,19067
304,Criminal Honor Code Movies,36093
305,Art Versus State Power Films,101382
305,Art Versus State Power Films,219398
305,Art Versus State Power Films,506763
305,Art Versus State Power Films,12428
305,Art Versus State Power Films,98189
305,Art Versus State Power Films,144658
305,Art Versus State Power Films,393624
305,Art Versus State Power Films,1945
305,Art Versus State Power Films,24735
305,Art Versus State Power Films,26784
305,Art Versus State Power Films,667935
305,Art Versus State Power Films,5413
305,Art Versus State Power Films,341158
305,Art Versus State Power Films,62382
305,Art Versus State Power Films,11951
305,Art Versus State Power Films,4529
305,Art Versus State Power Films,655154
305,Art Versus State Power Films,519866
305,Art Versus State Power Films,29627
305,Art Versus State Power Films,162494
305,Art Versus State Power Films,477887
305,Art Versus State Power Films,157252
305,Art Versus State Power Films,582
305,Art Versus State Power Films,42696
305,Art Versus State Power Films,346956
305,Art Versus State Power Films,16082
305,Art Versus State Power Films,395479
305,Art Versus State Power Films,29912
305,Art Versus State Power Films,12506
305,Art Versus State Power Films,88284
305,Art Versus State Power Films,1374
305,Art Versus State Power Films,563939
305,Art Versus State Power Films,11620
305,Art Versus State Power Films,178664
305,Art Versus State Power Films,251241
305,Art Versus State Power Films,21867
305,Art Versus State Power Films,430958
305,Art Versus State Power Films,52857
305,Art Versus State Power Films,32767
306,Religious Horror At Sea Films,501760
306,Religious Horror At Sea Films,50817
306,Religious Horror At Sea Films,1411
306,Religious Horror At Sea Films,477060
306,Religious Horror At Sea Films,8327
306,Religious Horror At Sea Films,27029
306,Religious Horror At Sea Films,31767
306,Religious Horror At Sea Films,36762
306,Religious Horror At Sea Films,40478
306,Religious Horror At Sea Films,82079
306,Religious Horror At Sea Films,218146
306,Religious Horror At Sea Films,94248
306,Religious Horror At Sea Films,476968
306,Religious Horror At Sea Films,939
306,Religious Horror At Sea Films,104748
306,Religious Horror At Sea Films,25904
306,Religious Horror At Sea Films,374452
306,Religious Horror At Sea Films,44085
306,Religious Horror At Sea Films,11832
306,Religious Horror At Sea Films,27067
306,Religious Horror At Sea Films,10047
306,Religious Horror At Sea Films,4544
306,Religious Horror At Sea Films,3010
306,Religious Horror At Sea Films,28740
306,Religious Horror At Sea Films,94917
306,Religious Horror At Sea Films,193733
306,Religious Horror At Sea Films,583
306,Religious Horror At Sea Films,42567
306,Religious Horror At Sea Films,411976
306,Religious Horror At Sea Films,139466
306,Religious Horror At Sea Films,76750
306,Religious Horror At Sea Films,10577
306,Religious Horror At Sea Films,1495
306,Religious Horror At Sea Films,69848
306,Religious Horror At Sea Films,87895
306,Religious Horror At Sea Films,99800
306,Religious Horror At Sea Films,22750
306,Religious Horror At Sea Films,520318
306,Religious Horror At Sea Films,276196
306,Religious Horror At Sea Films,615
306,Religious Horror At Sea Films,166375
306,Religious Horror At Sea Films,227688
306,Religious Horror At Sea Films,310119
306,Religious Horror At Sea Films,1199725
306,Religious Horror At Sea Films,37495
306,Religious Horror At Sea Films,68730
306,Religious Horror At Sea Films,235260
306,Religious Horror At Sea Films,72958
306,Religious Horror At Sea Films,52991
307,Michael Curtiz Post Casablanca Films,1410
307,Michael Curtiz Post Casablanca Films,33543
307,Michael Curtiz Post Casablanca Films,157832
307,Michael Curtiz Post Casablanca Films,79372
307,Michael Curtiz Post Casablanca Films,91534
307,Michael Curtiz Post Casablanca Films,29072
307,Michael Curtiz Post Casablanca Films,43539
307,Michael Curtiz Post Casablanca Films,190227
307,Michael Curtiz Post Casablanca Films,94741
307,Michael Curtiz Post Casablanca Films,277398
307,Michael Curtiz Post Casablanca Films,42519
307,Michael Curtiz Post Casablanca Films,390296
307,Michael Curtiz Post Casablanca Films,162589
307,Michael Curtiz Post Casablanca Films,166557
307,Michael Curtiz Post Casablanca Films,168994
307,Michael Curtiz Post Casablanca Films,29859
307,Michael Curtiz Post Casablanca Films,31655
307,Michael Curtiz Post Casablanca Films,295848
307,Michael Curtiz Post Casablanca Films,1287081
307,Michael Curtiz Post Casablanca Films,37042
307,Michael Curtiz Post Casablanca Films,7219
307,Michael Curtiz Post Casablanca Films,6068
307,Michael Curtiz Post Casablanca Films,9397
307,Michael Curtiz Post Casablanca Films,37430
307,Michael Curtiz Post Casablanca Films,730167
307,Michael Curtiz Post Casablanca Films,534072
307,Michael Curtiz Post Casablanca Films,39867
307,Michael Curtiz Post Casablanca Films,17212
307,Michael Curtiz Post Casablanca Films,44732
307,Michael Curtiz Post Casablanca Films,77883
307,Michael Curtiz Post Casablanca Films,310847
307,Michael Curtiz Post Casablanca Films,49600
307,Michael Curtiz Post Casablanca Films,462919
307,Michael Curtiz Post Casablanca Films,18760
307,Michael Curtiz Post Casablanca Films,585
307,Michael Curtiz Post Casablanca Films,31432
307,Michael Curtiz Post Casablanca Films,222541
307,Michael Curtiz Post Casablanca Films,29263
307,Michael Curtiz Post Casablanca Films,4176
307,Michael Curtiz Post Casablanca Films,63443
307,Michael Curtiz Post Casablanca Films,42710
307,Michael Curtiz Post Casablanca Films,98903
307,Michael Curtiz Post Casablanca Films,49494
307,Michael Curtiz Post Casablanca Films,57431
307,Michael Curtiz Post Casablanca Films,824281
307,Michael Curtiz Post Casablanca Films,84956
307,Michael Curtiz Post Casablanca Films,43485
307,Michael Curtiz Post Casablanca Films,113629
307,Michael Curtiz Post Casablanca Films,6883
307,Michael Curtiz Post Casablanca Films,2020
307,Michael Curtiz Post Casablanca Films,157544
307,Michael Curtiz Post Casablanca Films,10734
307,Michael Curtiz Post Casablanca Films,50420
307,Michael Curtiz Post Casablanca Films,49397
307,Michael Curtiz Post Casablanca Films,87156
307,Michael Curtiz Post Casablanca Films,41465
307,Michael Curtiz Post Casablanca Films,10364
307,Michael Curtiz Post Casablanca Films,169341
308,Post Sharknado Creature Feature Trend,44548
308,Post Sharknado Creature Feature Trend,3591
308,Post Sharknado Creature Feature Trend,42250
308,Post Sharknado Creature Feature Trend,42251
308,Post Sharknado Creature Feature Trend,31116
308,Post Sharknado Creature Feature Trend,11533
308,Post Sharknado Creature Feature Trend,17038
308,Post Sharknado Creature Feature Trend,342927
308,Post Sharknado Creature Feature Trend,115084
308,Post Sharknado Creature Feature Trend,520466
308,Post Sharknado Creature Feature Trend,7443
308,Post Sharknado Creature Feature Trend,69780
308,Post Sharknado Creature Feature Trend,19736
308,Post Sharknado Creature Feature Trend,15515
308,Post Sharknado Creature Feature Trend,34077
308,Post Sharknado Creature Feature Trend,29343
308,Post Sharknado Creature Feature Trend,65055
308,Post Sharknado Creature Feature Trend,294562
308,Post Sharknado Creature Feature Trend,11940
308,Post Sharknado Creature Feature Trend,8869
308,Post Sharknado Creature Feature Trend,1054757
308,Post Sharknado Creature Feature Trend,284711
308,Post Sharknado Creature Feature Trend,11688
308,Post Sharknado Creature Feature Trend,102443
308,Post Sharknado Creature Feature Trend,17708
308,Post Sharknado Creature Feature Trend,997549
308,Post Sharknado Creature Feature Trend,88751
308,Post Sharknado Creature Feature Trend,9392
308,Post Sharknado Creature Feature Trend,18993
308,Post Sharknado Creature Feature Trend,336560
308,Post Sharknado Creature Feature Trend,124470
308,Post Sharknado Creature Feature Trend,804150
308,Post Sharknado Creature Feature Trend,14906
308,Post Sharknado Creature Feature Trend,14138
308,Post Sharknado Creature Feature Trend,28605
308,Post Sharknado Creature Feature Trend,834
308,Post Sharknado Creature Feature Trend,255556
308,Post Sharknado Creature Feature Trend,522438
308,Post Sharknado Creature Feature Trend,588
308,Post Sharknado Creature Feature Trend,320846
308,Post Sharknado Creature Feature Trend,9042
308,Post Sharknado Creature Feature Trend,40146
308,Post Sharknado Creature Feature Trend,25172
308,Post Sharknado Creature Feature Trend,37467
308,Post Sharknado Creature Feature Trend,1166943
308,Post Sharknado Creature Feature Trend,9825
308,Post Sharknado Creature Feature Trend,210913
308,Post Sharknado Creature Feature Trend,40040
308,Post Sharknado Creature Feature Trend,17897
308,Post Sharknado Creature Feature Trend,42218
308,Post Sharknado Creature Feature Trend,104812
308,Post Sharknado Creature Feature Trend,39283
308,Post Sharknado Creature Feature Trend,511987
308,Post Sharknado Creature Feature Trend,54133
308,Post Sharknado Creature Feature Trend,38006
308,Post Sharknado Creature Feature Trend,44406
308,Post Sharknado Creature Feature Trend,68347
309,Revenge Quests Gone Morally Wrong,317952
309,Revenge Quests Gone Morally Wrong,8065
309,Revenge Quests Gone Morally Wrong,39557
309,Revenge Quests Gone Morally Wrong,16007
309,Revenge Quests Gone Morally Wrong,14475
309,Revenge Quests Gone Morally Wrong,700943
309,Revenge Quests Gone Morally Wrong,1809
309,Revenge Quests Gone Morally Wrong,90770
309,Revenge Quests Gone Morally Wrong,3092
309,Revenge Quests Gone Morally Wrong,339988
309,Revenge Quests Gone Morally Wrong,339994
309,Revenge Quests Gone Morally Wrong,397722
309,Revenge Quests Gone Morally Wrong,26652
309,Revenge Quests Gone Morally Wrong,43549
309,Revenge Quests Gone Morally Wrong,86812
309,Revenge Quests Gone Morally Wrong,261023
309,Revenge Quests Gone Morally Wrong,16934
309,Revenge Quests Gone Morally Wrong,94248
309,Revenge Quests Gone Morally Wrong,24748
309,Revenge Quests Gone Morally Wrong,9517
309,Revenge Quests Gone Morally Wrong,3122
309,Revenge Quests Gone Morally Wrong,38842
309,Revenge Quests Gone Morally Wrong,333371
309,Revenge Quests Gone Morally Wrong,11967
309,Revenge Quests Gone Morally Wrong,8899
309,Revenge Quests Gone Morally Wrong,126277
309,Revenge Quests Gone Morally Wrong,592
309,Revenge Quests Gone Morally Wrong,976
309,Revenge Quests Gone Morally Wrong,1621
309,Revenge Quests Gone Morally Wrong,13783
309,Revenge Quests Gone Morally Wrong,17885
309,Revenge Quests Gone Morally Wrong,1888
309,Revenge Quests Gone Morally Wrong,34528
309,Revenge Quests Gone Morally Wrong,612
309,Revenge Quests Gone Morally Wrong,19429
309,Revenge Quests Gone Morally Wrong,10342
309,Revenge Quests Gone Morally Wrong,18410
309,Revenge Quests Gone Morally Wrong,939243
309,Revenge Quests Gone Morally Wrong,80368
309,Revenge Quests Gone Morally Wrong,65650
309,Revenge Quests Gone Morally Wrong,68850
309,Revenge Quests Gone Morally Wrong,15865
310,Gaslighting Victims Fighting Back Stories,551808
310,Gaslighting Victims Fighting Back Stories,16385
310,Gaslighting Victims Fighting Back Stories,13958
310,Gaslighting Victims Fighting Back Stories,74759
310,Gaslighting Victims Fighting Back Stories,18316
310,Gaslighting Victims Fighting Back Stories,9997
310,Gaslighting Victims Fighting Back Stories,782
310,Gaslighting Victims Fighting Back Stories,10896
310,Gaslighting Victims Fighting Back Stories,299537
310,Gaslighting Victims Fighting Back Stories,7443
310,Gaslighting Victims Fighting Back Stories,1942
310,Gaslighting Victims Fighting Back Stories,15255
310,Gaslighting Victims Fighting Back Stories,321303
310,Gaslighting Victims Fighting Back Stories,504599
310,Gaslighting Victims Fighting Back Stories,10907
310,Gaslighting Victims Fighting Back Stories,14108
310,Gaslighting Victims Fighting Back Stories,801
310,Gaslighting Victims Fighting Back Stories,5924
310,Gaslighting Victims Fighting Back Stories,81188
310,Gaslighting Victims Fighting Back Stories,25385
310,Gaslighting Victims Fighting Back Stories,4011
310,Gaslighting Victims Fighting Back Stories,288764
310,Gaslighting Victims Fighting Back Stories,570670
310,Gaslighting Victims Fighting Back Stories,49334
310,Gaslighting Victims Fighting Back Stories,567609
310,Gaslighting Victims Fighting Back Stories,566076
310,Gaslighting Victims Fighting Back Stories,7485
310,Gaslighting Victims Fighting Back Stories,26173
310,Gaslighting Victims Fighting Back Stories,226749
310,Gaslighting Victims Fighting Back Stories,588351
310,Gaslighting Victims Fighting Back Stories,596161
310,Gaslighting Victims Fighting Back Stories,13894
310,Gaslighting Victims Fighting Back Stories,13513
310,Gaslighting Victims Fighting Back Stories,916427
310,Gaslighting Victims Fighting Back Stories,1103
310,Gaslighting Victims Fighting Back Stories,6479
310,Gaslighting Victims Fighting Back Stories,72015
310,Gaslighting Victims Fighting Back Stories,594
310,Gaslighting Victims Fighting Back Stories,152532
310,Gaslighting Victims Fighting Back Stories,169813
310,Gaslighting Victims Fighting Back Stories,11223
310,Gaslighting Victims Fighting Back Stories,45019
310,Gaslighting Victims Fighting Back Stories,42204
310,Gaslighting Victims Fighting Back Stories,1630
310,Gaslighting Victims Fighting Back Stories,865
310,Gaslighting Victims Fighting Back Stories,11234
310,Gaslighting Victims Fighting Back Stories,14439
310,Gaslighting Victims Fighting Back Stories,855400
310,Gaslighting Victims Fighting Back Stories,204397
310,Gaslighting Victims Fighting Back Stories,31598
310,Gaslighting Victims Fighting Back Stories,9460
310,Gaslighting Victims Fighting Back Stories,42740
310,Gaslighting Victims Fighting Back Stories,68724
310,Gaslighting Victims Fighting Back Stories,274167
310,Gaslighting Victims Fighting Back Stories,111738
310,Gaslighting Victims Fighting Back Stories,113916
311,Dual Performance Acting Showcases,133121
311,Dual Performance Acting Showcases,10254
311,Dual Performance Acting Showcases,72976
311,Dual Performance Acting Showcases,104211
311,Dual Performance Acting Showcases,320277
311,Dual Performance Acting Showcases,106646
311,Dual Performance Acting Showcases,100344
311,Dual Performance Acting Showcases,1694
311,Dual Performance Acting Showcases,663712
311,Dual Performance Acting Showcases,1205412
311,Dual Performance Acting Showcases,20007
311,Dual Performance Acting Showcases,84903
311,Dual Performance Acting Showcases,43049
311,Dual Performance Acting Showcases,58281
311,Dual Performance Acting Showcases,9267
311,Dual Performance Acting Showcases,34101
311,Dual Performance Acting Showcases,3640
311,Dual Performance Acting Showcases,76600
311,Dual Performance Acting Showcases,97978
311,Dual Performance Acting Showcases,17979
311,Dual Performance Acting Showcases,49980
311,Dual Performance Acting Showcases,315837
311,Dual Performance Acting Showcases,24128
311,Dual Performance Acting Showcases,10435
311,Dual Performance Acting Showcases,1480
311,Dual Performance Acting Showcases,3019
311,Dual Performance Acting Showcases,3021
311,Dual Performance Acting Showcases,964943
311,Dual Performance Acting Showcases,594
311,Dual Performance Acting Showcases,483539
311,Dual Performance Acting Showcases,47447
311,Dual Performance Acting Showcases,671577
311,Dual Performance Acting Showcases,38234
311,Dual Performance Acting Showcases,376570
311,Dual Performance Acting Showcases,68735
311,Dual Performance Acting Showcases,33632
311,Dual Performance Acting Showcases,3681
311,Dual Performance Acting Showcases,128741
311,Dual Performance Acting Showcases,88423
311,Dual Performance Acting Showcases,19947
311,Dual Performance Acting Showcases,565357
311,Dual Performance Acting Showcases,14455
311,Dual Performance Acting Showcases,14072
311,Dual Performance Acting Showcases,10489
311,Dual Performance Acting Showcases,316154
311,Dual Performance Acting Showcases,765
311,Dual Performance Acting Showcases,1919
312,Power Dynamics In Confined Spaces,33931
312,Power Dynamics In Confined Spaces,2576
312,Power Dynamics In Confined Spaces,26388
312,Power Dynamics In Confined Spaces,148245
312,Power Dynamics In Confined Spaces,4886
312,Power Dynamics In Confined Spaces,428948
312,Power Dynamics In Confined Spaces,588182
312,Power Dynamics In Confined Spaces,923
312,Power Dynamics In Confined Spaces,8220
312,Power Dynamics In Confined Spaces,296096
312,Power Dynamics In Confined Spaces,20770
312,Power Dynamics In Confined Spaces,353828
312,Power Dynamics In Confined Spaces,27429
312,Power Dynamics In Confined Spaces,225574
312,Power Dynamics In Confined Spaces,11309
312,Power Dynamics In Confined Spaces,27567
312,Power Dynamics In Confined Spaces,46767
312,Power Dynamics In Confined Spaces,19761
312,Power Dynamics In Confined Spaces,760883
312,Power Dynamics In Confined Spaces,96821
312,Power Dynamics In Confined Spaces,49471
312,Power Dynamics In Confined Spaces,308032
312,Power Dynamics In Confined Spaces,246080
312,Power Dynamics In Confined Spaces,264644
312,Power Dynamics In Confined Spaces,30789
312,Power Dynamics In Confined Spaces,21451
312,Power Dynamics In Confined Spaces,81401
312,Power Dynamics In Confined Spaces,1122128
312,Power Dynamics In Confined Spaces,40913
312,Power Dynamics In Confined Spaces,183889
312,Power Dynamics In Confined Spaces,44115
312,Power Dynamics In Confined Spaces,597
312,Power Dynamics In Confined Spaces,17622
312,Power Dynamics In Confined Spaces,1151190
312,Power Dynamics In Confined Spaces,41821
312,Power Dynamics In Confined Spaces,13792
312,Power Dynamics In Confined Spaces,31713
312,Power Dynamics In Confined Spaces,273248
312,Power Dynamics In Confined Spaces,995
312,Power Dynamics In Confined Spaces,127846
312,Power Dynamics In Confined Spaces,11502
312,Power Dynamics In Confined Spaces,503919
312,Power Dynamics In Confined Spaces,4722
312,Power Dynamics In Confined Spaces,13555
312,Power Dynamics In Confined Spaces,38898
312,Power Dynamics In Confined Spaces,26103
312,Power Dynamics In Confined Spaces,33273
312,Power Dynamics In Confined Spaces,405757
313,Documentary Style Urban Crime Films,25728
313,Documentary Style Urban Crime Films,85126
313,Documentary Style Urban Crime Films,498951
313,Documentary Style Urban Crime Films,38539
313,Documentary Style Urban Crime Films,8333
313,Documentary Style Urban Crime Films,916
313,Documentary Style Urban Crime Films,9366
313,Documentary Style Urban Crime Films,17687
313,Documentary Style Urban Crime Films,36250
313,Documentary Style Urban Crime Films,5922
313,Documentary Style Urban Crime Films,19618
313,Documentary Style Urban Crime Films,37413
313,Documentary Style Urban Crime Films,45350
313,Documentary Style Urban Crime Films,29477
313,Documentary Style Urban Crime Films,23334
313,Documentary Style Urban Crime Films,31656
313,Documentary Style Urban Crime Films,13098
313,Documentary Style Urban Crime Films,61095
313,Documentary Style Urban Crime Films,656940
313,Documentary Style Urban Crime Films,4909
313,Documentary Style Urban Crime Films,9517
313,Documentary Style Urban Crime Films,8882
313,Documentary Style Urban Crime Films,949
313,Documentary Style Urban Crime Films,49334
313,Documentary Style Urban Crime Films,42295
313,Documentary Style Urban Crime Films,42170
313,Documentary Style Urban Crime Films,4926
313,Documentary Style Urban Crime Films,28740
313,Documentary Style Urban Crime Films,43077
313,Documentary Style Urban Crime Films,968
313,Documentary Style Urban Crime Films,85837
313,Documentary Style Urban Crime Films,21454
313,Documentary Style Urban Crime Films,42702
313,Documentary Style Urban Crime Films,314365
313,Documentary Style Urban Crime Films,28115
313,Documentary Style Urban Crime Films,598
313,Documentary Style Urban Crime Films,35926
313,Documentary Style Urban Crime Films,86616
313,Documentary Style Urban Crime Films,46428
313,Documentary Style Urban Crime Films,334557
313,Documentary Style Urban Crime Films,11485
313,Documentary Style Urban Crime Films,26718
313,Documentary Style Urban Crime Films,13409
313,Documentary Style Urban Crime Films,11492
313,Documentary Style Urban Crime Films,877
313,Documentary Style Urban Crime Films,26479
313,Documentary Style Urban Crime Films,50799
313,Documentary Style Urban Crime Films,586863
313,Documentary Style Urban Crime Films,13939
313,Documentary Style Urban Crime Films,23668
313,Documentary Style Urban Crime Films,95220
313,Documentary Style Urban Crime Films,38394
313,Documentary Style Urban Crime Films,27899
313,Documentary Style Urban Crime Films,10237
313,Documentary Style Urban Crime Films,22527
314,Static Camera Tableau Cinema,348672
314,Static Camera Tableau Cinema,94466
314,Static Camera Tableau Cinema,1412
314,Static Camera Tableau Cinema,145160
314,Static Camera Tableau Cinema,55561
314,Static Camera Tableau Cinema,272777
314,Static Camera Tableau Cinema,10255
314,Static Camera Tableau Cinema,355600
314,Static Camera Tableau Cinema,110354
314,Static Camera Tableau Cinema,23827
314,Static Camera Tableau Cinema,12308
314,Static Camera Tableau Cinema,103317
314,Static Camera Tableau Cinema,34070
314,Static Camera Tableau Cinema,82327
314,Static Camera Tableau Cinema,345628
314,Static Camera Tableau Cinema,86814
314,Static Camera Tableau Cinema,126238
314,Static Camera Tableau Cinema,428574
314,Static Camera Tableau Cinema,44065
314,Static Camera Tableau Cinema,306722
314,Static Camera Tableau Cinema,1099557
314,Static Camera Tableau Cinema,33318
314,Static Camera Tableau Cinema,653610
314,Static Camera Tableau Cinema,45999
314,Static Camera Tableau Cinema,1302703
314,Static Camera Tableau Cinema,729779
314,Static Camera Tableau Cinema,126004
314,Static Camera Tableau Cinema,549300
314,Static Camera Tableau Cinema,562615
314,Static Camera Tableau Cinema,46136
314,Static Camera Tableau Cinema,36665
314,Static Camera Tableau Cinema,5817
314,Static Camera Tableau Cinema,14273
314,Static Camera Tableau Cinema,14022
314,Static Camera Tableau Cinema,142918
314,Static Camera Tableau Cinema,200011
314,Static Camera Tableau Cinema,20556
314,Static Camera Tableau Cinema,297421
314,Static Camera Tableau Cinema,355020
314,Static Camera Tableau Cinema,123473
314,Static Camera Tableau Cinema,147282
314,Static Camera Tableau Cinema,598
314,Static Camera Tableau Cinema,9302
314,Static Camera Tableau Cinema,376534
314,Static Camera Tableau Cinema,9305
314,Static Camera Tableau Cinema,1626
314,Static Camera Tableau Cinema,114395
314,Static Camera Tableau Cinema,13023
314,Static Camera Tableau Cinema,713704
314,Static Camera Tableau Cinema,97514
314,Static Camera Tableau Cinema,9964
314,Static Camera Tableau Cinema,297580
314,Static Camera Tableau Cinema,51572
315,Pre Romero Zombie Cinema,273281
315,Pre Romero Zombie Cinema,774
315,Pre Romero Zombie Cinema,293258
315,Pre Romero Zombie Cinema,4235
315,Pre Romero Zombie Cinema,106124
315,Pre Romero Zombie Cinema,104720
315,Pre Romero Zombie Cinema,9491
315,Pre Romero Zombie Cinema,50719
315,Pre Romero Zombie Cinema,38823
315,Pre Romero Zombie Cinema,36648
315,Pre Romero Zombie Cinema,19753
315,Pre Romero Zombie Cinema,328743
315,Pre Romero Zombie Cinema,1579
315,Pre Romero Zombie Cinema,10796
315,Pre Romero Zombie Cinema,827822
315,Pre Romero Zombie Cinema,110771
315,Pre Romero Zombie Cinema,27970
315,Pre Romero Zombie Cinema,57283
315,Pre Romero Zombie Cinema,121923
315,Pre Romero Zombie Cinema,48197
315,Pre Romero Zombie Cinema,63686
315,Pre Romero Zombie Cinema,76229
315,Pre Romero Zombie Cinema,494916
315,Pre Romero Zombie Cinema,31561
315,Pre Romero Zombie Cinema,527174
315,Pre Romero Zombie Cinema,53837
315,Pre Romero Zombie Cinema,185555
315,Pre Romero Zombie Cinema,4564
315,Pre Romero Zombie Cinema,29140
315,Pre Romero Zombie Cinema,22230
315,Pre Romero Zombie Cinema,93525
315,Pre Romero Zombie Cinema,28504
315,Pre Romero Zombie Cinema,602
315,Pre Romero Zombie Cinema,213342
315,Pre Romero Zombie Cinema,38120
315,Pre Romero Zombie Cinema,212329
315,Pre Romero Zombie Cinema,94570
315,Pre Romero Zombie Cinema,10987
315,Pre Romero Zombie Cinema,80364
315,Pre Romero Zombie Cinema,128874
315,Pre Romero Zombie Cinema,68979
315,Pre Romero Zombie Cinema,54008
315,Pre Romero Zombie Cinema,48251
316,Movies Predicting Digital Age Issues,522369
316,Movies Predicting Digital Age Issues,638597
316,Movies Predicting Digital Age Issues,437253
316,Movies Predicting Digital Age Issues,506763
316,Movies Predicting Digital Age Issues,89492
316,Movies Predicting Digital Age Issues,339988
316,Movies Predicting Digital Age Issues,446101
316,Movies Predicting Digital Age Issues,16664
316,Movies Predicting Digital Age Issues,3100
316,Movies Predicting Digital Age Issues,11804
316,Movies Predicting Digital Age Issues,542882
316,Movies Predicting Digital Age Issues,180900
316,Movies Predicting Digital Age Issues,70821
316,Movies Predicting Digital Age Issues,114982
316,Movies Predicting Digital Age Issues,1581
316,Movies Predicting Digital Age Issues,396461
316,Movies Predicting Digital Age Issues,539565
316,Movies Predicting Digital Age Issues,656690
316,Movies Predicting Digital Age Issues,513083
316,Movies Predicting Digital Age Issues,1987
316,Movies Predicting Digital Age Issues,739405
316,Movies Predicting Digital Age Issues,250574
316,Movies Predicting Digital Age Issues,315855
316,Movies Predicting Digital Age Issues,51537
316,Movies Predicting Digital Age Issues,225745
316,Movies Predicting Digital Age Issues,287322
316,Movies Predicting Digital Age Issues,603
316,Movies Predicting Digital Age Issues,992
316,Movies Predicting Digital Age Issues,10849
316,Movies Predicting Digital Age Issues,13025
316,Movies Predicting Digital Age Issues,493675
316,Movies Predicting Digital Age Issues,845933
316,Movies Predicting Digital Age Issues,366324
316,Movies Predicting Digital Age Issues,206197
316,Movies Predicting Digital Age Issues,109431
316,Movies Predicting Digital Age Issues,393338
316,Movies Predicting Digital Age Issues,43003
317,Government Cover Up Space Films,380808
317,Government Cover Up Space Films,65034
317,Government Cover Up Space Films,55819
317,Government Cover Up Space Films,13455
317,Government Cover Up Space Films,8080
317,Government Cover Up Space Films,34576
317,Government Cover Up Space Films,49040
317,Government Cover Up Space Films,509598
317,Government Cover Up Space Films,25890
317,Government Cover Up Space Films,75938
317,Government Cover Up Space Films,78370
317,Government Cover Up Space Films,1830
317,Government Cover Up Space Films,12206
317,Government Cover Up Space Films,91314
317,Government Cover Up Space Films,506418
317,Government Cover Up Space Films,50357
317,Government Cover Up Space Films,14268
317,Government Cover Up Space Films,48572
317,Government Cover Up Space Films,43710
317,Government Cover Up Space Films,9407
317,Government Cover Up Space Films,293310
317,Government Cover Up Space Films,302401
317,Government Cover Up Space Films,46146
317,Government Cover Up Space Films,47869
317,Government Cover Up Space Films,846
317,Government Cover Up Space Films,1487
317,Government Cover Up Space Films,26578
317,Government Cover Up Space Films,607
317,Government Cover Up Space Films,83552
317,Government Cover Up Space Films,116960
317,Government Cover Up Space Films,123105
317,Government Cover Up Space Films,74726
317,Government Cover Up Space Films,3179
317,Government Cover Up Space Films,86769
317,Government Cover Up Space Films,9331
317,Government Cover Up Space Films,13812
317,Government Cover Up Space Films,361844
317,Government Cover Up Space Films,58615
317,Government Cover Up Space Films,9849
317,Government Cover Up Space Films,23293
317,Government Cover Up Space Films,16766
317,Government Cover Up Space Films,43391
318,Style Over Substance Spy Films,91265
318,Style Over Substance Spy Films,38407
318,Style Over Substance Spy Films,31240
318,Style Over Substance Spy Films,43915
318,Style Over Substance Spy Films,112140
318,Style Over Substance Spy Films,657
318,Style Over Substance Spy Films,341013
318,Style Over Substance Spy Films,10265
318,Style Over Substance Spy Films,667
318,Style Over Substance Spy Films,522016
318,Style Over Substance Spy Films,484641
318,Style Over Substance Spy Films,36642
318,Style Over Substance Spy Films,36645
318,Style Over Substance Spy Films,36775
318,Style Over Substance Spy Films,681
318,Style Over Substance Spy Films,65323
318,Style Over Substance Spy Films,113582
318,Style Over Substance Spy Films,23728
318,Style Over Substance Spy Films,691
318,Style Over Substance Spy Films,206647
318,Style Over Substance Spy Films,955
318,Style Over Substance Spy Films,36669
318,Style Over Substance Spy Films,36670
318,Style Over Substance Spy Films,401981
318,Style Over Substance Spy Films,24130
318,Style Over Substance Spy Films,709
318,Style Over Substance Spy Films,710
318,Style Over Substance Spy Films,2501
318,Style Over Substance Spy Films,714
318,Style Over Substance Spy Films,22090
318,Style Over Substance Spy Films,73420
318,Style Over Substance Spy Films,739405
318,Style Over Substance Spy Films,59087
318,Style Over Substance Spy Films,12113
318,Style Over Substance Spy Films,207703
318,Style Over Substance Spy Films,32088
318,Style Over Substance Spy Films,1247
318,Style Over Substance Spy Films,612
318,Style Over Substance Spy Films,84844
318,Style Over Substance Spy Films,1647
318,Style Over Substance Spy Films,319983
318,Style Over Substance Spy Films,10355
318,Style Over Substance Spy Films,23030
318,Style Over Substance Spy Films,238713
318,Style Over Substance Spy Films,1535
319,Post Gladiator Ancient World Films,9477
319,Post Gladiator Ancient World Films,300168
319,Post Gladiator Ancient World Films,24973
319,Post Gladiator Ancient World Films,205584
319,Post Gladiator Ancient World Films,454294
319,Post Gladiator Ancient World Films,5153
319,Post Gladiator Ancient World Films,42658
319,Post Gladiator Ancient World Films,302243
319,Post Gladiator Ancient World Films,756005
319,Post Gladiator Ancient World Films,36265
319,Post Gladiator Ancient World Films,1579
319,Post Gladiator Ancient World Films,42668
319,Post Gladiator Ancient World Films,1966
319,Post Gladiator Ancient World Films,13486
319,Post Gladiator Ancient World Films,188207
319,Post Gladiator Ancient World Films,827822
319,Post Gladiator Ancient World Films,76212
319,Post Gladiator Ancient World Films,417206
319,Post Gladiator Ancient World Films,26428
319,Post Gladiator Ancient World Films,53182
319,Post Gladiator Ancient World Films,42691
319,Post Gladiator Ancient World Films,208835
319,Post Gladiator Ancient World Films,46278
319,Post Gladiator Ancient World Films,31561
319,Post Gladiator Ancient World Films,5066
319,Post Gladiator Ancient World Films,57165
319,Post Gladiator Ancient World Films,113743
319,Post Gladiator Ancient World Films,96466
319,Post Gladiator Ancient World Films,114771
319,Post Gladiator Ancient World Films,43098
319,Post Gladiator Ancient World Films,372315
319,Post Gladiator Ancient World Films,31072
319,Post Gladiator Ancient World Films,42592
319,Post Gladiator Ancient World Films,271969
319,Post Gladiator Ancient World Films,615
319,Post Gladiator Ancient World Films,62326
320,Early Bae Doona Performances,5761
320,Early Bae Doona Performances,5506
320,Early Bae Doona Performances,26371
320,Early Bae Doona Performances,13573
320,Early Bae Doona Performances,10246
320,Early Bae Doona Performances,36614
320,Early Bae Doona Performances,1548
320,Early Bae Doona Performances,17037
320,Early Bae Doona Performances,292374
320,Early Bae Doona Performances,37911
320,Early Bae Doona Performances,45348
320,Early Bae Doona Performances,37288
320,Early Bae Doona Performances,776110
320,Early Bae Doona Performances,16559
320,Early Bae Doona Performances,52660
320,Early Bae Doona Performances,39225
320,Early Bae Doona Performances,112698
320,Early Bae Doona Performances,43324
320,Early Bae Doona Performances,31678
320,Early Bae Doona Performances,11975
320,Early Bae Doona Performances,298616
320,Early Bae Doona Performances,444880
320,Early Bae Doona Performances,86225
320,Early Bae Doona Performances,13910
320,Early Bae Doona Performances,17889
320,Early Bae Doona Performances,618
320,Early Bae Doona Performances,18539
320,Early Bae Doona Performances,48109
320,Early Bae Doona Performances,20978
320,Early Bae Doona Performances,23283
320,Early Bae Doona Performances,31988
320,Early Bae Doona Performances,84210
320,Early Bae Doona Performances,111607
320,Early Bae Doona Performances,37495
320,Early Bae Doona Performances,3064
320,Early Bae Doona Performances,36731
321,1930s Urban Youth Stories,13185
321,1930s Urban Youth Stories,16385
321,1930s Urban Youth Stories,161285
321,1930s Urban Youth Stories,42758
321,1930s Urban Youth Stories,197893
321,1930s Urban Youth Stories,13960
321,1930s Urban Youth Stories,16136
321,1930s Urban Youth Stories,19337
321,1930s Urban Youth Stories,621191
321,1930s Urban Youth Stories,623238
321,1930s Urban Youth Stories,43410
321,1930s Urban Youth Stories,29587
321,1930s Urban Youth Stories,19092
321,1930s Urban Youth Stories,340627
321,1930s Urban Youth Stories,14358
321,1930s Urban Youth Stories,59678
321,1930s Urban Youth Stories,308639
321,1930s Urban Youth Stories,800
321,1930s Urban Youth Stories,402334
321,1930s Urban Youth Stories,67109
321,1930s Urban Youth Stories,9766
321,1930s Urban Youth Stories,45350
321,1930s Urban Youth Stories,54440
321,1930s Urban Youth Stories,450608
321,1930s Urban Youth Stories,52406
321,1930s Urban Youth Stories,104375
321,1930s Urban Youth Stories,276928
321,1930s Urban Youth Stories,25793
321,1930s Urban Youth Stories,40769
321,1930s Urban Youth Stories,575813
321,1930s Urban Youth Stories,97607
321,1930s Urban Youth Stories,43469
321,1930s Urban Youth Stories,40910
321,1930s Urban Youth Stories,17359
321,1930s Urban Youth Stories,201550
321,1930s Urban Youth Stories,775504
321,1930s Urban Youth Stories,322903
321,1930s Urban Youth Stories,63064
321,1930s Urban Youth Stories,65240
321,1930s Urban Youth Stories,12763
321,1930s Urban Youth Stories,105053
321,1930s Urban Youth Stories,266082
321,1930s Urban Youth Stories,763109
321,1930s Urban Youth Stories,34024
321,1930s Urban Youth Stories,19053
321,1930s Urban Youth Stories,712178
321,1930s Urban Youth Stories,627
321,1930s Urban Youth Stories,30963
321,1930s Urban Youth Stories,54006
321,1930s Urban Youth Stories,13815
321,1930s Urban Youth Stories,20857
321,1930s Urban Youth Stories,57082
321,1930s Urban Youth Stories,81661
321,1930s Urban Youth Stories,56830
322,Midnight Movie Circuit Cult Classics,19204
322,Midnight Movie Circuit Cult Classics,1542
322,Midnight Movie Circuit Cult Classics,100493
322,Midnight Movie Circuit Cult Classics,10513
322,Midnight Movie Circuit Cult Classics,18193
322,Midnight Movie Circuit Cult Classics,49041
322,Midnight Movie Circuit Cult Classics,3604
322,Midnight Movie Circuit Cult Classics,32148
322,Midnight Movie Circuit Cult Classics,10135
322,Midnight Movie Circuit Cult Classics,8216
322,Midnight Movie Circuit Cult Classics,52633
322,Midnight Movie Circuit Cult Classics,26011
322,Midnight Movie Circuit Cult Classics,50719
322,Midnight Movie Circuit Cult Classics,22572
322,Midnight Movie Circuit Cult Classics,278316
322,Midnight Movie Circuit Cult Classics,284460
322,Midnight Movie Circuit Cult Classics,10802
322,Midnight Movie Circuit Cult Classics,15668
322,Midnight Movie Circuit Cult Classics,30644
322,Midnight Movie Circuit Cult Classics,14262
322,Midnight Movie Circuit Cult Classics,14267
322,Midnight Movie Circuit Cult Classics,2493
322,Midnight Movie Circuit Cult Classics,193346
322,Midnight Movie Circuit Cult Classics,1091
322,Midnight Movie Circuit Cult Classics,10439
322,Midnight Movie Circuit Cult Classics,22727
322,Midnight Movie Circuit Cult Classics,37833
322,Midnight Movie Circuit Cult Classics,38219
322,Midnight Movie Circuit Cult Classics,9804
322,Midnight Movie Circuit Cult Classics,82126
322,Midnight Movie Circuit Cult Classics,33743
322,Midnight Movie Circuit Cult Classics,40016
322,Midnight Movie Circuit Cult Classics,325712
322,Midnight Movie Circuit Cult Classics,460885
322,Midnight Movie Circuit Cult Classics,24919
322,Midnight Movie Circuit Cult Classics,39899
322,Midnight Movie Circuit Cult Classics,15196
322,Midnight Movie Circuit Cult Classics,197599
322,Midnight Movie Circuit Cult Classics,45795
322,Midnight Movie Circuit Cult Classics,32100
322,Midnight Movie Circuit Cult Classics,40932
322,Midnight Movie Circuit Cult Classics,43109
322,Midnight Movie Circuit Cult Classics,14570
322,Midnight Movie Circuit Cult Classics,13041
322,Midnight Movie Circuit Cult Classics,627
322,Midnight Movie Circuit Cult Classics,11379
322,Midnight Movie Circuit Cult Classics,41077
322,Midnight Movie Circuit Cult Classics,42230
322,Midnight Movie Circuit Cult Classics,5752
322,Midnight Movie Circuit Cult Classics,5753
322,Midnight Movie Circuit Cult Classics,16127
323,Early Spencer Tracy Leading Roles,70912
323,Early Spencer Tracy Leading Roles,47105
323,Early Spencer Tracy Leading Roles,26626
323,Early Spencer Tracy Leading Roles,36355
323,Early Spencer Tracy Leading Roles,73604
323,Early Spencer Tracy Leading Roles,71432
323,Early Spencer Tracy Leading Roles,2698
323,Early Spencer Tracy Leading Roles,60555
323,Early Spencer Tracy Leading Roles,11916
323,Early Spencer Tracy Leading Roles,567948
323,Early Spencer Tracy Leading Roles,9614
323,Early Spencer Tracy Leading Roles,56718
323,Early Spencer Tracy Leading Roles,42640
323,Early Spencer Tracy Leading Roles,109843
323,Early Spencer Tracy Leading Roles,102295
323,Early Spencer Tracy Leading Roles,94616
323,Early Spencer Tracy Leading Roles,90523
323,Early Spencer Tracy Leading Roles,42141
323,Early Spencer Tracy Leading Roles,130461
323,Early Spencer Tracy Leading Roles,27681
323,Early Spencer Tracy Leading Roles,14629
323,Early Spencer Tracy Leading Roles,9260
323,Early Spencer Tracy Leading Roles,128048
323,Early Spencer Tracy Leading Roles,13105
323,Early Spencer Tracy Leading Roles,44465
323,Early Spencer Tracy Leading Roles,13496
323,Early Spencer Tracy Leading Roles,96702
323,Early Spencer Tracy Leading Roles,24772
323,Early Spencer Tracy Leading Roles,55236
323,Early Spencer Tracy Leading Roles,42822
323,Early Spencer Tracy Leading Roles,159047
323,Early Spencer Tracy Leading Roles,52936
323,Early Spencer Tracy Leading Roles,44367
323,Early Spencer Tracy Leading Roles,9424
323,Early Spencer Tracy Leading Roles,65489
323,Early Spencer Tracy Leading Roles,98257
323,Early Spencer Tracy Leading Roles,594130
323,Early Spencer Tracy Leading Roles,16084
323,Early Spencer Tracy Leading Roles,9429
323,Early Spencer Tracy Leading Roles,18391
323,Early Spencer Tracy Leading Roles,14040
323,Early Spencer Tracy Leading Roles,10329
323,Early Spencer Tracy Leading Roles,14425
323,Early Spencer Tracy Leading Roles,11358
323,Early Spencer Tracy Leading Roles,1380
323,Early Spencer Tracy Leading Roles,36586
323,Early Spencer Tracy Leading Roles,42347
323,Early Spencer Tracy Leading Roles,28270
323,Early Spencer Tracy Leading Roles,1647
323,Early Spencer Tracy Leading Roles,43119
323,Early Spencer Tracy Leading Roles,24054
323,Early Spencer Tracy Leading Roles,38775
323,Early Spencer Tracy Leading Roles,633
323,Early Spencer Tracy Leading Roles,63100
323,Early Spencer Tracy Leading Roles,41597
323,Early Spencer Tracy Leading Roles,79615
324,Biblical Allegories In Western Films,12160
324,Biblical Allegories In Western Films,58881
324,Biblical Allegories In Western Films,642
324,Biblical Allegories In Western Films,9474
324,Biblical Allegories In Western Films,26761
324,Biblical Allegories In Western Films,43785
324,Biblical Allegories In Western Films,51595
324,Biblical Allegories In Western Films,72472
324,Biblical Allegories In Western Films,17818
324,Biblical Allegories In Western Films,61594
324,Biblical Allegories In Western Films,18972
324,Biblical Allegories In Western Films,109468
324,Biblical Allegories In Western Films,201885
324,Biblical Allegories In Western Films,39459
324,Biblical Allegories In Western Films,682
324,Biblical Allegories In Western Films,37292
324,Biblical Allegories In Western Films,11694
324,Biblical Allegories In Western Films,8879
324,Biblical Allegories In Western Films,26928
324,Biblical Allegories In Western Films,32560
324,Biblical Allegories In Western Films,9394
324,Biblical Allegories In Western Films,48564
324,Biblical Allegories In Western Films,43829
324,Biblical Allegories In Western Films,52916
324,Biblical Allegories In Western Films,29496
324,Biblical Allegories In Western Films,11577
324,Biblical Allegories In Western Films,35001
324,Biblical Allegories In Western Films,29244
324,Biblical Allegories In Western Films,111037
324,Biblical Allegories In Western Films,28736
324,Biblical Allegories In Western Films,105536
324,Biblical Allegories In Western Films,149955
324,Biblical Allegories In Western Films,41667
324,Biblical Allegories In Western Films,147525
324,Biblical Allegories In Western Films,728136
324,Biblical Allegories In Western Films,38732
324,Biblical Allegories In Western Films,11853
324,Biblical Allegories In Western Films,71244
324,Biblical Allegories In Western Films,127564
324,Biblical Allegories In Western Films,18647
324,Biblical Allegories In Western Films,127064
324,Biblical Allegories In Western Films,670428
324,Biblical Allegories In Western Films,28894
324,Biblical Allegories In Western Films,12639
324,Biblical Allegories In Western Films,1248
324,Biblical Allegories In Western Films,36191
324,Biblical Allegories In Western Films,376287
324,Biblical Allegories In Western Films,26596
324,Biblical Allegories In Western Films,30054
324,Biblical Allegories In Western Films,38765
324,Biblical Allegories In Western Films,56431
324,Biblical Allegories In Western Films,18928
324,Biblical Allegories In Western Films,14837
324,Biblical Allegories In Western Films,81270
324,Biblical Allegories In Western Films,2042
324,Biblical Allegories In Western Films,1403
324,Biblical Allegories In Western Films,4476
324,Biblical Allegories In Western Films,11901
325,Mother Child Bonds Under Duress,44162
325,Mother Child Bonds Under Duress,644
325,Mother Child Bonds Under Duress,541572
325,Mother Child Bonds Under Duress,36871
325,Mother Child Bonds Under Duress,565386
325,Mother Child Bonds Under Duress,37135
325,Mother Child Bonds Under Duress,219408
325,Mother Child Bonds Under Duress,454291
325,Mother Child Bonds Under Duress,9623
325,Mother Child Bonds Under Duress,625568
325,Mother Child Bonds Under Duress,376867
325,Mother Child Bonds Under Duress,295592
325,Mother Child Bonds Under Duress,214314
325,Mother Child Bonds Under Duress,41131
325,Mother Child Bonds Under Duress,12717
325,Mother Child Bonds Under Duress,242224
325,Mother Child Bonds Under Duress,4658
325,Mother Child Bonds Under Duress,20532
325,Mother Child Bonds Under Duress,156597
325,Mother Child Bonds Under Duress,80310
325,Mother Child Bonds Under Duress,4538
325,Mother Child Bonds Under Duress,39867
325,Mother Child Bonds Under Duress,47678
325,Mother Child Bonds Under Duress,32579
325,Mother Child Bonds Under Duress,264644
325,Mother Child Bonds Under Duress,8900
325,Mother Child Bonds Under Duress,315205
325,Mother Child Bonds Under Duress,41799
325,Mother Child Bonds Under Duress,566213
325,Mother Child Bonds Under Duress,36304
325,Mother Child Bonds Under Duress,1114
325,Mother Child Bonds Under Duress,736732
325,Mother Child Bonds Under Duress,27103
325,Mother Child Bonds Under Duress,41184
325,Mother Child Bonds Under Duress,12518
325,Mother Child Bonds Under Duress,19049
325,Mother Child Bonds Under Duress,879977
326,Monty Python Alumni Projects,118275
326,Monty Python Alumni Projects,644
326,Monty Python Alumni Projects,9607
326,Monty Python Alumni Projects,723338
326,Monty Python Alumni Projects,59531
326,Monty Python Alumni Projects,121238
326,Monty Python Alumni Projects,72472
326,Monty Python Alumni Projects,71068
326,Monty Python Alumni Projects,314402
326,Monty Python Alumni Projects,1099557
326,Monty Python Alumni Projects,35114
326,Monty Python Alumni Projects,653610
326,Monty Python Alumni Projects,84140
326,Monty Python Alumni Projects,86828
326,Monty Python Alumni Projects,26672
326,Monty Python Alumni Projects,10805
326,Monty Python Alumni Projects,43837
326,Monty Python Alumni Projects,47168
326,Monty Python Alumni Projects,58048
326,Monty Python Alumni Projects,296130
326,Monty Python Alumni Projects,343880
326,Monty Python Alumni Projects,138829
326,Monty Python Alumni Projects,791373
326,Monty Python Alumni Projects,239568
326,Monty Python Alumni Projects,11609
326,Monty Python Alumni Projects,987
326,Monty Python Alumni Projects,24803
326,Monty Python Alumni Projects,499558
326,Monty Python Alumni Projects,579047
326,Monty Python Alumni Projects,316776
326,Monty Python Alumni Projects,85483
326,Monty Python Alumni Projects,49388
326,Monty Python Alumni Projects,32623
326,Monty Python Alumni Projects,20339
326,Monty Python Alumni Projects,954613
326,Monty Python Alumni Projects,256503
326,Monty Python Alumni Projects,20857
326,Monty Python Alumni Projects,38783
327,Pre Universal Monster Horror Films,653
327,Pre Universal Monster Horror Films,37901
327,Pre Universal Monster Horror Films,148112
327,Pre Universal Monster Horror Films,433808
327,Pre Universal Monster Horror Films,26515
327,Pre Universal Monster Horror Films,91283
327,Pre Universal Monster Horror Films,108181
327,Pre Universal Monster Horror Films,172828
327,Pre Universal Monster Horror Films,29474
327,Pre Universal Monster Horror Films,11683
327,Pre Universal Monster Horror Films,262182
327,Pre Universal Monster Horror Films,11815
327,Pre Universal Monster Horror Films,323366
327,Pre Universal Monster Horror Films,27179
327,Pre Universal Monster Horror Films,814
327,Pre Universal Monster Horror Films,14510
327,Pre Universal Monster Horror Films,26676
327,Pre Universal Monster Horror Films,32322
327,Pre Universal Monster Horror Films,18502
327,Pre Universal Monster Horror Films,3015
327,Pre Universal Monster Horror Films,26953
327,Pre Universal Monster Horror Films,3022
327,Pre Universal Monster Horror Films,416724
327,Pre Universal Monster Horror Films,2134
327,Pre Universal Monster Horror Films,395992
327,Pre Universal Monster Horror Films,37467
327,Pre Universal Monster Horror Films,270303
327,Pre Universal Monster Horror Films,4961
327,Pre Universal Monster Horror Films,37601
327,Pre Universal Monster Horror Films,112481
327,Pre Universal Monster Horror Films,254193
327,Pre Universal Monster Horror Films,9077
327,Pre Universal Monster Horror Films,86901
327,Pre Universal Monster Horror Films,109174
327,Pre Universal Monster Horror Films,72826
327,Pre Universal Monster Horror Films,29437
328,Psychological Horror Without Jump Scares,27522
328,Psychological Horror Without Jump Scares,9092
328,Psychological Horror Without Jump Scares,6537
328,Psychological Horror Without Jump Scares,779
328,Psychological Horror Without Jump Scares,35852
328,Psychological Horror Without Jump Scares,653
328,Psychological Horror Without Jump Scares,1933
328,Psychological Horror Without Jump Scares,13581
328,Psychological Horror Without Jump Scares,23439
328,Psychological Horror Without Jump Scares,24212
328,Psychological Horror Without Jump Scares,1396376
328,Psychological Horror Without Jump Scares,29466
328,Psychological Horror Without Jump Scares,805
328,Psychological Horror Without Jump Scares,46767
328,Psychological Horror Without Jump Scares,24111
328,Psychological Horror Without Jump Scares,16307
328,Psychological Horror Without Jump Scares,35253
328,Psychological Horror Without Jump Scares,325302
328,Psychological Horror Without Jump Scares,70199
328,Psychological Horror Without Jump Scares,9913
328,Psychological Horror Without Jump Scares,31417
328,Psychological Horror Without Jump Scares,458305
328,Psychological Horror Without Jump Scares,103620
328,Psychological Horror Without Jump Scares,3015
328,Psychological Horror Without Jump Scares,3016
328,Psychological Horror Without Jump Scares,3021
328,Psychological Horror Without Jump Scares,472269
328,Psychological Horror Without Jump Scares,9552
328,Psychological Horror Without Jump Scares,399057
328,Psychological Horror Without Jump Scares,409297
328,Psychological Horror Without Jump Scares,30931
328,Psychological Horror Without Jump Scares,29396
328,Psychological Horror Without Jump Scares,27607
328,Psychological Horror Without Jump Scares,155230
328,Psychological Horror Without Jump Scares,49126
328,Psychological Horror Without Jump Scares,27112
328,Psychological Horror Without Jump Scares,429417
328,Psychological Horror Without Jump Scares,21484
328,Psychological Horror Without Jump Scares,743021
328,Psychological Horror Without Jump Scares,12526
328,Psychological Horror Without Jump Scares,503919
328,Psychological Horror Without Jump Scares,26610
328,Psychological Horror Without Jump Scares,40952
328,Psychological Horror Without Jump Scares,11772
328,Psychological Horror Without Jump Scares,69631
329,GCHQ Based Spy Movies,19585
329,GCHQ Based Spy Movies,43915
329,GCHQ Based Spy Movies,112140
329,GCHQ Based Spy Movies,658
329,GCHQ Based Spy Movies,5780
329,GCHQ Based Spy Movies,4889
329,GCHQ Based Spy Movies,667
329,GCHQ Based Spy Movies,36642
329,GCHQ Based Spy Movies,20771
329,GCHQ Based Spy Movies,36643
329,GCHQ Based Spy Movies,497698
329,GCHQ Based Spy Movies,75944
329,GCHQ Based Spy Movies,21294
329,GCHQ Based Spy Movies,818
329,GCHQ Based Spy Movies,691
329,GCHQ Based Spy Movies,254904
329,GCHQ Based Spy Movies,59961
329,GCHQ Based Spy Movies,2106
329,GCHQ Based Spy Movies,954
329,GCHQ Based Spy Movies,5820
329,GCHQ Based Spy Movies,700
329,GCHQ Based Spy Movies,120509
329,GCHQ Based Spy Movies,401981
329,GCHQ Based Spy Movies,160704
329,GCHQ Based Spy Movies,710
329,GCHQ Based Spy Movies,37960
329,GCHQ Based Spy Movies,22090
329,GCHQ Based Spy Movies,431693
329,GCHQ Based Spy Movies,739405
329,GCHQ Based Spy Movies,368083
329,GCHQ Based Spy Movies,34388
329,GCHQ Based Spy Movies,46041
329,GCHQ Based Spy Movies,3692
329,GCHQ Based Spy Movies,1485166
329,GCHQ Based Spy Movies,156527
329,GCHQ Based Spy Movies,493551
329,GCHQ Based Spy Movies,724209
329,GCHQ Based Spy Movies,9080
329,GCHQ Based Spy Movies,985846
329,GCHQ Based Spy Movies,25720
330,Billy The Kid Historical Films,43392
330,Billy The Kid Historical Films,4228
330,Billy The Kid Historical Films,11780
330,Billy The Kid Historical Films,19076
330,Billy The Kid Historical Films,113290
330,Billy The Kid Historical Films,23438
330,Billy The Kid Historical Films,2447
330,Billy The Kid Historical Films,432527
330,Billy The Kid Historical Films,659
330,Billy The Kid Historical Films,122134
330,Billy The Kid Historical Films,10655
330,Billy The Kid Historical Films,12832
330,Billy The Kid Historical Films,212257
330,Billy The Kid Historical Films,52258
330,Billy The Kid Historical Films,58019
330,Billy The Kid Historical Films,8359
330,Billy The Kid Historical Films,581032
330,Billy The Kid Historical Films,1966
330,Billy The Kid Historical Films,635950
330,Billy The Kid Historical Films,72882
330,Billy The Kid Historical Films,41784
330,Billy The Kid Historical Films,53434
330,Billy The Kid Historical Films,12100
330,Billy The Kid Historical Films,520900
330,Billy The Kid Historical Films,65481
330,Billy The Kid Historical Films,37451
330,Billy The Kid Historical Films,41936
330,Billy The Kid Historical Films,87504
330,Billy The Kid Historical Films,41682
330,Billy The Kid Historical Films,594130
330,Billy The Kid Historical Films,1492
330,Billy The Kid Historical Films,85854
330,Billy The Kid Historical Films,14815
330,Billy The Kid Historical Films,38765
330,Billy The Kid Historical Films,42861
330,Billy The Kid Historical Films,190573
330,Billy The Kid Historical Films,280431
330,Billy The Kid Historical Films,355065
330,Billy The Kid Historical Films,80636
330,Billy The Kid Historical Films,895
331,Burma Campaign World War II,64128
331,Burma Campaign World War II,19463
331,Burma Campaign World War II,38407
331,Burma Campaign World War II,54797
331,Burma Campaign World War II,18706
331,Burma Campaign World War II,106259
331,Burma Campaign World War II,89239
331,Burma Campaign World War II,321303
331,Burma Campaign World War II,53657
331,Burma Campaign World War II,402199
331,Burma Campaign World War II,579831
331,Burma Campaign World War II,42140
331,Burma Campaign World War II,1566
331,Burma Campaign World War II,8738
331,Burma Campaign World War II,676
331,Burma Campaign World War II,25387
331,Burma Campaign World War II,43435
331,Burma Campaign World War II,269739
331,Burma Campaign World War II,94641
331,Burma Campaign World War II,94135
331,Burma Campaign World War II,13752
331,Burma Campaign World War II,60216
331,Burma Campaign World War II,90807
331,Burma Campaign World War II,41276
331,Burma Campaign World War II,31037
331,Burma Campaign World War II,20416
331,Burma Campaign World War II,73154
331,Burma Campaign World War II,279874
331,Burma Campaign World War II,55236
331,Burma Campaign World War II,55239
331,Burma Campaign World War II,36554
331,Burma Campaign World War II,42700
331,Burma Campaign World War II,22350
331,Burma Campaign World War II,300624
331,Burma Campaign World War II,978
331,Burma Campaign World War II,4820
331,Burma Campaign World War II,13524
331,Burma Campaign World War II,139862
331,Burma Campaign World War II,100443
331,Burma Campaign World War II,18780
331,Burma Campaign World War II,23388
331,Burma Campaign World War II,37853
331,Burma Campaign World War II,18783
331,Burma Campaign World War II,10592
331,Burma Campaign World War II,47453
331,Burma Campaign World War II,13922
331,Burma Campaign World War II,293982
331,Burma Campaign World War II,51044
331,Burma Campaign World War II,322020
331,Burma Campaign World War II,44136
331,Burma Campaign World War II,12651
331,Burma Campaign World War II,11372
331,Burma Campaign World War II,13935
331,Burma Campaign World War II,19953
331,Burma Campaign World War II,2290
331,Burma Campaign World War II,1783
331,Burma Campaign World War II,262009
331,Burma Campaign World War II,300155
331,Burma Campaign World War II,1210365
331,Burma Campaign World War II,10110
332,Historical Accuracy In War Films,27521
332,Historical Accuracy In War Films,33157
332,Historical Accuracy In War Films,264972
332,Historical Accuracy In War Films,5902
332,Historical Accuracy In War Films,146446
332,Historical Accuracy In War Films,74512
332,Historical Accuracy In War Films,201750
332,Historical Accuracy In War Films,18712
332,Historical Accuracy In War Films,65048
332,Historical Accuracy In War Films,327450
332,Historical Accuracy In War Films,10655
332,Historical Accuracy In War Films,29601
332,Historical Accuracy In War Films,31010
332,Historical Accuracy In War Films,58019
332,Historical Accuracy In War Films,676
332,Historical Accuracy In War Films,297762
332,Historical Accuracy In War Films,28966
332,Historical Accuracy In War Films,531876
332,Historical Accuracy In War Films,32041
332,Historical Accuracy In War Films,31018
332,Historical Accuracy In War Films,11948
332,Historical Accuracy In War Films,36143
332,Historical Accuracy In War Films,49330
332,Historical Accuracy In War Films,97845
332,Historical Accuracy In War Films,228150
332,Historical Accuracy In War Films,13752
332,Historical Accuracy In War Films,14392
332,Historical Accuracy In War Films,16442
332,Historical Accuracy In War Films,271674
332,Historical Accuracy In War Films,37694
332,Historical Accuracy In War Films,374720
332,Historical Accuracy In War Films,11463
332,Historical Accuracy In War Films,14538
332,Historical Accuracy In War Films,885331
332,Historical Accuracy In War Films,134362
332,Historical Accuracy In War Films,26843
332,Historical Accuracy In War Films,39519
332,Historical Accuracy In War Films,14433
332,Historical Accuracy In War Films,7010
332,Historical Accuracy In War Films,161512
332,Historical Accuracy In War Films,43884
332,Historical Accuracy In War Films,88558
332,Historical Accuracy In War Films,10479
332,Historical Accuracy In War Films,37103
332,Historical Accuracy In War Films,58736
332,Historical Accuracy In War Films,27123
332,Historical Accuracy In War Films,9333
332,Historical Accuracy In War Films,14582
332,Historical Accuracy In War Films,887
333,Military Industrial Complex Commentary Films,15877
333,Military Industrial Complex Commentary Films,1927
333,Military Industrial Complex Commentary Films,8327
333,Military Industrial Complex Commentary Films,13191
333,Military Industrial Complex Commentary Films,44688
333,Military Industrial Complex Commentary Films,40862
333,Military Industrial Complex Commentary Films,11551
333,Military Industrial Complex Commentary Films,14370
333,Military Industrial Complex Commentary Films,628900
333,Military Industrial Complex Commentary Films,1702
333,Military Industrial Complex Commentary Films,935
333,Military Industrial Complex Commentary Films,679
333,Military Industrial Complex Commentary Films,308266
333,Military Industrial Complex Commentary Films,31018
333,Military Industrial Complex Commentary Films,87469
333,Military Industrial Complex Commentary Films,91314
333,Military Industrial Complex Commentary Films,1724
333,Military Industrial Complex Commentary Films,7485
333,Military Industrial Complex Commentary Films,1726
333,Military Industrial Complex Commentary Films,20545
333,Military Industrial Complex Commentary Films,1858
333,Military Industrial Complex Commentary Films,27461
333,Military Industrial Complex Commentary Films,87621
333,Military Industrial Complex Commentary Films,23495
333,Military Industrial Complex Commentary Films,10313
333,Military Industrial Complex Commentary Films,14286
333,Military Industrial Complex Commentary Films,174675
333,Military Industrial Complex Commentary Films,222936
333,Military Industrial Complex Commentary Films,16995
333,Military Industrial Complex Commentary Films,322020
333,Military Industrial Complex Commentary Films,1894
333,Military Industrial Complex Commentary Films,14439
333,Military Industrial Complex Commentary Films,42470
333,Military Industrial Complex Commentary Films,43241
333,Military Industrial Complex Commentary Films,89708
333,Military Industrial Complex Commentary Films,115054
333,Military Industrial Complex Commentary Films,31606
333,Military Industrial Complex Commentary Films,416122
334,Tonal Shift Alien Movies,29058
334,Tonal Shift Alien Movies,29570
334,Tonal Shift Alien Movies,9348
334,Tonal Shift Alien Movies,23045
334,Tonal Shift Alien Movies,42628
334,Tonal Shift Alien Movies,44932
334,Tonal Shift Alien Movies,62472
334,Tonal Shift Alien Movies,18443
334,Tonal Shift Alien Movies,13836
334,Tonal Shift Alien Movies,69900
334,Tonal Shift Alien Movies,238603
334,Tonal Shift Alien Movies,560144
334,Tonal Shift Alien Movies,84626
334,Tonal Shift Alien Movies,422803
334,Tonal Shift Alien Movies,19483
334,Tonal Shift Alien Movies,34086
334,Tonal Shift Alien Movies,71469
334,Tonal Shift Alien Movies,686
334,Tonal Shift Alien Movies,31280
334,Tonal Shift Alien Movies,10547
334,Tonal Shift Alien Movies,9397
334,Tonal Shift Alien Movies,42684
334,Tonal Shift Alien Movies,634429
334,Tonal Shift Alien Movies,228161
334,Tonal Shift Alien Movies,1091
334,Tonal Shift Alien Movies,520901
334,Tonal Shift Alien Movies,840
334,Tonal Shift Alien Movies,20424
334,Tonal Shift Alien Movies,40140
334,Tonal Shift Alien Movies,43341
334,Tonal Shift Alien Movies,35668
334,Tonal Shift Alien Movies,3030
334,Tonal Shift Alien Movies,395992
334,Tonal Shift Alien Movies,19545
334,Tonal Shift Alien Movies,229346
334,Tonal Shift Alien Movies,20196
334,Tonal Shift Alien Movies,52199
334,Tonal Shift Alien Movies,50153
334,Tonal Shift Alien Movies,25834
334,Tonal Shift Alien Movies,10350
334,Tonal Shift Alien Movies,2164
334,Tonal Shift Alien Movies,23293
335,Early Swashbuckling Genre Definers,11649
335,Early Swashbuckling Genre Definers,996741
335,Early Swashbuckling Genre Definers,6278
335,Early Swashbuckling Genre Definers,3592
335,Early Swashbuckling Genre Definers,11400
335,Early Swashbuckling Genre Definers,31624
335,Early Swashbuckling Genre Definers,907
335,Early Swashbuckling Genre Definers,396042
335,Early Swashbuckling Genre Definers,11537
335,Early Swashbuckling Genre Definers,13207
335,Early Swashbuckling Genre Definers,244509
335,Early Swashbuckling Genre Definers,40095
335,Early Swashbuckling Genre Definers,9760
335,Early Swashbuckling Genre Definers,42657
335,Early Swashbuckling Genre Definers,494886
335,Early Swashbuckling Genre Definers,39464
335,Early Swashbuckling Genre Definers,8618
335,Early Swashbuckling Genre Definers,4523
335,Early Swashbuckling Genre Definers,277547
335,Early Swashbuckling Genre Definers,98477
335,Early Swashbuckling Genre Definers,28467
335,Early Swashbuckling Genre Definers,30644
335,Early Swashbuckling Genre Definers,133300
335,Early Swashbuckling Genre Definers,503736
335,Early Swashbuckling Genre Definers,11324
335,Early Swashbuckling Genre Definers,11454
335,Early Swashbuckling Genre Definers,703
335,Early Swashbuckling Genre Definers,1727
335,Early Swashbuckling Genre Definers,315841
335,Early Swashbuckling Genre Definers,223816
335,Early Swashbuckling Genre Definers,1865
335,Early Swashbuckling Genre Definers,19913
335,Early Swashbuckling Genre Definers,23115
335,Early Swashbuckling Genre Definers,1136074
335,Early Swashbuckling Genre Definers,734285
335,Early Swashbuckling Genre Definers,1103
335,Early Swashbuckling Genre Definers,37842
335,Early Swashbuckling Genre Definers,17108
335,Early Swashbuckling Genre Definers,19542
335,Early Swashbuckling Genre Definers,520023
335,Early Swashbuckling Genre Definers,28248
335,Early Swashbuckling Genre Definers,168408
335,Early Swashbuckling Genre Definers,38879
335,Early Swashbuckling Genre Definers,9824
335,Early Swashbuckling Genre Definers,73443
335,Early Swashbuckling Genre Definers,24804
335,Early Swashbuckling Genre Definers,2149
335,Early Swashbuckling Genre Definers,1016037
335,Early Swashbuckling Genre Definers,118887
335,Early Swashbuckling Genre Definers,535144
335,Early Swashbuckling Genre Definers,41964
335,Early Swashbuckling Genre Definers,628333
335,Early Swashbuckling Genre Definers,50544
335,Early Swashbuckling Genre Definers,3060
335,Early Swashbuckling Genre Definers,95990
335,Early Swashbuckling Genre Definers,283127
335,Early Swashbuckling Genre Definers,319993
335,Early Swashbuckling Genre Definers,115453
335,Early Swashbuckling Genre Definers,122751
336,British New Wave Social Realism,49921
336,British New Wave Social Realism,5769
336,British New Wave Social Realism,44938
336,British New Wave Social Realism,50697
336,British New Wave Social Realism,44940
336,British New Wave Social Realism,26509
336,British New Wave Social Realism,27917
336,British New Wave Social Realism,26639
336,British New Wave Social Realism,110479
336,British New Wave Social Realism,71701
336,British New Wave Social Realism,143128
336,British New Wave Social Realism,26535
336,British New Wave Social Realism,305714
336,British New Wave Social Realism,69557
336,British New Wave Social Realism,222773
336,British New Wave Social Realism,175164
336,British New Wave Social Realism,704
336,British New Wave Social Realism,24134
336,British New Wave Social Realism,13384
336,British New Wave Social Realism,14794
336,British New Wave Social Realism,21450
336,British New Wave Social Realism,18774
336,British New Wave Social Realism,50011
336,British New Wave Social Realism,43103
336,British New Wave Social Realism,76000
336,British New Wave Social Realism,42464
336,British New Wave Social Realism,44640
336,British New Wave Social Realism,42724
336,British New Wave Social Realism,33765
336,British New Wave Social Realism,16103
336,British New Wave Social Realism,140008
336,British New Wave Social Realism,43112
336,British New Wave Social Realism,34282
336,British New Wave Social Realism,157031
336,British New Wave Social Realism,43369
336,British New Wave Social Realism,210925
336,British New Wave Social Realism,15598
336,British New Wave Social Realism,37230
336,British New Wave Social Realism,160103
336,British New Wave Social Realism,32881
336,British New Wave Social Realism,37234
336,British New Wave Social Realism,45938
336,British New Wave Social Realism,104435
336,British New Wave Social Realism,57978
336,British New Wave Social Realism,42744
336,British New Wave Social Realism,171898
337,Serious Takes On Silly Premises,418305
337,Serious Takes On Silly Premises,18443
337,Serious Takes On Silly Premises,13198
337,Serious Takes On Silly Premises,8468
337,Serious Takes On Silly Premises,89749
337,Serious Takes On Silly Premises,97559
337,Serious Takes On Silly Premises,2075
337,Serious Takes On Silly Premises,43294
337,Serious Takes On Silly Premises,10399
337,Serious Takes On Silly Premises,80801
337,Serious Takes On Silly Premises,11042
337,Serious Takes On Silly Premises,53156
337,Serious Takes On Silly Premises,70436
337,Serious Takes On Silly Premises,31654
337,Serious Takes On Silly Premises,8487
337,Serious Takes On Silly Premises,209189
337,Serious Takes On Silly Premises,296360
337,Serious Takes On Silly Premises,40618
337,Serious Takes On Silly Premises,9387
337,Serious Takes On Silly Premises,24748
337,Serious Takes On Silly Premises,1584
337,Serious Takes On Silly Premises,1846
337,Serious Takes On Silly Premises,20662
337,Serious Takes On Silly Premises,2241
337,Serious Takes On Silly Premises,8769
337,Serious Takes On Silly Premises,26946
337,Serious Takes On Silly Premises,709
337,Serious Takes On Silly Premises,75848
337,Serious Takes On Silly Premises,11595
337,Serious Takes On Silly Premises,12619
337,Serious Takes On Silly Premises,2255
337,Serious Takes On Silly Premises,32720
337,Serious Takes On Silly Premises,24913
337,Serious Takes On Silly Premises,37842
337,Serious Takes On Silly Premises,345940
337,Serious Takes On Silly Premises,387426
337,Serious Takes On Silly Premises,6116
337,Serious Takes On Silly Premises,494822
337,Serious Takes On Silly Premises,84071
337,Serious Takes On Silly Premises,20210
337,Serious Takes On Silly Premises,259954
337,Serious Takes On Silly Premises,426613
337,Serious Takes On Silly Premises,38006
337,Serious Takes On Silly Premises,310135
337,Serious Takes On Silly Premises,873206
337,Serious Takes On Silly Premises,370172
338,Non White Savior Teacher Films,24961
338,Non White Savior Teacher Films,333185
338,Non White Savior Teacher Films,22787
338,Non White Savior Teacher Films,9093
338,Non White Savior Teacher Films,10760
338,Non White Savior Teacher Films,46094
338,Non White Savior Teacher Films,8338
338,Non White Savior Teacher Films,458131
338,Non White Savior Teacher Films,1945
338,Non White Savior Teacher Films,311324
338,Non White Savior Teacher Films,1951
338,Non White Savior Teacher Films,287904
338,Non White Savior Teacher Films,104485
338,Non White Savior Teacher Films,86696
338,Non White Savior Teacher Films,45610
338,Non White Savior Teacher Films,86956
338,Non White Savior Teacher Films,10673
338,Non White Savior Teacher Films,7859
338,Non White Savior Teacher Films,493623
338,Non White Savior Teacher Films,258489
338,Non White Savior Teacher Films,81215
338,Non White Savior Teacher Films,47808
338,Non White Savior Teacher Films,59712
338,Non White Savior Teacher Films,8388
338,Non White Savior Teacher Films,12100
338,Non White Savior Teacher Films,57926
338,Non White Savior Teacher Films,711
338,Non White Savior Teacher Films,24264
338,Non White Savior Teacher Films,47559
338,Non White Savior Teacher Films,408266
338,Non White Savior Teacher Films,520523
338,Non White Savior Teacher Films,47821
338,Non White Savior Teacher Films,96461
338,Non White Savior Teacher Films,10835
338,Non White Savior Teacher Films,20436
338,Non White Savior Teacher Films,28761
338,Non White Savior Teacher Films,12122
338,Non White Savior Teacher Films,12763
338,Non White Savior Teacher Films,24671
338,Non White Savior Teacher Films,22881
338,Non White Savior Teacher Films,29154
338,Non White Savior Teacher Films,228203
338,Non White Savior Teacher Films,1646
338,Non White Savior Teacher Films,9839
338,Non White Savior Teacher Films,12278
338,Non White Savior Teacher Films,58104
338,Non White Savior Teacher Films,20857
338,Non White Savior Teacher Films,102526
338,Non White Savior Teacher Films,13823
339,NCAA Corruption in Cinema,910
339,NCAA Corruption in Cinema,411023
339,NCAA Corruption in Cinema,1005331
339,NCAA Corruption in Cinema,25364
339,NCAA Corruption in Cinema,16406
339,NCAA Corruption in Cinema,2841
339,NCAA Corruption in Cinema,26268
339,NCAA Corruption in Cinema,47261
339,NCAA Corruption in Cinema,524323
339,NCAA Corruption in Cinema,9509
339,NCAA Corruption in Cinema,126759
339,NCAA Corruption in Cinema,36266
339,NCAA Corruption in Cinema,819
339,NCAA Corruption in Cinema,442293
339,NCAA Corruption in Cinema,1723
339,NCAA Corruption in Cinema,2620
339,NCAA Corruption in Cinema,829
339,NCAA Corruption in Cinema,98493
339,NCAA Corruption in Cinema,51263
339,NCAA Corruption in Cinema,86209
339,NCAA Corruption in Cinema,62789
339,NCAA Corruption in Cinema,398535
339,NCAA Corruption in Cinema,714
339,NCAA Corruption in Cinema,1365578
339,NCAA Corruption in Cinema,17487
339,NCAA Corruption in Cinema,146640
339,NCAA Corruption in Cinema,411606
339,NCAA Corruption in Cinema,1623
339,NCAA Corruption in Cinema,2264
339,NCAA Corruption in Cinema,38617
339,NCAA Corruption in Cinema,20443
339,NCAA Corruption in Cinema,84324
339,NCAA Corruption in Cinema,19819
339,NCAA Corruption in Cinema,28528
339,NCAA Corruption in Cinema,539765
339,NCAA Corruption in Cinema,271736
339,NCAA Corruption in Cinema,2042
340,Variety Show Format Feature Films,13824
340,Variety Show Format Feature Films,15489
340,Variety Show Format Feature Films,5638
340,Variety Show Format Feature Films,20105
340,Variety Show Format Feature Films,21266
340,Variety Show Format Feature Films,37530
340,Variety Show Format Feature Films,24092
340,Variety Show Format Feature Films,202012
340,Variety Show Format Feature Films,29601
340,Variety Show Format Feature Films,43176
340,Variety Show Format Feature Films,20529
340,Variety Show Format Feature Films,33331
340,Variety Show Format Feature Films,338355
340,Variety Show Format Feature Films,5558
340,Variety Show Format Feature Films,17591
340,Variety Show Format Feature Films,2620
340,Variety Show Format Feature Films,549053
340,Variety Show Format Feature Films,31678
340,Variety Show Format Feature Films,239423
340,Variety Show Format Feature Films,51392
340,Variety Show Format Feature Films,62527
340,Variety Show Format Feature Films,15171
340,Variety Show Format Feature Films,46148
340,Variety Show Format Feature Films,22984
340,Variety Show Format Feature Films,27977
340,Variety Show Format Feature Films,3146
340,Variety Show Format Feature Films,31048
340,Variety Show Format Feature Films,877135
340,Variety Show Format Feature Films,499537
340,Variety Show Format Feature Films,1362
340,Variety Show Format Feature Films,44502
340,Variety Show Format Feature Films,39767
340,Variety Show Format Feature Films,14040
340,Variety Show Format Feature Films,453974
340,Variety Show Format Feature Films,39002
340,Variety Show Format Feature Films,862553
340,Variety Show Format Feature Films,21468
340,Variety Show Format Feature Films,526050
340,Variety Show Format Feature Films,9699
340,Variety Show Format Feature Films,66150
340,Variety Show Format Feature Films,9836
340,Variety Show Format Feature Films,9965
340,Variety Show Format Feature Films,27245
340,Variety Show Format Feature Films,250480
340,Variety Show Format Feature Films,42098
340,Variety Show Format Feature Films,756
340,Variety Show Format Feature Films,51572
340,Variety Show Format Feature Films,2171
340,Variety Show Format Feature Films,46334
341,Female Isolation Character Studies,10625
341,Female Isolation Character Studies,121986
341,Female Isolation Character Studies,208515
341,Female Isolation Character Studies,36612
341,Female Isolation Character Studies,597891
341,Female Isolation Character Studies,42506
341,Female Isolation Character Studies,19851
341,Female Isolation Character Studies,1548
341,Female Isolation Character Studies,13196
341,Female Isolation Character Studies,10894
341,Female Isolation Character Studies,11023
341,Female Isolation Character Studies,41996
341,Female Isolation Character Studies,44944
341,Female Isolation Character Studies,39314
341,Female Isolation Character Studies,70412
341,Female Isolation Character Studies,96156
341,Female Isolation Character Studies,411038
341,Female Isolation Character Studies,24481
341,Female Isolation Character Studies,42914
341,Female Isolation Character Studies,43042
341,Female Isolation Character Studies,1958
341,Female Isolation Character Studies,41768
341,Female Isolation Character Studies,79401
341,Female Isolation Character Studies,193321
341,Female Isolation Character Studies,23724
341,Female Isolation Character Studies,55086
341,Female Isolation Character Studies,263855
341,Female Isolation Character Studies,80560
341,Female Isolation Character Studies,11191
341,Female Isolation Character Studies,5179
341,Female Isolation Character Studies,10944
341,Female Isolation Character Studies,128578
341,Female Isolation Character Studies,65015
341,Female Isolation Character Studies,130885
341,Female Isolation Character Studies,206277
341,Female Isolation Character Studies,31303
341,Female Isolation Character Studies,547404
341,Female Isolation Character Studies,31952
341,Female Isolation Character Studies,11986
341,Female Isolation Character Studies,566228
341,Female Isolation Character Studies,42585
341,Female Isolation Character Studies,43865
341,Female Isolation Character Studies,4191
341,Female Isolation Character Studies,96097
341,Female Isolation Character Studies,290149
341,Female Isolation Character Studies,1259
341,Female Isolation Character Studies,3309
341,Female Isolation Character Studies,3055
341,Female Isolation Character Studies,880
341,Female Isolation Character Studies,279669
341,Female Isolation Character Studies,10998
341,Female Isolation Character Studies,759
341,Female Isolation Character Studies,554230
341,Female Isolation Character Studies,166393
341,Female Isolation Character Studies,873206
341,Female Isolation Character Studies,46203
341,Female Isolation Character Studies,43901
342,Golden Age MGM Musical Biopics,17281
342,Golden Age MGM Musical Biopics,19590
342,Golden Age MGM Musical Biopics,18700
342,Golden Age MGM Musical Biopics,17677
342,Golden Age MGM Musical Biopics,3087
342,Golden Age MGM Musical Biopics,42767
342,Golden Age MGM Musical Biopics,25105
342,Golden Age MGM Musical Biopics,43029
342,Golden Age MGM Musical Biopics,278805
342,Golden Age MGM Musical Biopics,98328
342,Golden Age MGM Musical Biopics,31513
342,Golden Age MGM Musical Biopics,22682
342,Golden Age MGM Musical Biopics,17820
342,Golden Age MGM Musical Biopics,221346
342,Golden Age MGM Musical Biopics,186531
342,Golden Age MGM Musical Biopics,41253
342,Golden Age MGM Musical Biopics,1574
342,Golden Age MGM Musical Biopics,43176
342,Golden Age MGM Musical Biopics,34857
342,Golden Age MGM Musical Biopics,121899
342,Golden Age MGM Musical Biopics,124472
342,Golden Age MGM Musical Biopics,355515
342,Golden Age MGM Musical Biopics,43196
342,Golden Age MGM Musical Biopics,1725
342,Golden Age MGM Musical Biopics,29885
342,Golden Age MGM Musical Biopics,11839
342,Golden Age MGM Musical Biopics,96700
342,Golden Age MGM Musical Biopics,162236
342,Golden Age MGM Musical Biopics,43458
342,Golden Age MGM Musical Biopics,53446
342,Golden Age MGM Musical Biopics,242631
342,Golden Age MGM Musical Biopics,43518
342,Golden Age MGM Musical Biopics,109898
342,Golden Age MGM Musical Biopics,33740
342,Golden Age MGM Musical Biopics,218321
342,Golden Age MGM Musical Biopics,43859
342,Golden Age MGM Musical Biopics,40916
342,Golden Age MGM Musical Biopics,43862
342,Golden Age MGM Musical Biopics,24662
342,Golden Age MGM Musical Biopics,35032
342,Golden Age MGM Musical Biopics,21468
342,Golden Age MGM Musical Biopics,43872
342,Golden Age MGM Musical Biopics,17889
342,Golden Age MGM Musical Biopics,25698
342,Golden Age MGM Musical Biopics,32610
342,Golden Age MGM Musical Biopics,130684
342,Golden Age MGM Musical Biopics,13671
342,Golden Age MGM Musical Biopics,43239
342,Golden Age MGM Musical Biopics,1469161
342,Golden Age MGM Musical Biopics,18283
342,Golden Age MGM Musical Biopics,28907
342,Golden Age MGM Musical Biopics,32619
342,Golden Age MGM Musical Biopics,43890
342,Golden Age MGM Musical Biopics,43894
342,Golden Age MGM Musical Biopics,759
342,Golden Age MGM Musical Biopics,65787
342,Golden Age MGM Musical Biopics,96252
342,Golden Age MGM Musical Biopics,17917
342,Golden Age MGM Musical Biopics,43390
343,Remakes That Miss Original Magic,18823
343,Remakes That Miss Original Magic,401544
343,Remakes That Miss Original Magic,204553
343,Remakes That Miss Original Magic,329996
343,Remakes That Miss Original Magic,9359
343,Remakes That Miss Original Magic,520466
343,Remakes That Miss Original Magic,13207
343,Remakes That Miss Original Magic,1815
343,Remakes That Miss Original Magic,2200
343,Remakes That Miss Original Magic,97434
343,Remakes That Miss Original Magic,28187
343,Remakes That Miss Original Magic,13341
343,Remakes That Miss Original Magic,25376
343,Remakes That Miss Original Magic,8356
343,Remakes That Miss Original Magic,806
343,Remakes That Miss Original Magic,4520
343,Remakes That Miss Original Magic,9769
343,Remakes That Miss Original Magic,260535
343,Remakes That Miss Original Magic,9656
343,Remakes That Miss Original Magic,1598
343,Remakes That Miss Original Magic,36670
343,Remakes That Miss Original Magic,12096
343,Remakes That Miss Original Magic,103620
343,Remakes That Miss Original Magic,15944
343,Remakes That Miss Original Magic,9291
343,Remakes That Miss Original Magic,11085
343,Remakes That Miss Original Magic,491473
343,Remakes That Miss Original Magic,22998
343,Remakes That Miss Original Magic,395990
343,Remakes That Miss Original Magic,29400
343,Remakes That Miss Original Magic,24795
343,Remakes That Miss Original Magic,225633
343,Remakes That Miss Original Magic,47848
343,Remakes That Miss Original Magic,228074
343,Remakes That Miss Original Magic,30071
343,Remakes That Miss Original Magic,765
343,Remakes That Miss Original Magic,27646
344,Drill Team Competition Movies,9988
344,Drill Team Competition Movies,773
344,Drill Team Competition Movies,50566
344,Drill Team Competition Movies,12808
344,Drill Team Competition Movies,138122
344,Drill Team Competition Movies,70160
344,Drill Team Competition Movies,593680
344,Drill Team Competition Movies,28692
344,Drill Team Competition Movies,286875
344,Drill Team Competition Movies,15392
344,Drill Team Competition Movies,52517
344,Drill Team Competition Movies,42158
344,Drill Team Competition Movies,113843
344,Drill Team Competition Movies,1588
344,Drill Team Competition Movies,20277
344,Drill Team Competition Movies,335797
344,Drill Team Competition Movies,14008
344,Drill Team Competition Movies,425148
344,Drill Team Competition Movies,24767
344,Drill Team Competition Movies,9279
344,Drill Team Competition Movies,28736
344,Drill Team Competition Movies,47808
344,Drill Team Competition Movies,10947
344,Drill Team Competition Movies,189888
344,Drill Team Competition Movies,200000
344,Drill Team Competition Movies,140870
344,Drill Team Competition Movies,241863
344,Drill Team Competition Movies,245698
344,Drill Team Competition Movies,8009
344,Drill Team Competition Movies,549321
344,Drill Team Competition Movies,667969
344,Drill Team Competition Movies,63574
344,Drill Team Competition Movies,16988
344,Drill Team Competition Movies,9053
344,Drill Team Competition Movies,9312
344,Drill Team Competition Movies,11873
344,Drill Team Competition Movies,65632
344,Drill Team Competition Movies,14052
344,Drill Team Competition Movies,14055
344,Drill Team Competition Movies,516336
344,Drill Team Competition Movies,303483
344,Drill Team Competition Movies,16636
344,Drill Team Competition Movies,531454
345,First Contact With Alien Species,44932
345,First Contact With Alien Species,23045
345,First Contact With Alien Species,775
345,First Contact With Alien Species,329865
345,First Contact With Alien Species,9612
345,First Contact With Alien Species,299537
345,First Contact With Alien Species,10514
345,First Contact With Alien Species,2067
345,First Contact With Alien Species,8851
345,First Contact With Alien Species,17938
345,First Contact With Alien Species,31254
345,First Contact With Alien Species,19483
345,First Contact With Alien Species,299687
345,First Contact With Alien Species,71469
345,First Contact With Alien Species,59189
345,First Contact With Alien Species,38582
345,First Contact With Alien Species,76600
345,First Contact With Alien Species,204730
345,First Contact With Alien Species,828
345,First Contact With Alien Species,20031
345,First Contact With Alien Species,228161
345,First Contact With Alien Species,718789
345,First Contact With Alien Species,401867
345,First Contact With Alien Species,10328
345,First Contact With Alien Species,19545
345,First Contact With Alien Species,68828
345,First Contact With Alien Species,43230
345,First Contact With Alien Species,34276
345,First Contact With Alien Species,48101
345,First Contact With Alien Species,14822
345,First Contact With Alien Species,52199
345,First Contact With Alien Species,50153
345,First Contact With Alien Species,401513
345,First Contact With Alien Species,18158
345,First Contact With Alien Species,115054
345,First Contact With Alien Species,365942
345,First Contact With Alien Species,27642
345,First Contact With Alien Species,44796
346,Drawing Room Social Dramas,443009
346,Drawing Room Social Dramas,89862
346,Drawing Room Social Dramas,888710
346,Drawing Room Social Dramas,776
346,Drawing Room Social Dramas,558218
346,Drawing Room Social Dramas,1555
346,Drawing Room Social Dramas,160148
346,Drawing Room Social Dramas,26520
346,Drawing Room Social Dramas,43255
346,Drawing Room Social Dramas,37916
346,Drawing Room Social Dramas,31900
346,Drawing Room Social Dramas,39837
346,Drawing Room Social Dramas,5279
346,Drawing Room Social Dramas,48925
346,Drawing Room Social Dramas,192671
346,Drawing Room Social Dramas,353569
346,Drawing Room Social Dramas,16804
346,Drawing Room Social Dramas,47909
346,Drawing Room Social Dramas,54568
346,Drawing Room Social Dramas,93610
346,Drawing Room Social Dramas,170925
346,Drawing Room Social Dramas,542126
346,Drawing Room Social Dramas,72113
346,Drawing Room Social Dramas,21301
346,Drawing Room Social Dramas,308409
346,Drawing Room Social Dramas,48833
346,Drawing Room Social Dramas,32066
346,Drawing Room Social Dramas,51394
346,Drawing Room Social Dramas,39495
346,Drawing Room Social Dramas,25673
346,Drawing Room Social Dramas,97356
346,Drawing Room Social Dramas,47695
346,Drawing Room Social Dramas,40913
346,Drawing Room Social Dramas,93525
346,Drawing Room Social Dramas,86616
346,Drawing Room Social Dramas,99800
346,Drawing Room Social Dramas,619354
346,Drawing Room Social Dramas,47837
346,Drawing Room Social Dramas,70366
346,Drawing Room Social Dramas,83809
346,Drawing Room Social Dramas,802403
346,Drawing Room Social Dramas,76388
346,Drawing Room Social Dramas,60261
346,Drawing Room Social Dramas,43112
346,Drawing Room Social Dramas,89065
346,Drawing Room Social Dramas,143980
346,Drawing Room Social Dramas,1773
346,Drawing Room Social Dramas,44919
346,Drawing Room Social Dramas,39934
347,Known Outcome Historical Suspense Films,70912
347,Known Outcome Historical Suspense Films,87041
347,Known Outcome Historical Suspense Films,19972
347,Known Outcome Historical Suspense Films,62204
347,Known Outcome Historical Suspense Films,85000
347,Known Outcome Historical Suspense Films,14729
347,Known Outcome Historical Suspense Films,192142
347,Known Outcome Historical Suspense Films,783
347,Known Outcome Historical Suspense Films,760336
347,Known Outcome Historical Suspense Films,1168917
347,Known Outcome Historical Suspense Films,45335
347,Known Outcome Historical Suspense Films,441498
347,Known Outcome Historical Suspense Films,579831
347,Known Outcome Historical Suspense Films,3100
347,Known Outcome Historical Suspense Films,44963
347,Known Outcome Historical Suspense Films,35494
347,Known Outcome Historical Suspense Films,384680
347,Known Outcome Historical Suspense Films,8618
347,Known Outcome Historical Suspense Films,76203
347,Known Outcome Historical Suspense Films,1141805
347,Known Outcome Historical Suspense Films,353326
347,Known Outcome Historical Suspense Films,627502
347,Known Outcome Historical Suspense Films,1368112
347,Known Outcome Historical Suspense Films,758323
347,Known Outcome Historical Suspense Films,33588
347,Known Outcome Historical Suspense Films,65590
347,Known Outcome Historical Suspense Films,10935
347,Known Outcome Historical Suspense Films,75450
347,Known Outcome Historical Suspense Films,728125
347,Known Outcome Historical Suspense Films,29630
347,Known Outcome Historical Suspense Films,44736
347,Known Outcome Historical Suspense Films,9665
347,Known Outcome Historical Suspense Films,61891
347,Known Outcome Historical Suspense Films,11973
347,Known Outcome Historical Suspense Films,105158
347,Known Outcome Historical Suspense Films,378949
347,Known Outcome Historical Suspense Films,2000
347,Known Outcome Historical Suspense Films,314837
347,Known Outcome Historical Suspense Films,10971
347,Known Outcome Historical Suspense Films,130267
347,Known Outcome Historical Suspense Films,501084
347,Known Outcome Historical Suspense Films,4702
347,Known Outcome Historical Suspense Films,728928
347,Known Outcome Historical Suspense Films,3682
347,Known Outcome Historical Suspense Films,12900
347,Known Outcome Historical Suspense Films,50791
347,Known Outcome Historical Suspense Films,1399784
347,Known Outcome Historical Suspense Films,120813
347,Known Outcome Historical Suspense Films,319994
347,Known Outcome Historical Suspense Films,111479
347,Known Outcome Historical Suspense Films,23928
347,Known Outcome Historical Suspense Films,209274
347,Known Outcome Historical Suspense Films,16635
347,Known Outcome Historical Suspense Films,4348
347,Known Outcome Historical Suspense Films,39934
347,Known Outcome Historical Suspense Films,402298
348,Gold Rush Era Musical Films,12545
348,Gold Rush Era Musical Films,49409
348,Gold Rush Era Musical Films,28293
348,Gold Rush Era Musical Films,43145
348,Gold Rush Era Musical Films,20492
348,Gold Rush Era Musical Films,29204
348,Gold Rush Era Musical Films,3989
348,Gold Rush Era Musical Films,33813
348,Gold Rush Era Musical Films,31511
348,Gold Rush Era Musical Films,10776
348,Gold Rush Era Musical Films,793
348,Gold Rush Era Musical Films,31513
348,Gold Rush Era Musical Films,36120
348,Gold Rush Era Musical Films,108055
348,Gold Rush Era Musical Films,109600
348,Gold Rush Era Musical Films,215843
348,Gold Rush Era Musical Films,1574
348,Gold Rush Era Musical Films,20391
348,Gold Rush Era Musical Films,60966
348,Gold Rush Era Musical Films,43689
348,Gold Rush Era Musical Films,13994
348,Gold Rush Era Musical Films,20785
348,Gold Rush Era Musical Films,2098
348,Gold Rush Era Musical Films,549559
348,Gold Rush Era Musical Films,13368
348,Gold Rush Era Musical Films,14906
348,Gold Rush Era Musical Films,4543
348,Gold Rush Era Musical Films,48833
348,Gold Rush Era Musical Films,433091
348,Gold Rush Era Musical Films,28100
348,Gold Rush Era Musical Films,43465
348,Gold Rush Era Musical Films,35275
348,Gold Rush Era Musical Films,43853
348,Gold Rush Era Musical Films,4688
348,Gold Rush Era Musical Films,106833
348,Gold Rush Era Musical Films,306644
348,Gold Rush Era Musical Films,88920
348,Gold Rush Era Musical Films,22492
348,Gold Rush Era Musical Films,3681
348,Gold Rush Era Musical Films,43239
348,Gold Rush Era Musical Films,105577
348,Gold Rush Era Musical Films,31980
348,Gold Rush Era Musical Films,97519
348,Gold Rush Era Musical Films,41204
348,Gold Rush Era Musical Films,13816
348,Gold Rush Era Musical Films,15739
348,Gold Rush Era Musical Films,18684
348,Gold Rush Era Musical Films,43518
349,Teen Crime Spree Movies,13824
349,Teen Crime Spree Movies,396289
349,Teen Crime Spree Movies,9346
349,Teen Crime Spree Movies,13704
349,Teen Crime Spree Movies,9100
349,Teen Crime Spree Movies,3600
349,Teen Crime Spree Movies,520720
349,Teen Crime Spree Movies,590995
349,Teen Crime Spree Movies,446101
349,Teen Crime Spree Movies,40600
349,Teen Crime Spree Movies,13339
349,Teen Crime Spree Movies,796
349,Teen Crime Spree Movies,27681
349,Teen Crime Spree Movies,15142
349,Teen Crime Spree Movies,69798
349,Teen Crime Spree Movies,15144
349,Teen Crime Spree Movies,74790
349,Teen Crime Spree Movies,94249
349,Teen Crime Spree Movies,96936
349,Teen Crime Spree Movies,11054
349,Teen Crime Spree Movies,94257
349,Teen Crime Spree Movies,37428
349,Teen Crime Spree Movies,15671
349,Teen Crime Spree Movies,22327
349,Teen Crime Spree Movies,2108
349,Teen Crime Spree Movies,23614
349,Teen Crime Spree Movies,4927
349,Teen Crime Spree Movies,13505
349,Teen Crime Spree Movies,10050
349,Teen Crime Spree Movies,9285
349,Teen Crime Spree Movies,59977
349,Teen Crime Spree Movies,18892
349,Teen Crime Spree Movies,68684
349,Teen Crime Spree Movies,2640
349,Teen Crime Spree Movies,376660
349,Teen Crime Spree Movies,26326
349,Teen Crime Spree Movies,1885
349,Teen Crime Spree Movies,277217
349,Teen Crime Spree Movies,9954
349,Teen Crime Spree Movies,44899
349,Teen Crime Spree Movies,286565
349,Teen Crime Spree Movies,10342
349,Teen Crime Spree Movies,10985
349,Teen Crime Spree Movies,17130
349,Teen Crime Spree Movies,10735
349,Teen Crime Spree Movies,11247
349,Teen Crime Spree Movies,14191
349,Teen Crime Spree Movies,25199
349,Teen Crime Spree Movies,26483
349,Teen Crime Spree Movies,27376
349,Teen Crime Spree Movies,54004
349,Teen Crime Spree Movies,54005
349,Teen Crime Spree Movies,21879
349,Teen Crime Spree Movies,200447
349,Teen Crime Spree Movies,35711
350,Women's Wartime Industrial Revolution Stories,296449
350,Women's Wartime Industrial Revolution Stories,43526
350,Women's Wartime Industrial Revolution Stories,31623
350,Women's Wartime Industrial Revolution Stories,15497
350,Women's Wartime Industrial Revolution Stories,700681
350,Women's Wartime Industrial Revolution Stories,126219
350,Women's Wartime Industrial Revolution Stories,101772
350,Women's Wartime Industrial Revolution Stories,11661
350,Women's Wartime Industrial Revolution Stories,18446
350,Women's Wartime Industrial Revolution Stories,49807
350,Women's Wartime Industrial Revolution Stories,2576
350,Women's Wartime Industrial Revolution Stories,75155
350,Women's Wartime Industrial Revolution Stories,801
350,Women's Wartime Industrial Revolution Stories,42401
350,Women's Wartime Industrial Revolution Stories,80806
350,Women's Wartime Industrial Revolution Stories,30890
350,Women's Wartime Industrial Revolution Stories,73898
350,Women's Wartime Industrial Revolution Stories,9774
350,Women's Wartime Industrial Revolution Stories,12335
350,Women's Wartime Industrial Revolution Stories,5937
350,Women's Wartime Industrial Revolution Stories,305714
350,Women's Wartime Industrial Revolution Stories,100536
350,Women's Wartime Industrial Revolution Stories,826680
350,Women's Wartime Industrial Revolution Stories,1077182
350,Women's Wartime Industrial Revolution Stories,19525
350,Women's Wartime Industrial Revolution Stories,51016
350,Women's Wartime Industrial Revolution Stories,35019
350,Women's Wartime Industrial Revolution Stories,27085
350,Women's Wartime Industrial Revolution Stories,392271
350,Women's Wartime Industrial Revolution Stories,97108
350,Women's Wartime Industrial Revolution Stories,853
350,Women's Wartime Industrial Revolution Stories,43100
350,Women's Wartime Industrial Revolution Stories,53607
350,Women's Wartime Industrial Revolution Stories,117608
350,Women's Wartime Industrial Revolution Stories,115821
350,Women's Wartime Industrial Revolution Stories,25838
350,Women's Wartime Industrial Revolution Stories,37103
350,Women's Wartime Industrial Revolution Stories,49391
350,Women's Wartime Industrial Revolution Stories,19953
350,Women's Wartime Industrial Revolution Stories,41975
350,Women's Wartime Industrial Revolution Stories,378108
350,Women's Wartime Industrial Revolution Stories,31998
351,Medical Gaslighting in Horror Films,36992
351,Medical Gaslighting in Horror Films,96648
351,Medical Gaslighting in Horror Films,297608
351,Medical Gaslighting in Horror Films,27274
351,Medical Gaslighting in Horror Films,336265
351,Medical Gaslighting in Horror Films,27276
351,Medical Gaslighting in Horror Films,11281
351,Medical Gaslighting in Horror Films,330770
351,Medical Gaslighting in Horror Films,375569
351,Medical Gaslighting in Horror Films,27284
351,Medical Gaslighting in Horror Films,25750
351,Medical Gaslighting in Horror Films,18839
351,Medical Gaslighting in Horror Films,199578
351,Medical Gaslighting in Horror Films,87451
351,Medical Gaslighting in Horror Films,2974
351,Medical Gaslighting in Horror Films,1694
351,Medical Gaslighting in Horror Films,12192
351,Medical Gaslighting in Horror Films,1698
351,Medical Gaslighting in Horror Films,98851
351,Medical Gaslighting in Horror Films,805
351,Medical Gaslighting in Horror Films,102693
351,Medical Gaslighting in Horror Films,18215
351,Medical Gaslighting in Horror Films,11306
351,Medical Gaslighting in Horror Films,13483
351,Medical Gaslighting in Horror Films,79915
351,Medical Gaslighting in Horror Films,9902
351,Medical Gaslighting in Horror Films,46767
351,Medical Gaslighting in Horror Films,7216
351,Medical Gaslighting in Horror Films,37169
351,Medical Gaslighting in Horror Films,37426
351,Medical Gaslighting in Horror Films,393519
351,Medical Gaslighting in Horror Films,17334
351,Medical Gaslighting in Horror Films,31417
351,Medical Gaslighting in Horror Films,17212
351,Medical Gaslighting in Horror Films,246719
351,Medical Gaslighting in Horror Films,126277
351,Medical Gaslighting in Horror Films,3145
351,Medical Gaslighting in Horror Films,63311
351,Medical Gaslighting in Horror Films,399057
351,Medical Gaslighting in Horror Films,2262
351,Medical Gaslighting in Horror Films,11223
351,Medical Gaslighting in Horror Films,13784
351,Medical Gaslighting in Horror Films,108382
351,Medical Gaslighting in Horror Films,4961
351,Medical Gaslighting in Horror Films,340837
351,Medical Gaslighting in Horror Films,157544
351,Medical Gaslighting in Horror Films,41966
351,Medical Gaslighting in Horror Films,19184
351,Medical Gaslighting in Horror Films,40952
351,Medical Gaslighting in Horror Films,80633
352,Urban Isolation Horror Stories Films,285700
352,Urban Isolation Horror Stories Films,297608
352,Urban Isolation Horror Stories Films,45964
352,Urban Isolation Horror Stories Films,28941
352,Urban Isolation Horror Stories Films,1551
352,Urban Isolation Horror Stories Films,44690
352,Urban Isolation Horror Stories Films,20115
352,Urban Isolation Horror Stories Films,197010
352,Urban Isolation Horror Stories Films,1690
352,Urban Isolation Horror Stories Films,11298
352,Urban Isolation Horror Stories Films,805
352,Urban Isolation Horror Stories Films,15660
352,Urban Isolation Horror Stories Films,31032
352,Urban Isolation Horror Stories Films,11327
352,Urban Isolation Horror Stories Films,160070
352,Urban Isolation Horror Stories Films,82507
352,Urban Isolation Horror Stories Films,30924
352,Urban Isolation Horror Stories Films,424781
352,Urban Isolation Horror Stories Films,23761
352,Urban Isolation Horror Stories Films,20306
352,Urban Isolation Horror Stories Films,44625
352,Urban Isolation Horror Stories Films,21208
352,Urban Isolation Horror Stories Films,18011
352,Urban Isolation Horror Stories Films,5595
352,Urban Isolation Horror Stories Films,20701
352,Urban Isolation Horror Stories Films,9566
352,Urban Isolation Horror Stories Films,713704
352,Urban Isolation Horror Stories Films,32237
352,Urban Isolation Horror Stories Films,4722
352,Urban Isolation Horror Stories Films,55538
352,Urban Isolation Horror Stories Films,42740
352,Urban Isolation Horror Stories Films,311539
352,Urban Isolation Horror Stories Films,862965
352,Urban Isolation Horror Stories Films,28153
352,Urban Isolation Horror Stories Films,32250
352,Urban Isolation Horror Stories Films,66043
353,Don Bluth's Dark Animation Style,20352
353,Don Bluth's Dark Animation Style,13187
353,Don Bluth's Dark Animation Style,85508
353,Don Bluth's Dark Animation Style,355460
353,Don Bluth's Dark Animation Style,430214
353,Don Bluth's Dark Animation Style,547588
353,Don Bluth's Dark Animation Style,569094
353,Don Bluth's Dark Animation Style,295693
353,Don Bluth's Dark Animation Style,46990
353,Don Bluth's Dark Animation Style,967951
353,Don Bluth's Dark Animation Style,436120
353,Don Bluth's Dark Animation Style,474395
353,Don Bluth's Dark Animation Style,73884
353,Don Bluth's Dark Animation Style,31518
353,Don Bluth's Dark Animation Style,24101
353,Don Bluth's Dark Animation Style,11688
353,Don Bluth's Dark Animation Style,83114
353,Don Bluth's Dark Animation Style,128938
353,Don Bluth's Dark Animation Style,812
353,Don Bluth's Dark Animation Style,10545
353,Don Bluth's Dark Animation Style,11827
353,Don Bluth's Dark Animation Style,44729
353,Don Bluth's Dark Animation Style,355066
353,Don Bluth's Dark Animation Style,10555
353,Don Bluth's Dark Animation Style,481084
353,Don Bluth's Dark Animation Style,387962
353,Don Bluth's Dark Animation Style,44480
353,Don Bluth's Dark Animation Style,917696
353,Don Bluth's Dark Animation Style,13379
353,Don Bluth's Dark Animation Style,12230
353,Don Bluth's Dark Animation Style,12105
353,Don Bluth's Dark Animation Style,49742
353,Don Bluth's Dark Animation Style,475215
353,Don Bluth's Dark Animation Style,1362
353,Don Bluth's Dark Animation Style,11224
353,Don Bluth's Dark Animation Style,32089
353,Don Bluth's Dark Animation Style,844251
353,Don Bluth's Dark Animation Style,31967
353,Don Bluth's Dark Animation Style,21348
353,Don Bluth's Dark Animation Style,11497
353,Don Bluth's Dark Animation Style,39148
353,Don Bluth's Dark Animation Style,15981
353,Don Bluth's Dark Animation Style,4978
353,Don Bluth's Dark Animation Style,73714
353,Don Bluth's Dark Animation Style,109301
353,Don Bluth's Dark Animation Style,25078
353,Don Bluth's Dark Animation Style,324857
353,Don Bluth's Dark Animation Style,73594
353,Don Bluth's Dark Animation Style,484862
354,Modern Urban Loneliness Explorations,82698
354,Modern Urban Loneliness Explorations,209802
354,Modern Urban Loneliness Explorations,429200
354,Modern Urban Loneliness Explorations,29972
354,Modern Urban Loneliness Explorations,1813
354,Modern Urban Loneliness Explorations,76822
354,Modern Urban Loneliness Explorations,242582
354,Modern Urban Loneliness Explorations,943001
354,Modern Urban Loneliness Explorations,41252
354,Modern Urban Loneliness Explorations,244268
354,Modern Urban Loneliness Explorations,814
354,Modern Urban Loneliness Explorations,7343
354,Modern Urban Loneliness Explorations,575793
354,Modern Urban Loneliness Explorations,130739
354,Modern Urban Loneliness Explorations,240566
354,Modern Urban Loneliness Explorations,84026
354,Modern Urban Loneliness Explorations,247483
354,Modern Urban Loneliness Explorations,595900
354,Modern Urban Loneliness Explorations,1403070
354,Modern Urban Loneliness Explorations,600000
354,Modern Urban Loneliness Explorations,111940
354,Modern Urban Loneliness Explorations,17478
354,Modern Urban Loneliness Explorations,210119
354,Modern Urban Loneliness Explorations,394955
354,Modern Urban Loneliness Explorations,34764
354,Modern Urban Loneliness Explorations,26317
354,Modern Urban Loneliness Explorations,239563
354,Modern Urban Loneliness Explorations,83540
354,Modern Urban Loneliness Explorations,4952
354,Modern Urban Loneliness Explorations,41050
354,Modern Urban Loneliness Explorations,2266
354,Modern Urban Loneliness Explorations,10843
354,Modern Urban Loneliness Explorations,25053
354,Modern Urban Loneliness Explorations,2269
354,Modern Urban Loneliness Explorations,97370
354,Modern Urban Loneliness Explorations,213342
354,Modern Urban Loneliness Explorations,892774
354,Modern Urban Loneliness Explorations,128876
354,Modern Urban Loneliness Explorations,662638
354,Modern Urban Loneliness Explorations,45938
354,Modern Urban Loneliness Explorations,81524
354,Modern Urban Loneliness Explorations,18421
354,Modern Urban Loneliness Explorations,116094
355,Irving Berlin Musical Adaptations,28032
355,Irving Berlin Musical Adaptations,17281
355,Irving Berlin Musical Adaptations,196867
355,Irving Berlin Musical Adaptations,489092
355,Irving Berlin Musical Adaptations,10373
355,Irving Berlin Musical Adaptations,82695
355,Irving Berlin Musical Adaptations,237067
355,Irving Berlin Musical Adaptations,204948
355,Irving Berlin Musical Adaptations,36759
355,Irving Berlin Musical Adaptations,1439
355,Irving Berlin Musical Adaptations,10144
355,Irving Berlin Musical Adaptations,11424
355,Irving Berlin Musical Adaptations,17696
355,Irving Berlin Musical Adaptations,18978
355,Irving Berlin Musical Adaptations,41253
355,Irving Berlin Musical Adaptations,47784
355,Irving Berlin Musical Adaptations,24105
355,Irving Berlin Musical Adaptations,34857
355,Irving Berlin Musical Adaptations,672298
355,Irving Berlin Musical Adaptations,447277
355,Irving Berlin Musical Adaptations,458423
355,Irving Berlin Musical Adaptations,824
355,Irving Berlin Musical Adaptations,673593
355,Irving Berlin Musical Adaptations,46011
355,Irving Berlin Musical Adaptations,17729
355,Irving Berlin Musical Adaptations,26177
355,Irving Berlin Musical Adaptations,28100
355,Irving Berlin Musical Adaptations,29380
355,Irving Berlin Musical Adaptations,11335
355,Irving Berlin Musical Adaptations,248780
355,Irving Berlin Musical Adaptations,49742
355,Irving Berlin Musical Adaptations,215502
355,Irving Berlin Musical Adaptations,4688
355,Irving Berlin Musical Adaptations,24272
355,Irving Berlin Musical Adaptations,214100
355,Irving Berlin Musical Adaptations,10197
355,Irving Berlin Musical Adaptations,206296
355,Irving Berlin Musical Adaptations,30809
355,Irving Berlin Musical Adaptations,41947
355,Irving Berlin Musical Adaptations,1393627
355,Irving Berlin Musical Adaptations,9444
355,Irving Berlin Musical Adaptations,11113
355,Irving Berlin Musical Adaptations,316779
355,Irving Berlin Musical Adaptations,11631
355,Irving Berlin Musical Adaptations,109301
355,Irving Berlin Musical Adaptations,118908
355,Irving Berlin Musical Adaptations,64255
356,Multi Generational Family Dynamic Films,664576
356,Multi Generational Family Dynamic Films,29450
356,Multi Generational Family Dynamic Films,1552
356,Multi Generational Family Dynamic Films,54931
356,Multi Generational Family Dynamic Films,89492
356,Multi Generational Family Dynamic Films,11036
356,Multi Generational Family Dynamic Films,38303
356,Multi Generational Family Dynamic Films,16161
356,Multi Generational Family Dynamic Films,466852
356,Multi Generational Family Dynamic Films,340402
356,Multi Generational Family Dynamic Films,825
356,Multi Generational Family Dynamic Films,2493
356,Multi Generational Family Dynamic Films,37056
356,Multi Generational Family Dynamic Films,25538
356,Multi Generational Family Dynamic Films,13379
356,Multi Generational Family Dynamic Films,38722
356,Multi Generational Family Dynamic Films,568645
356,Multi Generational Family Dynamic Films,880966
356,Multi Generational Family Dynamic Films,972230
356,Multi Generational Family Dynamic Films,518604
356,Multi Generational Family Dynamic Films,610253
356,Multi Generational Family Dynamic Films,20436
356,Multi Generational Family Dynamic Films,11861
356,Multi Generational Family Dynamic Films,11862
356,Multi Generational Family Dynamic Films,37080
356,Multi Generational Family Dynamic Films,9820
356,Multi Generational Family Dynamic Films,1487197
356,Multi Generational Family Dynamic Films,44898
356,Multi Generational Family Dynamic Films,73443
356,Multi Generational Family Dynamic Films,540643
356,Multi Generational Family Dynamic Films,2277
356,Multi Generational Family Dynamic Films,478946
356,Multi Generational Family Dynamic Films,731235
356,Multi Generational Family Dynamic Films,446696
356,Multi Generational Family Dynamic Films,798051
356,Multi Generational Family Dynamic Films,17771
356,Multi Generational Family Dynamic Films,25069
356,Multi Generational Family Dynamic Films,698609
356,Multi Generational Family Dynamic Films,92402
356,Multi Generational Family Dynamic Films,285812
356,Multi Generational Family Dynamic Films,332024
356,Multi Generational Family Dynamic Films,11897
356,Multi Generational Family Dynamic Films,26748
356,Multi Generational Family Dynamic Films,2302
357,Pre Pirates Caribbean Swashbucklers,1408
357,Pre Pirates Caribbean Swashbucklers,91648
357,Pre Pirates Caribbean Swashbucklers,21256
357,Pre Pirates Caribbean Swashbucklers,21641
357,Pre Pirates Caribbean Swashbucklers,84107
357,Pre Pirates Caribbean Swashbucklers,19087
357,Pre Pirates Caribbean Swashbucklers,26643
357,Pre Pirates Caribbean Swashbucklers,122134
357,Pre Pirates Caribbean Swashbucklers,225943
357,Pre Pirates Caribbean Swashbucklers,104602
357,Pre Pirates Caribbean Swashbucklers,12187
357,Pre Pirates Caribbean Swashbucklers,8859
357,Pre Pirates Caribbean Swashbucklers,10779
357,Pre Pirates Caribbean Swashbucklers,25627
357,Pre Pirates Caribbean Swashbucklers,26525
357,Pre Pirates Caribbean Swashbucklers,100128
357,Pre Pirates Caribbean Swashbucklers,116767
357,Pre Pirates Caribbean Swashbucklers,315946
357,Pre Pirates Caribbean Swashbucklers,1580
357,Pre Pirates Caribbean Swashbucklers,83633
357,Pre Pirates Caribbean Swashbucklers,1979
357,Pre Pirates Caribbean Swashbucklers,9660
357,Pre Pirates Caribbean Swashbucklers,1724
357,Pre Pirates Caribbean Swashbucklers,64316
357,Pre Pirates Caribbean Swashbucklers,11202
357,Pre Pirates Caribbean Swashbucklers,8005
357,Pre Pirates Caribbean Swashbucklers,9798
357,Pre Pirates Caribbean Swashbucklers,39494
357,Pre Pirates Caribbean Swashbucklers,9416
357,Pre Pirates Caribbean Swashbucklers,18760
357,Pre Pirates Caribbean Swashbucklers,21964
357,Pre Pirates Caribbean Swashbucklers,845
357,Pre Pirates Caribbean Swashbucklers,30929
357,Pre Pirates Caribbean Swashbucklers,10067
357,Pre Pirates Caribbean Swashbucklers,14676
357,Pre Pirates Caribbean Swashbucklers,42583
357,Pre Pirates Caribbean Swashbucklers,415836
357,Pre Pirates Caribbean Swashbucklers,35432
357,Pre Pirates Caribbean Swashbucklers,53873
357,Pre Pirates Caribbean Swashbucklers,12279
357,Pre Pirates Caribbean Swashbucklers,118014
357,Pre Pirates Caribbean Swashbucklers,13183
358,Power Corrupts Historical Character Studies,5257
358,Power Corrupts Historical Character Studies,55562
358,Power Corrupts Historical Character Studies,55310
358,Power Corrupts Historical Character Studies,1810
358,Power Corrupts Historical Character Studies,501395
358,Power Corrupts Historical Character Studies,568467
358,Power Corrupts Historical Character Studies,320277
358,Power Corrupts Historical Character Studies,83990
358,Power Corrupts Historical Character Studies,392982
358,Power Corrupts Historical Character Studies,11162
358,Power Corrupts Historical Character Studies,83354
358,Power Corrupts Historical Character Studies,38428
358,Power Corrupts Historical Character Studies,205596
358,Power Corrupts Historical Character Studies,240801
358,Power Corrupts Historical Character Studies,91426
358,Power Corrupts Historical Character Studies,55971
358,Power Corrupts Historical Character Studies,376866
358,Power Corrupts Historical Character Studies,65323
358,Power Corrupts Historical Character Studies,40878
358,Power Corrupts Historical Character Studies,789295
358,Power Corrupts Historical Character Studies,5040
358,Power Corrupts Historical Character Studies,32945
358,Power Corrupts Historical Character Studies,7093
358,Power Corrupts Historical Character Studies,68023
358,Power Corrupts Historical Character Studies,14392
358,Power Corrupts Historical Character Studies,77624
358,Power Corrupts Historical Character Studies,31675
358,Power Corrupts Historical Character Studies,423612
358,Power Corrupts Historical Character Studies,753342
358,Power Corrupts Historical Character Studies,83147
358,Power Corrupts Historical Character Studies,853
358,Power Corrupts Historical Character Studies,45269
358,Power Corrupts Historical Character Studies,411093
358,Power Corrupts Historical Character Studies,88794
358,Power Corrupts Historical Character Studies,654052
358,Power Corrupts Historical Character Studies,329829
358,Power Corrupts Historical Character Studies,330982
358,Power Corrupts Historical Character Studies,874
358,Power Corrupts Historical Character Studies,429422
358,Power Corrupts Historical Character Studies,42997
358,Power Corrupts Historical Character Studies,45943
358,Power Corrupts Historical Character Studies,17277
358,Power Corrupts Historical Character Studies,494974
358,Power Corrupts Historical Character Studies,68351
359,Non Combat Military Drama Films,109441
359,Non Combat Military Drama Films,65799
359,Non Combat Military Drama Films,15497
359,Non Combat Military Drama Films,54391
359,Non Combat Military Drama Films,66569
359,Non Combat Military Drama Films,498448
359,Non Combat Military Drama Films,89239
359,Non Combat Military Drama Films,11161
359,Non Combat Military Drama Films,453273
359,Non Combat Military Drama Films,517148
359,Non Combat Military Drama Films,4643
359,Non Combat Military Drama Films,343843
359,Non Combat Military Drama Films,15267
359,Non Combat Military Drama Films,14886
359,Non Combat Military Drama Films,390054
359,Non Combat Military Drama Films,419709
359,Non Combat Military Drama Films,263855
359,Non Combat Military Drama Films,101297
359,Non Combat Military Drama Films,396212
359,Non Combat Military Drama Films,28089
359,Non Combat Military Drama Films,61370
359,Non Combat Military Drama Films,25405
359,Non Combat Military Drama Films,98493
359,Non Combat Military Drama Films,56143
359,Non Combat Military Drama Films,65489
359,Non Combat Military Drama Films,392788
359,Non Combat Military Drama Films,32084
359,Non Combat Military Drama Films,855
359,Non Combat Military Drama Films,321751
359,Non Combat Military Drama Films,74714
359,Non Combat Military Drama Films,14044
359,Non Combat Military Drama Films,11101
359,Non Combat Military Drama Films,37853
359,Non Combat Military Drama Films,10590
359,Non Combat Military Drama Films,64481
359,Non Combat Military Drama Films,887
359,Non Combat Military Drama Films,118141
359,Non Combat Military Drama Films,154623
360,Destructive Love Stories In Cinema,33155
360,Destructive Love Stories In Cinema,84355
360,Destructive Love Stories In Cinema,420622
360,Destructive Love Stories In Cinema,544401
360,Destructive Love Stories In Cinema,48404
360,Destructive Love Stories In Cinema,43798
360,Destructive Love Stories In Cinema,18329
360,Destructive Love Stories In Cinema,114201
360,Destructive Love Stories In Cinema,614939
360,Destructive Love Stories In Cinema,41244
360,Destructive Love Stories In Cinema,417820
360,Destructive Love Stories In Cinema,130719
360,Destructive Love Stories In Cinema,43430
360,Destructive Love Stories In Cinema,455207
360,Destructive Love Stories In Cinema,337960
360,Destructive Love Stories In Cinema,513576
360,Destructive Love Stories In Cinema,47018
360,Destructive Love Stories In Cinema,21035
360,Destructive Love Stories In Cinema,1581
360,Destructive Love Stories In Cinema,2611
360,Destructive Love Stories In Cinema,2613
360,Destructive Love Stories In Cinema,23478
360,Destructive Love Stories In Cinema,77878
360,Destructive Love Stories In Cinema,60281
360,Destructive Love Stories In Cinema,10938
360,Destructive Love Stories In Cinema,50363
360,Destructive Love Stories In Cinema,63418
360,Destructive Love Stories In Cinema,2621
360,Destructive Love Stories In Cinema,318781
360,Destructive Love Stories In Cinema,4032
360,Destructive Love Stories In Cinema,263105
360,Destructive Love Stories In Cinema,180290
360,Destructive Love Stories In Cinema,776515
360,Destructive Love Stories In Cinema,603204
360,Destructive Love Stories In Cinema,589049
360,Destructive Love Stories In Cinema,8390
360,Destructive Love Stories In Cinema,60363
360,Destructive Love Stories In Cinema,13132
360,Destructive Love Stories In Cinema,37964
360,Destructive Love Stories In Cinema,18254
360,Destructive Love Stories In Cinema,87115
360,Destructive Love Stories In Cinema,470219
360,Destructive Love Stories In Cinema,11986
360,Destructive Love Stories In Cinema,105045
360,Destructive Love Stories In Cinema,9560
360,Destructive Love Stories In Cinema,74585
360,Destructive Love Stories In Cinema,858
360,Destructive Love Stories In Cinema,205017
360,Destructive Love Stories In Cinema,989
360,Destructive Love Stories In Cinema,2143
360,Destructive Love Stories In Cinema,143841
360,Destructive Love Stories In Cinema,583143
360,Destructive Love Stories In Cinema,15976
360,Destructive Love Stories In Cinema,27112
360,Destructive Love Stories In Cinema,455401
360,Destructive Love Stories In Cinema,517104
360,Destructive Love Stories In Cinema,15859
360,Destructive Love Stories In Cinema,18169
361,Reality Fantasy Blend British Films,123652
361,Reality Fantasy Blend British Films,227973
361,Reality Fantasy Blend British Films,653574
361,Reality Fantasy Blend British Films,239367
361,Reality Fantasy Blend British Films,116745
361,Reality Fantasy Blend British Films,8217
361,Reality Fantasy Blend British Films,159770
361,Reality Fantasy Blend British Films,20763
361,Reality Fantasy Blend British Films,13597
361,Reality Fantasy Blend British Films,10654
361,Reality Fantasy Blend British Films,72996
361,Reality Fantasy Blend British Films,26535
361,Reality Fantasy Blend British Films,19120
361,Reality Fantasy Blend British Films,7857
361,Reality Fantasy Blend British Films,14898
361,Reality Fantasy Blend British Films,41777
361,Reality Fantasy Blend British Films,42034
361,Reality Fantasy Blend British Films,34101
361,Reality Fantasy Blend British Films,450608
361,Reality Fantasy Blend British Films,962
361,Reality Fantasy Blend British Films,88264
361,Reality Fantasy Blend British Films,11337
361,Reality Fantasy Blend British Films,77771
361,Reality Fantasy Blend British Films,200011
361,Reality Fantasy Blend British Films,23629
361,Reality Fantasy Blend British Films,2769
361,Reality Fantasy Blend British Films,21972
361,Reality Fantasy Blend British Films,10202
361,Reality Fantasy Blend British Films,33115
361,Reality Fantasy Blend British Films,59995
361,Reality Fantasy Blend British Films,9821
361,Reality Fantasy Blend British Films,42590
361,Reality Fantasy Blend British Films,27103
361,Reality Fantasy Blend British Films,74461
361,Reality Fantasy Blend British Films,10849
361,Reality Fantasy Blend British Films,866
361,Reality Fantasy Blend British Films,36833
361,Reality Fantasy Blend British Films,120801
361,Reality Fantasy Blend British Films,9716
361,Reality Fantasy Blend British Films,43126
362,Post Apartheid South African Cinema,170113
362,Post Apartheid South African Cinema,409476
362,Post Apartheid South African Cinema,461957
362,Post Apartheid South African Cinema,463896
362,Post Apartheid South African Cinema,514463
362,Post Apartheid South African Cinema,158755
362,Post Apartheid South African Cinema,62247
362,Post Apartheid South African Cinema,48554
362,Post Apartheid South African Cinema,156717
362,Post Apartheid South African Cinema,122161
362,Post Apartheid South African Cinema,34615
362,Post Apartheid South African Cinema,31031
362,Post Apartheid South African Cinema,58169
362,Post Apartheid South African Cinema,59961
362,Post Apartheid South African Cinema,158273
362,Post Apartheid South African Cinema,144067
362,Post Apartheid South African Cinema,173893
362,Post Apartheid South African Cinema,42185
362,Post Apartheid South African Cinema,32075
362,Post Apartheid South African Cinema,214219
362,Post Apartheid South African Cinema,410830
362,Post Apartheid South African Cinema,79570
362,Post Apartheid South African Cinema,93011
362,Post Apartheid South African Cinema,128210
362,Post Apartheid South African Cinema,79706
362,Post Apartheid South African Cinema,185567
362,Post Apartheid South African Cinema,35936
362,Post Apartheid South African Cinema,15201
362,Post Apartheid South African Cinema,200548
362,Post Apartheid South African Cinema,868
362,Post Apartheid South African Cinema,13542
362,Post Apartheid South African Cinema,334694
362,Post Apartheid South African Cinema,197607
362,Post Apartheid South African Cinema,197615
362,Post Apartheid South African Cinema,136305
362,Post Apartheid South African Cinema,60665
362,Post Apartheid South African Cinema,16635
362,Post Apartheid South African Cinema,1251838
362,Post Apartheid South African Cinema,800383
363,Mental Illness As Plot Device,23169
363,Mental Illness As Plot Device,127105
363,Mental Illness As Plot Device,2309
363,Mental Illness As Plot Device,38408
363,Mental Illness As Plot Device,322447
363,Mental Illness As Plot Device,432527
363,Mental Illness As Plot Device,22549
363,Mental Illness As Plot Device,206487
363,Mental Illness As Plot Device,31513
363,Mental Illness As Plot Device,55198
363,Mental Illness As Plot Device,51999
363,Mental Illness As Plot Device,10144
363,Mental Illness As Plot Device,479776
363,Mental Illness As Plot Device,38563
363,Mental Illness As Plot Device,2981
363,Mental Illness As Plot Device,7461
363,Mental Illness As Plot Device,96936
363,Mental Illness As Plot Device,17962
363,Mental Illness As Plot Device,85420
363,Mental Illness As Plot Device,23470
363,Mental Illness As Plot Device,15157
363,Mental Illness As Plot Device,33333
363,Mental Illness As Plot Device,26935
363,Mental Illness As Plot Device,1592
363,Mental Illness As Plot Device,1979
363,Mental Illness As Plot Device,10050
363,Mental Illness As Plot Device,351044
363,Mental Illness As Plot Device,446021
363,Mental Illness As Plot Device,12106
363,Mental Illness As Plot Device,10955
363,Mental Illness As Plot Device,22090
363,Mental Illness As Plot Device,138829
363,Mental Illness As Plot Device,401867
363,Mental Illness As Plot Device,22998
363,Mental Illness As Plot Device,17111
363,Mental Illness As Plot Device,4823
363,Mental Illness As Plot Device,330457
363,Mental Illness As Plot Device,3418
363,Mental Illness As Plot Device,446807
363,Mental Illness As Plot Device,130684
363,Mental Illness As Plot Device,44899
363,Mental Illness As Plot Device,24420
363,Mental Illness As Plot Device,189668
363,Mental Illness As Plot Device,58470
363,Mental Illness As Plot Device,21991
363,Mental Illness As Plot Device,872
363,Mental Illness As Plot Device,81894
363,Mental Illness As Plot Device,18672
363,Mental Illness As Plot Device,102524
363,Mental Illness As Plot Device,273271
363,Mental Illness As Plot Device,43132
363,Mental Illness As Plot Device,31998
364,Progressive Race Films Pre-1960,63617
364,Progressive Race Films Pre-1960,900
364,Progressive Race Films Pre-1960,34187
364,Progressive Race Films Pre-1960,17804
364,Progressive Race Films Pre-1960,130450
364,Progressive Race Films Pre-1960,33811
364,Progressive Race Films Pre-1960,87060
364,Progressive Race Films Pre-1960,78229
364,Progressive Race Films Pre-1960,23574
364,Progressive Race Films Pre-1960,34456
364,Progressive Race Films Pre-1960,94616
364,Progressive Race Films Pre-1960,17820
364,Progressive Race Films Pre-1960,27045
364,Progressive Race Films Pre-1960,43306
364,Progressive Race Films Pre-1960,21036
364,Progressive Race Films Pre-1960,33839
364,Progressive Race Films Pre-1960,23728
364,Progressive Race Films Pre-1960,339380
364,Progressive Race Films Pre-1960,23478
364,Progressive Race Films Pre-1960,43318
364,Progressive Race Films Pre-1960,9660
364,Progressive Race Films Pre-1960,80572
364,Progressive Race Films Pre-1960,96700
364,Progressive Race Films Pre-1960,3010
364,Progressive Race Films Pre-1960,37954
364,Progressive Race Films Pre-1960,128578
364,Progressive Race Films Pre-1960,196291
364,Progressive Race Films Pre-1960,12614
364,Progressive Race Films Pre-1960,6474
364,Progressive Race Films Pre-1960,9043
364,Progressive Race Films Pre-1960,106837
364,Progressive Race Films Pre-1960,163293
364,Progressive Race Films Pre-1960,27112
364,Progressive Race Films Pre-1960,24936
364,Progressive Race Films Pre-1960,880
364,Progressive Race Films Pre-1960,18672
364,Progressive Race Films Pre-1960,23152
364,Progressive Race Films Pre-1960,25209
364,Progressive Race Films Pre-1960,67323
364,Progressive Race Films Pre-1960,113916
364,Progressive Race Films Pre-1960,40957
365,Post War Identity Crisis Films,43136
365,Post War Identity Crisis Films,113921
365,Post War Identity Crisis Films,10244
365,Post War Identity Crisis Films,48267
365,Post War Identity Crisis Films,64651
365,Post War Identity Crisis Films,18573
365,Post War Identity Crisis Films,30095
365,Post War Identity Crisis Films,92432
365,Post War Identity Crisis Films,979599
365,Post War Identity Crisis Films,38042
365,Post War Identity Crisis Films,38171
365,Post War Identity Crisis Films,42142
365,Post War Identity Crisis Films,43294
365,Post War Identity Crisis Films,38432
365,Post War Identity Crisis Films,100257
365,Post War Identity Crisis Films,17058
365,Post War Identity Crisis Films,46754
365,Post War Identity Crisis Films,41131
365,Post War Identity Crisis Films,19884
365,Post War Identity Crisis Films,25900
365,Post War Identity Crisis Films,42541
365,Post War Identity Crisis Films,65581
365,Post War Identity Crisis Films,189999
365,Post War Identity Crisis Films,20017
365,Post War Identity Crisis Films,25650
365,Post War Identity Crisis Films,155956
365,Post War Identity Crisis Films,6968
365,Post War Identity Crisis Films,4412
365,Post War Identity Crisis Films,43456
365,Post War Identity Crisis Films,24003
365,Post War Identity Crisis Films,44100
365,Post War Identity Crisis Films,56135
365,Post War Identity Crisis Films,139466
365,Post War Identity Crisis Films,43467
365,Post War Identity Crisis Films,10834
365,Post War Identity Crisis Films,14674
365,Post War Identity Crisis Films,67411
365,Post War Identity Crisis Films,36949
365,Post War Identity Crisis Films,2262
365,Post War Identity Crisis Films,85844
365,Post War Identity Crisis Films,34652
365,Post War Identity Crisis Films,42077
365,Post War Identity Crisis Films,117212
365,Post War Identity Crisis Films,16227
365,Post War Identity Crisis Films,93669
365,Post War Identity Crisis Films,9063
365,Post War Identity Crisis Films,166888
365,Post War Identity Crisis Films,27112
365,Post War Identity Crisis Films,14572
365,Post War Identity Crisis Films,18929
365,Post War Identity Crisis Films,88562
365,Post War Identity Crisis Films,28914
365,Post War Identity Crisis Films,115572
365,Post War Identity Crisis Films,254578
365,Post War Identity Crisis Films,41206
365,Post War Identity Crisis Films,887
365,Post War Identity Crisis Films,41464
365,Post War Identity Crisis Films,44026
365,Post War Identity Crisis Films,46334
366,Reagan Era Urban Crisis Films,1669
366,Reagan Era Urban Crisis Films,69765
366,Reagan Era Urban Crisis Films,28424
366,Reagan Era Urban Crisis Films,230154
366,Reagan Era Urban Crisis Films,14220
366,Reagan Era Urban Crisis Films,909
366,Reagan Era Urban Crisis Films,84884
366,Reagan Era Urban Crisis Films,121623
366,Reagan Era Urban Crisis Films,55192
366,Reagan Era Urban Crisis Films,218778
366,Reagan Era Urban Crisis Films,804251
366,Reagan Era Urban Crisis Films,42140
366,Reagan Era Urban Crisis Films,10784
366,Reagan Era Urban Crisis Films,65953
366,Reagan Era Urban Crisis Films,47906
366,Reagan Era Urban Crisis Films,78370
366,Reagan Era Urban Crisis Films,346658
366,Reagan Era Urban Crisis Films,492452
366,Reagan Era Urban Crisis Films,653731
366,Reagan Era Urban Crisis Films,392744
366,Reagan Era Urban Crisis Films,418472
366,Reagan Era Urban Crisis Films,21291
366,Reagan Era Urban Crisis Films,27568
366,Reagan Era Urban Crisis Films,94257
366,Reagan Era Urban Crisis Films,163123
366,Reagan Era Urban Crisis Films,681011
366,Reagan Era Urban Crisis Films,43959
366,Reagan Era Urban Crisis Films,327864
366,Reagan Era Urban Crisis Films,11706
366,Reagan Era Urban Crisis Films,109757
366,Reagan Era Urban Crisis Films,121789
366,Reagan Era Urban Crisis Films,356414
366,Reagan Era Urban Crisis Films,20545
366,Reagan Era Urban Crisis Films,479426
366,Reagan Era Urban Crisis Films,14279
366,Reagan Era Urban Crisis Films,10952
366,Reagan Era Urban Crisis Films,28874
366,Reagan Era Urban Crisis Films,35659
366,Reagan Era Urban Crisis Films,85327
366,Reagan Era Urban Crisis Films,475215
366,Reagan Era Urban Crisis Films,175953
366,Reagan Era Urban Crisis Films,407890
366,Reagan Era Urban Crisis Films,926676
366,Reagan Era Urban Crisis Films,703445
366,Reagan Era Urban Crisis Films,321751
366,Reagan Era Urban Crisis Films,10971
366,Reagan Era Urban Crisis Films,554972
366,Reagan Era Urban Crisis Films,13919
366,Reagan Era Urban Crisis Films,39781
366,Reagan Era Urban Crisis Films,948713
366,Reagan Era Urban Crisis Films,503150
366,Reagan Era Urban Crisis Films,42095
366,Reagan Era Urban Crisis Films,347123
366,Reagan Era Urban Crisis Films,542836
367,Non Combat World War Films,14087
367,Non Combat World War Films,52367
367,Non Combat World War Films,19728
367,Non Combat World War Films,16912
367,Non Combat World War Films,914
367,Non Combat World War Films,42130
367,Non Combat World War Films,102419
367,Non Combat World War Films,2325
367,Non Combat World War Films,256917
367,Non Combat World War Films,364051
367,Non Combat World War Films,438799
367,Non Combat World War Films,451480
367,Non Combat World War Films,42401
367,Non Combat World War Films,297762
367,Non Combat World War Films,55971
367,Non Combat World War Films,77223
367,Non Combat World War Films,13614
367,Non Combat World War Films,627502
367,Non Combat World War Films,354937
367,Non Combat World War Films,65587
367,Non Combat World War Films,47155
367,Non Combat World War Films,121141
367,Non Combat World War Films,228150
367,Non Combat World War Films,338355
367,Non Combat World War Films,60216
367,Non Combat World War Films,51007
367,Non Combat World War Films,102081
367,Non Combat World War Films,31427
367,Non Combat World War Films,217162
367,Non Combat World War Films,21451
367,Non Combat World War Films,392271
367,Non Combat World War Films,45522
367,Non Combat World War Films,18389
367,Non Combat World War Films,475094
367,Non Combat World War Films,69847
367,Non Combat World War Films,38360
367,Non Combat World War Films,26198
367,Non Combat World War Films,467675
367,Non Combat World War Films,11101
367,Non Combat World War Films,2016
367,Non Combat World War Films,3683
367,Non Combat World War Films,32867
367,Non Combat World War Films,259171
367,Non Combat World War Films,39142
367,Non Combat World War Films,227688
367,Non Combat World War Films,8429
367,Non Combat World War Films,4461
367,Non Combat World War Films,198509
367,Non Combat World War Films,60525
367,Non Combat World War Films,72431
367,Non Combat World War Films,75888
367,Non Combat World War Films,9075
367,Non Combat World War Films,3060
367,Non Combat World War Films,29048
367,Non Combat World War Films,16121
367,Non Combat World War Films,1786
367,Non Combat World War Films,46334
367,Non Combat World War Films,80255
368,Eco Horror With Social Message,624899
368,Eco Horror With Social Message,888710
368,Eco Horror With Social Message,301325
368,Eco Horror With Social Message,23312
368,Eco Horror With Social Message,295442
368,Eco Horror With Social Message,917
368,Eco Horror With Social Message,419094
368,Eco Horror With Social Message,79129
368,Eco Horror With Social Message,22172
368,Eco Horror With Social Message,48925
368,Eco Horror With Social Message,579230
368,Eco Horror With Social Message,30627
368,Eco Horror With Social Message,31915
368,Eco Horror With Social Message,64689
368,Eco Horror With Social Message,34106
368,Eco Horror With Social Message,247354
368,Eco Horror With Social Message,378301
368,Eco Horror With Social Message,35009
368,Eco Horror With Social Message,85446
368,Eco Horror With Social Message,462919
368,Eco Horror With Social Message,17352
368,Eco Horror With Social Message,547654
368,Eco Horror With Social Message,64976
368,Eco Horror With Social Message,471892
368,Eco Horror With Social Message,63197
368,Eco Horror With Social Message,18274
368,Eco Horror With Social Message,90978
368,Eco Horror With Social Message,94691
368,Eco Horror With Social Message,2925
368,Eco Horror With Social Message,21614
368,Eco Horror With Social Message,476015
368,Eco Horror With Social Message,447856
368,Eco Horror With Social Message,258677
368,Eco Horror With Social Message,11000
368,Eco Horror With Social Message,121594
368,Eco Horror With Social Message,31611
368,Eco Horror With Social Message,11518
369,Fred Astaire Narrated Family Films,9986
369,Fred Astaire Narrated Family Films,62211
369,Fred Astaire Narrated Family Films,17414
369,Fred Astaire Narrated Family Films,80649
369,Fred Astaire Narrated Family Films,136459
369,Fred Astaire Narrated Family Films,644495
369,Fred Astaire Narrated Family Films,612368
369,Fred Astaire Narrated Family Films,1371798
369,Fred Astaire Narrated Family Films,346648
369,Fred Astaire Narrated Family Films,11674
369,Fred Astaire Narrated Family Films,508570
369,Fred Astaire Narrated Family Films,927
369,Fred Astaire Narrated Family Films,24101
369,Fred Astaire Narrated Family Films,210086
369,Fred Astaire Narrated Family Films,11688
369,Fred Astaire Narrated Family Films,19378
369,Fred Astaire Narrated Family Films,11708
369,Fred Astaire Narrated Family Films,4032
369,Fred Astaire Narrated Family Films,28736
369,Fred Astaire Narrated Family Films,33217
369,Fred Astaire Narrated Family Films,32579
369,Fred Astaire Narrated Family Films,13766
369,Fred Astaire Narrated Family Films,463821
369,Fred Astaire Narrated Family Films,146255
369,Fred Astaire Narrated Family Films,11864
369,Fred Astaire Narrated Family Films,13400
369,Fred Astaire Narrated Family Films,1487197
369,Fred Astaire Narrated Family Films,6878
369,Fred Astaire Narrated Family Films,2277
369,Fred Astaire Narrated Family Films,38757
369,Fred Astaire Narrated Family Films,24808
369,Fred Astaire Narrated Family Films,30059
369,Fred Astaire Narrated Family Films,34672
369,Fred Astaire Narrated Family Films,403570
369,Fred Astaire Narrated Family Films,499701
369,Fred Astaire Narrated Family Films,10488
369,Fred Astaire Narrated Family Films,201085
370,Post Marriage Reality Check Films,2438
370,Post Marriage Reality Check Films,5767
370,Post Marriage Reality Check Films,293382
370,Post Marriage Reality Check Films,266764
370,Post Marriage Reality Check Films,3085
370,Post Marriage Reality Check Films,24461
370,Post Marriage Reality Check Films,4367
370,Post Marriage Reality Check Films,49680
370,Post Marriage Reality Check Films,219408
370,Post Marriage Reality Check Films,375315
370,Post Marriage Reality Check Films,227094
370,Post Marriage Reality Check Films,12184
370,Post Marriage Reality Check Films,4252
370,Post Marriage Reality Check Films,55197
370,Post Marriage Reality Check Films,968480
370,Post Marriage Reality Check Films,931
370,Post Marriage Reality Check Films,1444
370,Post Marriage Reality Check Films,52772
370,Post Marriage Reality Check Films,18727
370,Post Marriage Reality Check Films,42152
370,Post Marriage Reality Check Films,102057
370,Post Marriage Reality Check Films,11050
370,Post Marriage Reality Check Films,244268
370,Post Marriage Reality Check Films,426030
370,Post Marriage Reality Check Films,1712
370,Post Marriage Reality Check Films,20656
370,Post Marriage Reality Check Films,25142
370,Post Marriage Reality Check Films,1719
370,Post Marriage Reality Check Films,7351
370,Post Marriage Reality Check Films,26686
370,Post Marriage Reality Check Films,111678
370,Post Marriage Reality Check Films,38721
370,Post Marriage Reality Check Films,38731
370,Post Marriage Reality Check Films,451919
370,Post Marriage Reality Check Films,9427
370,Post Marriage Reality Check Films,1151190
370,Post Marriage Reality Check Films,28760
370,Post Marriage Reality Check Films,61400
370,Post Marriage Reality Check Films,339419
370,Post Marriage Reality Check Films,190940
370,Post Marriage Reality Check Films,58333
370,Post Marriage Reality Check Films,2528
370,Post Marriage Reality Check Films,30304
370,Post Marriage Reality Check Films,517088
370,Post Marriage Reality Check Films,2020
370,Post Marriage Reality Check Films,413421
370,Post Marriage Reality Check Films,254578
370,Post Marriage Reality Check Films,24821
370,Post Marriage Reality Check Films,75510
370,Post Marriage Reality Check Films,2039
370,Post Marriage Reality Check Films,1405
370,Post Marriage Reality Check Films,284286
370,Post Marriage Reality Check Films,22527
371,Wit Over Weapons Westerns,113921
371,Wit Over Weapons Westerns,26502
371,Wit Over Weapons Westerns,1673
371,Wit Over Weapons Westerns,60555
371,Wit Over Weapons Westerns,1676
371,Wit Over Weapons Westerns,277388
371,Wit Over Weapons Westerns,1356045
371,Wit Over Weapons Westerns,40719
371,Wit Over Weapons Westerns,11536
371,Wit Over Weapons Westerns,10772
371,Wit Over Weapons Westerns,61594
371,Wit Over Weapons Westerns,63260
371,Wit Over Weapons Westerns,84772
371,Wit Over Weapons Westerns,17836
371,Wit Over Weapons Westerns,90540
371,Wit Over Weapons Westerns,159276
371,Wit Over Weapons Westerns,275631
371,Wit Over Weapons Westerns,43828
371,Wit Over Weapons Westerns,40630
371,Wit Over Weapons Westerns,42431
371,Wit Over Weapons Westerns,83007
371,Wit Over Weapons Westerns,414018
371,Wit Over Weapons Westerns,9028
371,Wit Over Weapons Westerns,966
371,Wit Over Weapons Westerns,6474
371,Wit Over Weapons Westerns,3149
371,Wit Over Weapons Westerns,45007
371,Wit Over Weapons Westerns,6609
371,Wit Over Weapons Westerns,51672
371,Wit Over Weapons Westerns,127064
371,Wit Over Weapons Westerns,20442
371,Wit Over Weapons Westerns,12766
371,Wit Over Weapons Westerns,44766
371,Wit Over Weapons Westerns,16608
371,Wit Over Weapons Westerns,440161
371,Wit Over Weapons Westerns,60643
371,Wit Over Weapons Westerns,30054
371,Wit Over Weapons Westerns,56431
371,Wit Over Weapons Westerns,76144
371,Wit Over Weapons Westerns,6644
371,Wit Over Weapons Westerns,42233
372,Practical Effects Body Horror Films,342657
372,Practical Effects Body Horror Films,1413
372,Practical Effects Body Horror Films,336265
372,Practical Effects Body Horror Films,10125
372,Practical Effects Body Horror Films,28942
372,Practical Effects Body Horror Films,9871
372,Practical Effects Body Horror Films,10640
372,Practical Effects Body Horror Films,330770
372,Practical Effects Body Horror Films,11542
372,Practical Effects Body Horror Films,46364
372,Practical Effects Body Horror Films,10014
372,Practical Effects Body Horror Films,2974
372,Practical Effects Body Horror Films,1698
372,Practical Effects Body Horror Films,14372
372,Practical Effects Body Horror Films,42149
372,Practical Effects Body Horror Films,455974
372,Practical Effects Body Horror Films,24488
372,Practical Effects Body Horror Films,1836
372,Practical Effects Body Horror Films,22455
372,Practical Effects Body Horror Films,26554
372,Practical Effects Body Horror Films,52034
372,Practical Effects Body Horror Films,126277
372,Practical Effects Body Horror Films,17991
372,Practical Effects Body Horror Films,70345
372,Practical Effects Body Horror Films,362826
372,Practical Effects Body Horror Films,63311
372,Practical Effects Body Horror Films,41428
372,Practical Effects Body Horror Films,25557
372,Practical Effects Body Horror Films,37464
372,Practical Effects Body Horror Films,985
372,Practical Effects Body Horror Films,11366
372,Practical Effects Body Horror Films,43113
372,Practical Effects Body Horror Films,25834
372,Practical Effects Body Horror Films,39916
372,Practical Effects Body Horror Films,4722
372,Practical Effects Body Horror Films,74997
372,Practical Effects Body Horror Films,28153
372,Practical Effects Body Horror Films,29437
372,Practical Effects Body Horror Films,3070
372,Practical Effects Body Horror Films,9599
373,Low Budget Sword and Sorcery,136837
373,Low Budget Sword and Sorcery,27270
373,Low Budget Sword and Sorcery,69900
373,Low Budget Sword and Sorcery,262543
373,Low Budget Sword and Sorcery,38545
373,Low Budget Sword and Sorcery,58899
373,Low Budget Sword and Sorcery,693907
373,Low Budget Sword and Sorcery,81048
373,Low Budget Sword and Sorcery,80542
373,Low Budget Sword and Sorcery,650272
373,Low Budget Sword and Sorcery,46500
373,Low Budget Sword and Sorcery,95399
373,Low Budget Sword and Sorcery,27432
373,Low Budget Sword and Sorcery,5677
373,Low Budget Sword and Sorcery,13486
373,Low Budget Sword and Sorcery,90159
373,Low Budget Sword and Sorcery,7216
373,Low Budget Sword and Sorcery,37042
373,Low Budget Sword and Sorcery,81843
373,Low Budget Sword and Sorcery,40760
373,Low Budget Sword and Sorcery,343101
373,Low Budget Sword and Sorcery,30656
373,Low Budget Sword and Sorcery,16203
373,Low Budget Sword and Sorcery,42699
373,Low Budget Sword and Sorcery,208461
373,Low Budget Sword and Sorcery,29903
373,Low Budget Sword and Sorcery,29904
373,Low Budget Sword and Sorcery,24018
373,Low Budget Sword and Sorcery,271572
373,Low Budget Sword and Sorcery,62037
373,Low Budget Sword and Sorcery,1366
373,Low Budget Sword and Sorcery,946137
373,Low Budget Sword and Sorcery,986
373,Low Budget Sword and Sorcery,7011
373,Low Budget Sword and Sorcery,50153
373,Low Budget Sword and Sorcery,48490
373,Low Budget Sword and Sorcery,2667
373,Low Budget Sword and Sorcery,876794
373,Low Budget Sword and Sorcery,28783
373,Low Budget Sword and Sorcery,43120
373,Low Budget Sword and Sorcery,457712
373,Low Budget Sword and Sorcery,565743
373,Low Budget Sword and Sorcery,222323
373,Low Budget Sword and Sorcery,65530
374,Paul Newman Political Dramas,294016
374,Paul Newman Political Dramas,1475329
374,Paul Newman Political Dramas,176643
374,Paul Newman Political Dramas,69765
374,Paul Newman Political Dramas,16902
374,Paul Newman Political Dramas,8583
374,Paul Newman Political Dramas,51980
374,Paul Newman Political Dramas,665742
374,Paul Newman Political Dramas,26513
374,Paul Newman Political Dramas,32274
374,Paul Newman Political Dramas,59922
374,Paul Newman Political Dramas,109332
374,Paul Newman Political Dramas,1941
374,Paul Newman Political Dramas,217366
374,Paul Newman Political Dramas,393624
374,Paul Newman Political Dramas,41115
374,Paul Newman Political Dramas,336671
374,Paul Newman Political Dramas,217250
374,Paul Newman Political Dramas,76714
374,Paul Newman Political Dramas,43699
374,Paul Newman Political Dramas,398649
374,Paul Newman Political Dramas,32075
374,Paul Newman Political Dramas,87115
374,Paul Newman Political Dramas,12506
374,Paul Newman Political Dramas,989
374,Paul Newman Political Dramas,4702
374,Paul Newman Political Dramas,263261
374,Paul Newman Political Dramas,35936
374,Paul Newman Political Dramas,42592
374,Paul Newman Political Dramas,330982
374,Paul Newman Political Dramas,178664
374,Paul Newman Political Dramas,78318
374,Paul Newman Political Dramas,88176
374,Paul Newman Political Dramas,347123
374,Paul Newman Political Dramas,163957
374,Paul Newman Political Dramas,58102
374,Paul Newman Political Dramas,67062
374,Paul Newman Political Dramas,21625
374,Paul Newman Political Dramas,91390
375,Hollywood Meets European Art Cinema,42627
375,Hollywood Meets European Art Cinema,103686
375,Hollywood Meets European Art Cinema,85129
375,Hollywood Meets European Art Cinema,53898
375,Hollywood Meets European Art Cinema,55689
375,Hollywood Meets European Art Cinema,1937
375,Hollywood Meets European Art Cinema,4497
375,Hollywood Meets European Art Cinema,48145
375,Hollywood Meets European Art Cinema,314385
375,Hollywood Meets European Art Cinema,320146
375,Hollywood Meets European Art Cinema,26518
375,Hollywood Meets European Art Cinema,30363
375,Hollywood Meets European Art Cinema,35867
375,Hollywood Meets European Art Cinema,208284
375,Hollywood Meets European Art Cinema,79264
375,Hollywood Meets European Art Cinema,39210
375,Hollywood Meets European Art Cinema,4780
375,Hollywood Meets European Art Cinema,71725
375,Hollywood Meets European Art Cinema,80560
375,Hollywood Meets European Art Cinema,50363
375,Hollywood Meets European Art Cinema,20540
375,Hollywood Meets European Art Cinema,310593
375,Hollywood Meets European Art Cinema,43461
375,Hollywood Meets European Art Cinema,61638
375,Hollywood Meets European Art Cinema,6217
375,Hollywood Meets European Art Cinema,12491
375,Hollywood Meets European Art Cinema,14924
375,Hollywood Meets European Art Cinema,2014
375,Hollywood Meets European Art Cinema,991
375,Hollywood Meets European Art Cinema,221667
375,Hollywood Meets European Art Cinema,42086
375,Hollywood Meets European Art Cinema,52710
375,Hollywood Meets European Art Cinema,30568
375,Hollywood Meets European Art Cinema,117479
375,Hollywood Meets European Art Cinema,71402
375,Hollywood Meets European Art Cinema,101482
375,Hollywood Meets European Art Cinema,33517
375,Hollywood Meets European Art Cinema,96118
375,Hollywood Meets European Art Cinema,61943
375,Hollywood Meets European Art Cinema,76025
375,Hollywood Meets European Art Cinema,44026
375,Hollywood Meets European Art Cinema,32764
376,First Person POV Noir Films,42630
376,First Person POV Noir Films,20367
376,First Person POV Noir Films,1938
376,First Person POV Noir Films,25876
376,First Person POV Noir Films,52758
376,First Person POV Noir Films,27035
376,First Person POV Noir Films,26268
376,First Person POV Noir Films,25501
376,First Person POV Noir Films,36521
376,First Person POV Noir Films,1834
376,First Person POV Noir Films,26282
376,First Person POV Noir Films,14638
376,First Person POV Noir Films,21296
376,First Person POV Noir Films,1841
376,First Person POV Noir Films,28467
376,First Person POV Noir Films,41780
376,First Person POV Noir Films,1847
376,First Person POV Noir Films,20663
376,First Person POV Noir Films,40767
376,First Person POV Noir Films,1092
376,First Person POV Noir Films,31556
376,First Person POV Noir Films,22342
376,First Person POV Noir Films,55240
376,First Person POV Noir Films,22985
376,First Person POV Noir Films,20298
376,First Person POV Noir Films,44626
376,First Person POV Noir Films,36949
376,First Person POV Noir Films,28120
376,First Person POV Noir Films,21594
376,First Person POV Noir Films,34650
376,First Person POV Noir Films,22112
376,First Person POV Noir Films,16227
376,First Person POV Noir Films,25955
376,First Person POV Noir Films,26220
376,First Person POV Noir Films,17136
376,First Person POV Noir Films,50675
376,First Person POV Noir Films,14580
376,First Person POV Noir Films,28663
376,First Person POV Noir Films,44669
377,Alexandre Dumas Literary Adaptations,43138
377,Alexandre Dumas Literary Adaptations,133123
377,Alexandre Dumas Literary Adaptations,47620
377,Alexandre Dumas Literary Adaptations,145033
377,Alexandre Dumas Literary Adaptations,11791
377,Alexandre Dumas Literary Adaptations,104720
377,Alexandre Dumas Literary Adaptations,967951
377,Alexandre Dumas Literary Adaptations,43027
377,Alexandre Dumas Literary Adaptations,9364
377,Alexandre Dumas Literary Adaptations,60566
377,Alexandre Dumas Literary Adaptations,1944
377,Alexandre Dumas Literary Adaptations,13465
377,Alexandre Dumas Literary Adaptations,100257
377,Alexandre Dumas Literary Adaptations,5155
377,Alexandre Dumas Literary Adaptations,2981
377,Alexandre Dumas Literary Adaptations,2982
377,Alexandre Dumas Literary Adaptations,575659
377,Alexandre Dumas Literary Adaptations,712749
377,Alexandre Dumas Literary Adaptations,25520
377,Alexandre Dumas Literary Adaptations,29233
377,Alexandre Dumas Literary Adaptations,131764
377,Alexandre Dumas Literary Adaptations,10549
377,Alexandre Dumas Literary Adaptations,2742
377,Alexandre Dumas Literary Adaptations,116149
377,Alexandre Dumas Literary Adaptations,11706
377,Alexandre Dumas Literary Adaptations,43836
377,Alexandre Dumas Literary Adaptations,4412
377,Alexandre Dumas Literary Adaptations,111683
377,Alexandre Dumas Literary Adaptations,426563
377,Alexandre Dumas Literary Adaptations,41925
377,Alexandre Dumas Literary Adaptations,40775
377,Alexandre Dumas Literary Adaptations,15433
377,Alexandre Dumas Literary Adaptations,11387
377,Alexandre Dumas Literary Adaptations,38223
377,Alexandre Dumas Literary Adaptations,2268
377,Alexandre Dumas Literary Adaptations,1245
377,Alexandre Dumas Literary Adaptations,145247
377,Alexandre Dumas Literary Adaptations,9313
377,Alexandre Dumas Literary Adaptations,4201
377,Alexandre Dumas Literary Adaptations,42346
377,Alexandre Dumas Literary Adaptations,106603
377,Alexandre Dumas Literary Adaptations,240745
377,Alexandre Dumas Literary Adaptations,111981
377,Alexandre Dumas Literary Adaptations,250734
377,Alexandre Dumas Literary Adaptations,36848
377,Alexandre Dumas Literary Adaptations,17907
377,Alexandre Dumas Literary Adaptations,134774
377,Alexandre Dumas Literary Adaptations,12155
377,Alexandre Dumas Literary Adaptations,36093
377,Alexandre Dumas Literary Adaptations,17663
378,Institutional Power Structure Examinations,11906
378,Institutional Power Structure Examinations,25476
378,Institutional Power Structure Examinations,489092
378,Institutional Power Structure Examinations,20617
378,Institutional Power Structure Examinations,171274
378,Institutional Power Structure Examinations,341006
378,Institutional Power Structure Examinations,8847
378,Institutional Power Structure Examinations,129682
378,Institutional Power Structure Examinations,949785
378,Institutional Power Structure Examinations,66588
378,Institutional Power Structure Examinations,134686
378,Institutional Power Structure Examinations,40480
378,Institutional Power Structure Examinations,306342
378,Institutional Power Structure Examinations,356390
378,Institutional Power Structure Examinations,10156
378,Institutional Power Structure Examinations,458156
378,Institutional Power Structure Examinations,26031
378,Institutional Power Structure Examinations,10417
378,Institutional Power Structure Examinations,201907
378,Institutional Power Structure Examinations,22452
378,Institutional Power Structure Examinations,133300
378,Institutional Power Structure Examinations,1031476
378,Institutional Power Structure Examinations,80441
378,Institutional Power Structure Examinations,401469
378,Institutional Power Structure Examinations,32575
378,Institutional Power Structure Examinations,121793
378,Institutional Power Structure Examinations,21828
378,Institutional Power Structure Examinations,97989
378,Institutional Power Structure Examinations,356296
378,Institutional Power Structure Examinations,12106
378,Institutional Power Structure Examinations,40651
378,Institutional Power Structure Examinations,55884
378,Institutional Power Structure Examinations,19661
378,Institutional Power Structure Examinations,5206
378,Institutional Power Structure Examinations,11478
378,Institutional Power Structure Examinations,419546
378,Institutional Power Structure Examinations,84188
378,Institutional Power Structure Examinations,1247
378,Institutional Power Structure Examinations,44258
378,Institutional Power Structure Examinations,45284
378,Institutional Power Structure Examinations,3558
378,Institutional Power Structure Examinations,62694
378,Institutional Power Structure Examinations,91881
378,Institutional Power Structure Examinations,22121
378,Institutional Power Structure Examinations,2669
378,Institutional Power Structure Examinations,326382
378,Institutional Power Structure Examinations,90351
378,Institutional Power Structure Examinations,165361
378,Institutional Power Structure Examinations,354937
378,Institutional Power Structure Examinations,58878
378,Institutional Power Structure Examinations,526207
379,CGI Heavy Historical Action Films,23047
379,CGI Heavy Historical Action Films,2698
379,CGI Heavy Historical Action Films,23437
379,CGI Heavy Historical Action Films,460557
379,CGI Heavy Historical Action Films,205584
379,CGI Heavy Historical Action Films,100241
379,CGI Heavy Historical Action Films,11026
379,CGI Heavy Historical Action Films,203793
379,CGI Heavy Historical Action Films,581392
379,CGI Heavy Historical Action Films,166426
379,CGI Heavy Historical Action Films,49051
379,CGI Heavy Historical Action Films,406429
379,CGI Heavy Historical Action Films,11678
379,CGI Heavy Historical Action Films,423966
379,CGI Heavy Historical Action Films,141052
379,CGI Heavy Historical Action Films,274857
379,CGI Heavy Historical Action Films,156717
379,CGI Heavy Historical Action Films,263341
379,CGI Heavy Historical Action Films,88751
379,CGI Heavy Historical Action Films,254128
379,CGI Heavy Historical Action Films,436270
379,CGI Heavy Historical Action Films,49849
379,CGI Heavy Historical Action Films,1724
379,CGI Heavy Historical Action Films,47933
379,CGI Heavy Historical Action Films,53182
379,CGI Heavy Historical Action Films,10048
379,CGI Heavy Historical Action Films,46528
379,CGI Heavy Historical Action Films,505026
379,CGI Heavy Historical Action Films,23629
379,CGI Heavy Historical Action Films,57165
379,CGI Heavy Historical Action Films,205775
379,CGI Heavy Historical Action Films,119892
379,CGI Heavy Historical Action Films,267860
379,CGI Heavy Historical Action Films,7131
379,CGI Heavy Historical Action Films,44638
379,CGI Heavy Historical Action Films,447200
379,CGI Heavy Historical Action Films,72545
379,CGI Heavy Historical Action Films,1250
379,CGI Heavy Historical Action Films,52451
379,CGI Heavy Historical Action Films,10214
379,CGI Heavy Historical Action Films,76649
379,CGI Heavy Historical Action Films,241259
379,CGI Heavy Historical Action Films,81005
379,CGI Heavy Historical Action Films,645488
379,CGI Heavy Historical Action Films,57201
379,CGI Heavy Historical Action Films,18162
379,CGI Heavy Historical Action Films,147441
379,CGI Heavy Historical Action Films,434555
379,CGI Heavy Historical Action Films,12279
379,CGI Heavy Historical Action Films,68728
379,CGI Heavy Historical Action Films,298618
379,CGI Heavy Historical Action Films,12155
379,CGI Heavy Historical Action Films,71676
380,Films About Creative Block,5123
380,Films About Creative Block,20356
380,Films About Creative Block,340613
380,Films About Creative Block,10758
380,Films About Creative Block,25862
380,Films About Creative Block,19596
380,Films About Creative Block,37774
380,Films About Creative Block,28180
380,Films About Creative Block,85525
380,Films About Creative Block,159770
380,Films About Creative Block,56475
380,Films About Creative Block,18333
380,Films About Creative Block,14242
380,Films About Creative Block,617762
380,Films About Creative Block,22820
380,Films About Creative Block,77350
380,Films About Creative Block,301351
380,Films About Creative Block,12456
380,Films About Creative Block,116904
380,Films About Creative Block,15915
380,Films About Creative Block,575788
380,Films About Creative Block,1584
380,Films About Creative Block,71985
380,Films About Creative Block,17467
380,Films About Creative Block,32961
380,Films About Creative Block,21189
380,Films About Creative Block,13258
380,Films About Creative Block,409035
380,Films About Creative Block,20556
380,Films About Creative Block,471498
380,Films About Creative Block,38223
380,Films About Creative Block,48336
380,Films About Creative Block,576719
380,Films About Creative Block,36947
380,Films About Creative Block,13403
380,Films About Creative Block,16859
380,Films About Creative Block,5723
380,Films About Creative Block,125025
380,Films About Creative Block,603106
380,Films About Creative Block,722913
380,Films About Creative Block,316776
380,Films About Creative Block,50157
380,Films About Creative Block,1392
380,Films About Creative Block,1265
380,Films About Creative Block,570352
380,Films About Creative Block,453364
380,Films About Creative Block,11896
380,Films About Creative Block,869626
380,Films About Creative Block,454652
381,Post IMF Crisis Korean Cinema,1280
381,Post IMF Crisis Korean Cinema,435841
381,Post IMF Crisis Korean Cinema,49797
381,Post IMF Crisis Korean Cinema,2440
381,Post IMF Crisis Korean Cinema,1416
381,Post IMF Crisis Korean Cinema,253065
381,Post IMF Crisis Korean Cinema,10253
381,Post IMF Crisis Korean Cinema,18704
381,Post IMF Crisis Korean Cinema,704787
381,Post IMF Crisis Korean Cinema,37911
381,Post IMF Crisis Korean Cinema,51608
381,Post IMF Crisis Korean Cinema,59421
381,Post IMF Crisis Korean Cinema,451997
381,Post IMF Crisis Korean Cinema,845222
381,Post IMF Crisis Korean Cinema,1189927
381,Post IMF Crisis Korean Cinema,37288
381,Post IMF Crisis Korean Cinema,50475
381,Post IMF Crisis Korean Cinema,408620
381,Post IMF Crisis Korean Cinema,62637
381,Post IMF Crisis Korean Cinema,85550
381,Post IMF Crisis Korean Cinema,25650
381,Post IMF Crisis Korean Cinema,25651
381,Post IMF Crisis Korean Cinema,813106
381,Post IMF Crisis Korean Cinema,26935
381,Post IMF Crisis Korean Cinema,235704
381,Post IMF Crisis Korean Cinema,606523
381,Post IMF Crisis Korean Cinema,434119
381,Post IMF Crisis Korean Cinema,26955
381,Post IMF Crisis Korean Cinema,267467
381,Post IMF Crisis Korean Cinema,407887
381,Post IMF Crisis Korean Cinema,4689
381,Post IMF Crisis Korean Cinema,736732
381,Post IMF Crisis Korean Cinema,291549
381,Post IMF Crisis Korean Cinema,535389
381,Post IMF Crisis Korean Cinema,2015
381,Post IMF Crisis Korean Cinema,107235
381,Post IMF Crisis Korean Cinema,987504
381,Post IMF Crisis Korean Cinema,123377
381,Post IMF Crisis Korean Cinema,437109
381,Post IMF Crisis Korean Cinema,14968
381,Post IMF Crisis Korean Cinema,97531
381,Post IMF Crisis Korean Cinema,65276
381,Post IMF Crisis Korean Cinema,566397
381,Post IMF Crisis Korean Cinema,535550
382,Wall Street Women Breaking Barriers,848896
382,Wall Street Women Breaking Barriers,65034
382,Wall Street Women Breaking Barriers,106646
382,Wall Street Women Breaking Barriers,50839
382,Wall Street Women Breaking Barriers,347033
382,Wall Street Women Breaking Barriers,27678
382,Wall Street Women Breaking Barriers,10021
382,Wall Street Women Breaking Barriers,12710
382,Wall Street Women Breaking Barriers,21291
382,Wall Street Women Breaking Barriers,1965
382,Wall Street Women Breaking Barriers,13369
382,Wall Street Women Breaking Barriers,22074
382,Wall Street Women Breaking Barriers,184125
382,Wall Street Women Breaking Barriers,6463
382,Wall Street Women Breaking Barriers,51392
382,Wall Street Women Breaking Barriers,121793
382,Wall Street Women Breaking Barriers,3525
382,Wall Street Women Breaking Barriers,43336
382,Wall Street Women Breaking Barriers,87499
382,Wall Street Women Breaking Barriers,121677
382,Wall Street Women Breaking Barriers,1359
382,Wall Street Women Breaking Barriers,10068
382,Wall Street Women Breaking Barriers,1621
382,Wall Street Women Breaking Barriers,18391
382,Wall Street Women Breaking Barriers,363992
382,Wall Street Women Breaking Barriers,44639
382,Wall Street Women Breaking Barriers,102752
382,Wall Street Women Breaking Barriers,11363
382,Wall Street Women Breaking Barriers,59108
382,Wall Street Women Breaking Barriers,14181
382,Wall Street Women Breaking Barriers,9446
382,Wall Street Women Breaking Barriers,31589
382,Wall Street Women Breaking Barriers,11112
382,Wall Street Women Breaking Barriers,540901
382,Wall Street Women Breaking Barriers,5994
382,Wall Street Women Breaking Barriers,15727
382,Wall Street Women Breaking Barriers,9586
382,Wall Street Women Breaking Barriers,303858
382,Wall Street Women Breaking Barriers,305140
382,Wall Street Women Breaking Barriers,33909
382,Wall Street Women Breaking Barriers,26744
382,Wall Street Women Breaking Barriers,49530
382,Wall Street Women Breaking Barriers,318846
383,Iraq War Documentary Perspectives,289026
383,Iraq War Documentary Perspectives,30856
383,Iraq War Documentary Perspectives,489354
383,Iraq War Documentary Perspectives,396172
383,Iraq War Documentary Perspectives,589326
383,Iraq War Documentary Perspectives,98064
383,Iraq War Documentary Perspectives,44819
383,Iraq War Documentary Perspectives,390296
383,Iraq War Documentary Perspectives,117404
383,Iraq War Documentary Perspectives,77341
383,Iraq War Documentary Perspectives,40862
383,Iraq War Documentary Perspectives,88865
383,Iraq War Documentary Perspectives,542371
383,Iraq War Documentary Perspectives,63144
383,Iraq War Documentary Perspectives,376233
383,Iraq War Documentary Perspectives,159152
383,Iraq War Documentary Perspectives,11314
383,Iraq War Documentary Perspectives,77365
383,Iraq War Documentary Perspectives,159029
383,Iraq War Documentary Perspectives,1507511
383,Iraq War Documentary Perspectives,26298
383,Iraq War Documentary Perspectives,84026
383,Iraq War Documentary Perspectives,33470
383,Iraq War Documentary Perspectives,375232
383,Iraq War Documentary Perspectives,406339
383,Iraq War Documentary Perspectives,378949
383,Iraq War Documentary Perspectives,776518
383,Iraq War Documentary Perspectives,14279
383,Iraq War Documentary Perspectives,23495
383,Iraq War Documentary Perspectives,304843
383,Iraq War Documentary Perspectives,158413
383,Iraq War Documentary Perspectives,297421
383,Iraq War Documentary Perspectives,84176
383,Iraq War Documentary Perspectives,31190
383,Iraq War Documentary Perspectives,37082
383,Iraq War Documentary Perspectives,280668
383,Iraq War Documentary Perspectives,4832
383,Iraq War Documentary Perspectives,393443
383,Iraq War Documentary Perspectives,381028
383,Iraq War Documentary Perspectives,755688
383,Iraq War Documentary Perspectives,911593
383,Iraq War Documentary Perspectives,39786
383,Iraq War Documentary Perspectives,43627
383,Iraq War Documentary Perspectives,531819
383,Iraq War Documentary Perspectives,1392
383,Iraq War Documentary Perspectives,149362
383,Iraq War Documentary Perspectives,1779
383,Iraq War Documentary Perspectives,50420
383,Iraq War Documentary Perspectives,130936
383,Iraq War Documentary Perspectives,594937
383,Iraq War Documentary Perspectives,822138
383,Iraq War Documentary Perspectives,150651
383,Iraq War Documentary Perspectives,16636
384,Low Budget High Concept Sci-Fi,14337
384,Low Budget High Concept Sci-Fi,1410
384,Low Budget High Concept Sci-Fi,47364
384,Low Budget High Concept Sci-Fi,29062
384,Low Budget High Concept Sci-Fi,26889
384,Low Budget High Concept Sci-Fi,20874
384,Low Budget High Concept Sci-Fi,302349
384,Low Budget High Concept Sci-Fi,9102
384,Low Budget High Concept Sci-Fi,665742
384,Low Budget High Concept Sci-Fi,54160
384,Low Budget High Concept Sci-Fi,26130
384,Low Budget High Concept Sci-Fi,328595
384,Low Budget High Concept Sci-Fi,428948
384,Low Budget High Concept Sci-Fi,606234
384,Low Budget High Concept Sci-Fi,24732
384,Low Budget High Concept Sci-Fi,20764
384,Low Budget High Concept Sci-Fi,455839
384,Low Budget High Concept Sci-Fi,38699
384,Low Budget High Concept Sci-Fi,5677
384,Low Budget High Concept Sci-Fi,65455
384,Low Budget High Concept Sci-Fi,242095
384,Low Budget High Concept Sci-Fi,27185
384,Low Budget High Concept Sci-Fi,138289
384,Low Budget High Concept Sci-Fi,20787
384,Low Budget High Concept Sci-Fi,506418
384,Low Budget High Concept Sci-Fi,38849
384,Low Budget High Concept Sci-Fi,31042
384,Low Budget High Concept Sci-Fi,43391
384,Low Budget High Concept Sci-Fi,174675
384,Low Budget High Concept Sci-Fi,506072
384,Low Budget High Concept Sci-Fi,13282
384,Low Budget High Concept Sci-Fi,77669
384,Low Budget High Concept Sci-Fi,84332
384,Low Budget High Concept Sci-Fi,467824
384,Low Budget High Concept Sci-Fi,5493
384,Low Budget High Concept Sci-Fi,273271
384,Low Budget High Concept Sci-Fi,27260
384,Low Budget High Concept Sci-Fi,43135
385,Child Protagonists Lost In Cities,3200
385,Child Protagonists Lost In Cities,110465
385,Child Protagonists Lost In Cities,47874
385,Child Protagonists Lost In Cities,1047041
385,Child Protagonists Lost In Cities,126596
385,Child Protagonists Lost In Cities,6917
385,Child Protagonists Lost In Cities,151431
385,Child Protagonists Lost In Cities,1417
385,Child Protagonists Lost In Cities,3980
385,Child Protagonists Lost In Cities,114444
385,Child Protagonists Lost In Cities,17566
385,Child Protagonists Lost In Cities,48677
385,Child Protagonists Lost In Cities,21036
385,Child Protagonists Lost In Cities,64685
385,Child Protagonists Lost In Cities,31023
385,Child Protagonists Lost In Cities,52406
385,Child Protagonists Lost In Cities,517814
385,Child Protagonists Lost In Cities,29756
385,Child Protagonists Lost In Cities,13373
385,Child Protagonists Lost In Cities,45244
385,Child Protagonists Lost In Cities,13759
385,Child Protagonists Lost In Cities,46785
385,Child Protagonists Lost In Cities,668482
385,Child Protagonists Lost In Cities,32579
385,Child Protagonists Lost In Cities,13509
385,Child Protagonists Lost In Cities,375366
385,Child Protagonists Lost In Cities,11596
385,Child Protagonists Lost In Cities,8016
385,Child Protagonists Lost In Cities,23761
385,Child Protagonists Lost In Cities,53457
385,Child Protagonists Lost In Cities,521296
385,Child Protagonists Lost In Cities,7509
385,Child Protagonists Lost In Cities,10585
385,Child Protagonists Lost In Cities,11357
385,Child Protagonists Lost In Cities,449757
385,Child Protagonists Lost In Cities,387426
385,Child Protagonists Lost In Cities,88423
385,Child Protagonists Lost In Cities,10731
385,Child Protagonists Lost In Cities,11243
385,Child Protagonists Lost In Cities,16112
385,Child Protagonists Lost In Cities,4978
385,Child Protagonists Lost In Cities,477428
385,Child Protagonists Lost In Cities,13815
385,Child Protagonists Lost In Cities,128250
385,Child Protagonists Lost In Cities,2172
385,Child Protagonists Lost In Cities,17917
385,Child Protagonists Lost In Cities,13310
386,Literary Ghost Story Adaptations,348545
386,Literary Ghost Story Adaptations,262402
386,Literary Ghost Story Adaptations,27276
386,Literary Ghost Story Adaptations,18317
386,Literary Ghost Story Adaptations,17808
386,Literary Ghost Story Adaptations,389904
386,Literary Ghost Story Adaptations,68883
386,Literary Ghost Story Adaptations,29721
386,Literary Ghost Story Adaptations,1433
386,Literary Ghost Story Adaptations,16154
386,Literary Ghost Story Adaptations,133531
386,Literary Ghost Story Adaptations,299423
386,Literary Ghost Story Adaptations,31655
386,Literary Ghost Story Adaptations,616747
386,Literary Ghost Story Adaptations,12205
386,Literary Ghost Story Adaptations,46126
386,Literary Ghost Story Adaptations,80047
386,Literary Ghost Story Adaptations,16182
386,Literary Ghost Story Adaptations,97978
386,Literary Ghost Story Adaptations,818750
386,Literary Ghost Story Adaptations,64579
386,Literary Ghost Story Adaptations,455108
386,Literary Ghost Story Adaptations,49096
386,Literary Ghost Story Adaptations,46164
386,Literary Ghost Story Adaptations,31703
386,Literary Ghost Story Adaptations,16093
386,Literary Ghost Story Adaptations,27742
386,Literary Ghost Story Adaptations,40166
386,Literary Ghost Story Adaptations,252520
386,Literary Ghost Story Adaptations,32237
386,Literary Ghost Story Adaptations,13550
386,Literary Ghost Story Adaptations,2671
386,Literary Ghost Story Adaptations,30959
386,Literary Ghost Story Adaptations,199925
386,Literary Ghost Story Adaptations,44154
386,Literary Ghost Story Adaptations,77949
387,Military Civilian Culture Clash Movies,11008
387,Military Civilian Culture Clash Movies,399361
387,Military Civilian Culture Clash Movies,12162
387,Military Civilian Culture Clash Movies,16771
387,Military Civilian Culture Clash Movies,75780
387,Military Civilian Culture Clash Movies,705926
387,Military Civilian Culture Clash Movies,293767
387,Military Civilian Culture Clash Movies,30856
387,Military Civilian Culture Clash Movies,47370
387,Military Civilian Culture Clash Movies,333968
387,Military Civilian Culture Clash Movies,81305
387,Military Civilian Culture Clash Movies,405535
387,Military Civilian Culture Clash Movies,1573
387,Military Civilian Culture Clash Movies,34981
387,Military Civilian Culture Clash Movies,38697
387,Military Civilian Culture Clash Movies,50601
387,Military Civilian Culture Clash Movies,83372
387,Military Civilian Culture Clash Movies,41773
387,Military Civilian Culture Clash Movies,194735
387,Military Civilian Culture Clash Movies,2100
387,Military Civilian Culture Clash Movies,14134
387,Military Civilian Culture Clash Movies,13368
387,Military Civilian Culture Clash Movies,31037
387,Military Civilian Culture Clash Movies,7485
387,Military Civilian Culture Clash Movies,6973
387,Military Civilian Culture Clash Movies,112063
387,Military Civilian Culture Clash Movies,374720
387,Military Civilian Culture Clash Movies,395841
387,Military Civilian Culture Clash Movies,43077
387,Military Civilian Culture Clash Movies,228805
387,Military Civilian Culture Clash Movies,11851
387,Military Civilian Culture Clash Movies,408655
387,Military Civilian Culture Clash Movies,22994
387,Military Civilian Culture Clash Movies,39506
387,Military Civilian Culture Clash Movies,76372
387,Military Civilian Culture Clash Movies,392788
387,Military Civilian Culture Clash Movies,38617
387,Military Civilian Culture Clash Movies,226013
387,Military Civilian Culture Clash Movies,23518
387,Military Civilian Culture Clash Movies,98398
387,Military Civilian Culture Clash Movies,74725
387,Military Civilian Culture Clash Movies,43496
387,Military Civilian Culture Clash Movies,10479
387,Military Civilian Culture Clash Movies,25212
388,Modern Takes On 70s Crime,736769
388,Modern Takes On 70s Crime,34563
388,Modern Takes On 70s Crime,361605
388,Modern Takes On 70s Crime,44040
388,Modern Takes On 70s Crime,307081
388,Modern Takes On 70s Crime,587792
388,Modern Takes On 70s Crime,1072790
388,Modern Takes On 70s Crime,469912
388,Modern Takes On 70s Crime,288158
388,Modern Takes On 70s Crime,435615
388,Modern Takes On 70s Crime,506528
388,Modern Takes On 70s Crime,296099
388,Modern Takes On 70s Crime,666277
388,Modern Takes On 70s Crime,1574
388,Modern Takes On 70s Crime,474538
388,Modern Takes On 70s Crime,109099
388,Modern Takes On 70s Crime,1008042
388,Modern Takes On 70s Crime,42029
388,Modern Takes On 70s Crime,437557
388,Modern Takes On 70s Crime,804150
388,Modern Takes On 70s Crime,218425
388,Modern Takes On 70s Crime,2493
388,Modern Takes On 70s Crime,65086
388,Modern Takes On 70s Crime,753342
388,Modern Takes On 70s Crime,828613
388,Modern Takes On 70s Crime,619979
388,Modern Takes On 70s Crime,521935
388,Modern Takes On 70s Crime,138832
388,Modern Takes On 70s Crime,2001
388,Modern Takes On 70s Crime,2002
388,Modern Takes On 70s Crime,1619
388,Modern Takes On 70s Crime,521296
388,Modern Takes On 70s Crime,578514
388,Modern Takes On 70s Crime,11227
388,Modern Takes On 70s Crime,525660
388,Modern Takes On 70s Crime,1406817
388,Modern Takes On 70s Crime,393445
388,Modern Takes On 70s Crime,282984
388,Modern Takes On 70s Crime,527729
388,Modern Takes On 70s Crime,720755
388,Modern Takes On 70s Crime,309242
388,Modern Takes On 70s Crime,9339
388,Modern Takes On 70s Crime,28796
388,Modern Takes On 70s Crime,339967
389,Films About Artistic Compromise,430081
389,Films About Artistic Compromise,96642
389,Films About Artistic Compromise,42758
389,Films About Artistic Compromise,149383
389,Films About Artistic Compromise,37512
389,Films About Artistic Compromise,144658
389,Films About Artistic Compromise,3476
389,Films About Artistic Compromise,8220
389,Films About Artistic Compromise,10149
389,Films About Artistic Compromise,671397
389,Films About Artistic Compromise,12456
389,Films About Artistic Compromise,490794
389,Films About Artistic Compromise,418098
389,Films About Artistic Compromise,26803
389,Films About Artistic Compromise,728116
389,Films About Artistic Compromise,371638
389,Films About Artistic Compromise,41783
389,Films About Artistic Compromise,84922
389,Films About Artistic Compromise,30140
389,Films About Artistic Compromise,29376
389,Films About Artistic Compromise,153410
389,Films About Artistic Compromise,32069
389,Films About Artistic Compromise,126277
389,Films About Artistic Compromise,505159
389,Films About Artistic Compromise,138829
389,Films About Artistic Compromise,40910
389,Films About Artistic Compromise,253261
389,Films About Artistic Compromise,452558
389,Films About Artistic Compromise,10068
389,Films About Artistic Compromise,75733
389,Films About Artistic Compromise,62422
389,Films About Artistic Compromise,44503
389,Films About Artistic Compromise,158936
389,Films About Artistic Compromise,736343
389,Films About Artistic Compromise,432606
389,Films About Artistic Compromise,1131103
389,Films About Artistic Compromise,1240545
389,Films About Artistic Compromise,1207010
389,Films About Artistic Compromise,25319
389,Films About Artistic Compromise,327528
389,Films About Artistic Compromise,10475
389,Films About Artistic Compromise,1644
389,Films About Artistic Compromise,65646
389,Films About Artistic Compromise,40819
389,Films About Artistic Compromise,303987
389,Films About Artistic Compromise,99189
389,Films About Artistic Compromise,84342
389,Films About Artistic Compromise,182655
390,Early 2000s CGI Horror Films,24837
390,Early 2000s CGI Horror Films,1933
390,Early 2000s CGI Horror Films,9358
390,Early 2000s CGI Horror Films,10894
390,Early 2000s CGI Horror Films,9616
390,Early 2000s CGI Horror Films,52494
390,Early 2000s CGI Horror Films,11026
390,Early 2000s CGI Horror Films,612882
390,Early 2000s CGI Horror Films,1690
390,Early 2000s CGI Horror Films,11804
390,Early 2000s CGI Horror Films,9373
390,Early 2000s CGI Horror Films,9378
390,Early 2000s CGI Horror Films,37284
390,Early 2000s CGI Horror Films,8997
390,Early 2000s CGI Horror Films,32171
390,Early 2000s CGI Horror Films,9645
390,Early 2000s CGI Horror Films,9902
390,Early 2000s CGI Horror Films,9009
390,Early 2000s CGI Horror Films,1970
390,Early 2000s CGI Horror Films,11442
390,Early 2000s CGI Horror Films,22450
390,Early 2000s CGI Horror Films,11838
390,Early 2000s CGI Horror Films,42187
390,Early 2000s CGI Horror Films,16077
390,Early 2000s CGI Horror Films,48333
390,Early 2000s CGI Horror Films,10320
390,Early 2000s CGI Horror Films,11217
390,Early 2000s CGI Horror Films,46164
390,Early 2000s CGI Horror Films,69217
390,Early 2000s CGI Horror Films,24674
390,Early 2000s CGI Horror Films,10984
390,Early 2000s CGI Horror Films,11880
390,Early 2000s CGI Horror Films,4970
390,Early 2000s CGI Horror Films,8555
390,Early 2000s CGI Horror Films,36586
390,Early 2000s CGI Horror Films,11380
390,Early 2000s CGI Horror Films,32250
391,Actors Final Film Performances Ever,30080
391,Actors Final Film Performances Ever,17538
391,Actors Final Film Performances Ever,35849
391,Actors Final Film Performances Ever,61708
391,Actors Final Film Performances Ever,28304
391,Actors Final Film Performances Ever,95764
391,Actors Final Film Performances Ever,461974
391,Actors Final Film Performances Ever,116760
391,Actors Final Film Performances Ever,157849
391,Actors Final Film Performances Ever,181533
391,Actors Final Film Performances Ever,154400
391,Actors Final Film Performances Ever,17185
391,Actors Final Film Performances Ever,5922
391,Actors Final Film Performances Ever,24229
391,Actors Final Film Performances Ever,40742
391,Actors Final Film Performances Ever,86828
391,Actors Final Film Performances Ever,1712
391,Actors Final Film Performances Ever,40377
391,Actors Final Film Performances Ever,491066
391,Actors Final Film Performances Ever,310593
391,Actors Final Film Performances Ever,313922
391,Actors Final Film Performances Ever,11593
391,Actors Final Film Performances Ever,15050
391,Actors Final Film Performances Ever,192971
391,Actors Final Film Performances Ever,20556
391,Actors Final Film Performances Ever,24274
391,Actors Final Film Performances Ever,57300
391,Actors Final Film Performances Ever,29142
391,Actors Final Film Performances Ever,1879
391,Actors Final Film Performances Ever,12122
391,Actors Final Film Performances Ever,41947
391,Actors Final Film Performances Ever,227688
391,Actors Final Film Performances Ever,948713
391,Actors Final Film Performances Ever,10987
391,Actors Final Film Performances Ever,1775
391,Actors Final Film Performances Ever,28528
391,Actors Final Film Performances Ever,16113
391,Actors Final Film Performances Ever,42735
391,Actors Final Film Performances Ever,11002
392,Female Artists Fighting For Recognition,653578
392,Female Artists Fighting For Recognition,41613
392,Female Artists Fighting For Recognition,13967
392,Female Artists Fighting For Recognition,41233
392,Female Artists Fighting For Recognition,593427
392,Female Artists Fighting For Recognition,20628
392,Female Artists Fighting For Recognition,491926
392,Female Artists Fighting For Recognition,49954
392,Female Artists Fighting For Recognition,418472
392,Female Artists Fighting For Recognition,1833
392,Female Artists Fighting For Recognition,130858
392,Female Artists Fighting For Recognition,490794
392,Female Artists Fighting For Recognition,18094
392,Female Artists Fighting For Recognition,87093
392,Female Artists Fighting For Recognition,68023
392,Female Artists Fighting For Recognition,17336
392,Female Artists Fighting For Recognition,14266
392,Female Artists Fighting For Recognition,1723
392,Female Artists Fighting For Recognition,28219
392,Female Artists Fighting For Recognition,11709
392,Female Artists Fighting For Recognition,83132
392,Female Artists Fighting For Recognition,10876
392,Female Artists Fighting For Recognition,10435
392,Female Artists Fighting For Recognition,688711
392,Female Artists Fighting For Recognition,916427
392,Female Artists Fighting For Recognition,36815
392,Female Artists Fighting For Recognition,61647
392,Female Artists Fighting For Recognition,822100
392,Female Artists Fighting For Recognition,24153
392,Female Artists Fighting For Recognition,331482
392,Female Artists Fighting For Recognition,110428
392,Female Artists Fighting For Recognition,252511
392,Female Artists Fighting For Recognition,844135
392,Female Artists Fighting For Recognition,359784
392,Female Artists Fighting For Recognition,50031
392,Female Artists Fighting For Recognition,9587
392,Female Artists Fighting For Recognition,67060
392,Female Artists Fighting For Recognition,454652
393,Art Ownership Debate Films,10368
393,Art Ownership Debate Films,12289
393,Art Ownership Debate Films,209024
393,Art Ownership Debate Films,489987
393,Art Ownership Debate Films,41613
393,Art Ownership Debate Films,589326
393,Art Ownership Debate Films,693906
393,Art Ownership Debate Films,344083
393,Art Ownership Debate Films,18203
393,Art Ownership Debate Films,149019
393,Art Ownership Debate Films,858016
393,Art Ownership Debate Films,22561
393,Art Ownership Debate Films,130593
393,Art Ownership Debate Films,47011
393,Art Ownership Debate Films,126759
393,Art Ownership Debate Films,1833
393,Art Ownership Debate Films,70443
393,Art Ownership Debate Films,500909
393,Art Ownership Debate Films,244786
393,Art Ownership Debate Films,109364
393,Art Ownership Debate Films,245684
393,Art Ownership Debate Films,11959
393,Art Ownership Debate Films,11832
393,Art Ownership Debate Films,27064
393,Art Ownership Debate Films,9786
393,Art Ownership Debate Films,64190
393,Art Ownership Debate Films,175041
393,Art Ownership Debate Films,10435
393,Art Ownership Debate Films,330947
393,Art Ownership Debate Films,2757
393,Art Ownership Debate Films,390469
393,Art Ownership Debate Films,14279
393,Art Ownership Debate Films,1396805
393,Art Ownership Debate Films,316873
393,Art Ownership Debate Films,409035
393,Art Ownership Debate Films,2639
393,Art Ownership Debate Films,299729
393,Art Ownership Debate Films,15570
393,Art Ownership Debate Films,822099
393,Art Ownership Debate Films,84309
393,Art Ownership Debate Films,396373
393,Art Ownership Debate Films,42204
393,Art Ownership Debate Films,280668
393,Art Ownership Debate Films,83552
393,Art Ownership Debate Films,620897
393,Art Ownership Debate Films,57829
393,Art Ownership Debate Films,20967
393,Art Ownership Debate Films,249724
393,Art Ownership Debate Films,26347
393,Art Ownership Debate Films,517104
393,Art Ownership Debate Films,794227
393,Art Ownership Debate Films,805748
393,Art Ownership Debate Films,186997
393,Art Ownership Debate Films,5879
393,Art Ownership Debate Films,11515
393,Art Ownership Debate Films,10876
393,Art Ownership Debate Films,9591
394,Traditional Knowledge in Modern World,16514
394,Traditional Knowledge in Modern World,18818
394,Traditional Knowledge in Modern World,1454850
394,Traditional Knowledge in Modern World,622855
394,Traditional Knowledge in Modern World,39563
394,Traditional Knowledge in Modern World,6414
394,Traditional Knowledge in Modern World,364689
394,Traditional Knowledge in Modern World,81684
394,Traditional Knowledge in Modern World,221076
394,Traditional Knowledge in Modern World,1256212
394,Traditional Knowledge in Modern World,10264
394,Traditional Knowledge in Modern World,1154712
394,Traditional Knowledge in Modern World,106396
394,Traditional Knowledge in Modern World,186399
394,Traditional Knowledge in Modern World,170657
394,Traditional Knowledge in Modern World,429351
394,Traditional Knowledge in Modern World,624808
394,Traditional Knowledge in Modern World,110377
394,Traditional Knowledge in Modern World,2861
394,Traditional Knowledge in Modern World,12207
394,Traditional Knowledge in Modern World,290864
394,Traditional Knowledge in Modern World,149940
394,Traditional Knowledge in Modern World,56118
394,Traditional Knowledge in Modern World,62652
394,Traditional Knowledge in Modern World,666044
394,Traditional Knowledge in Modern World,332742
394,Traditional Knowledge in Modern World,972230
394,Traditional Knowledge in Modern World,492621
394,Traditional Knowledge in Modern World,521296
394,Traditional Knowledge in Modern World,775504
394,Traditional Knowledge in Modern World,39378
394,Traditional Knowledge in Modern World,73043
394,Traditional Knowledge in Modern World,76115
394,Traditional Knowledge in Modern World,116690
394,Traditional Knowledge in Modern World,184149
394,Traditional Knowledge in Modern World,17111
394,Traditional Knowledge in Modern World,63064
394,Traditional Knowledge in Modern World,432087
394,Traditional Knowledge in Modern World,265178
394,Traditional Knowledge in Modern World,631004
394,Traditional Knowledge in Modern World,47075
394,Traditional Knowledge in Modern World,345317
394,Traditional Knowledge in Modern World,14694
394,Traditional Knowledge in Modern World,105703
394,Traditional Knowledge in Modern World,36072
394,Traditional Knowledge in Modern World,265193
394,Traditional Knowledge in Modern World,491622
394,Traditional Knowledge in Modern World,1899
394,Traditional Knowledge in Modern World,42092
394,Traditional Knowledge in Modern World,38765
394,Traditional Knowledge in Modern World,360814
394,Traditional Knowledge in Modern World,374251
394,Traditional Knowledge in Modern World,585062
394,Traditional Knowledge in Modern World,409725
394,Traditional Knowledge in Modern World,38135
394,Traditional Knowledge in Modern World,103545
394,Traditional Knowledge in Modern World,594937
394,Traditional Knowledge in Modern World,357246
395,Direct To Video Horror Gems,36992
395,Direct To Video Horror Gems,40833
395,Direct To Video Horror Gems,13186
395,Direct To Video Horror Gems,45442
395,Direct To Video Horror Gems,56195
395,Direct To Video Horror Gems,44936
395,Direct To Video Horror Gems,85000
395,Direct To Video Horror Gems,31245
395,Direct To Video Horror Gems,92562
395,Direct To Video Horror Gems,52627
395,Direct To Video Horror Gems,27412
395,Direct To Video Horror Gems,58899
395,Direct To Video Horror Gems,3350
395,Direct To Video Horror Gems,50326
395,Direct To Video Horror Gems,44184
395,Direct To Video Horror Gems,125077
395,Direct To Video Horror Gems,36762
395,Direct To Video Horror Gems,36251
395,Direct To Video Horror Gems,118043
395,Direct To Video Horror Gems,40221
395,Direct To Video Horror Gems,41374
395,Direct To Video Horror Gems,29345
395,Direct To Video Horror Gems,26914
395,Direct To Video Horror Gems,48291
395,Direct To Video Horror Gems,49830
395,Direct To Video Horror Gems,78375
395,Direct To Video Horror Gems,86703
395,Direct To Video Horror Gems,15026
395,Direct To Video Horror Gems,9011
395,Direct To Video Horror Gems,26676
395,Direct To Video Horror Gems,26677
395,Direct To Video Horror Gems,27318
395,Direct To Video Horror Gems,62132
395,Direct To Video Horror Gems,27320
395,Direct To Video Horror Gems,1977
395,Direct To Video Horror Gems,40760
395,Direct To Video Horror Gems,47288
395,Direct To Video Horror Gems,116680
395,Direct To Video Horror Gems,26953
395,Direct To Video Horror Gems,40649
395,Direct To Video Horror Gems,42185
395,Direct To Video Horror Gems,112328
395,Direct To Video Horror Gems,82126
395,Direct To Video Horror Gems,71376
395,Direct To Video Horror Gems,40147
395,Direct To Video Horror Gems,80343
395,Direct To Video Horror Gems,344797
395,Direct To Video Horror Gems,1279334
395,Direct To Video Horror Gems,158571
395,Direct To Video Horror Gems,423154
395,Direct To Video Horror Gems,68342
395,Direct To Video Horror Gems,26103
395,Direct To Video Horror Gems,36217
395,Direct To Video Horror Gems,55547
395,Direct To Video Horror Gems,29820
395,Direct To Video Horror Gems,35710
396,Stage Directors Transitioning To Film,170752
396,Stage Directors Transitioning To Film,33665
396,Stage Directors Transitioning To Film,1009280
396,Stage Directors Transitioning To Film,11779
396,Stage Directors Transitioning To Film,22279
396,Stage Directors Transitioning To Film,681351
396,Stage Directors Transitioning To Film,61708
396,Stage Directors Transitioning To Film,43277
396,Stage Directors Transitioning To Film,568332
396,Stage Directors Transitioning To Film,277396
396,Stage Directors Transitioning To Film,71316
396,Stage Directors Transitioning To Film,204948
396,Stage Directors Transitioning To Film,94615
396,Stage Directors Transitioning To Film,963737
396,Stage Directors Transitioning To Film,47643
396,Stage Directors Transitioning To Film,44705
396,Stage Directors Transitioning To Film,277800
396,Stage Directors Transitioning To Film,371241
396,Stage Directors Transitioning To Film,47658
396,Stage Directors Transitioning To Film,31275
396,Stage Directors Transitioning To Film,104748
396,Stage Directors Transitioning To Film,91950
396,Stage Directors Transitioning To Film,82101
396,Stage Directors Transitioning To Film,105526
396,Stage Directors Transitioning To Film,267192
396,Stage Directors Transitioning To Film,1978
396,Stage Directors Transitioning To Film,27200
396,Stage Directors Transitioning To Film,65218
396,Stage Directors Transitioning To Film,77123
396,Stage Directors Transitioning To Film,46918
396,Stage Directors Transitioning To Film,14410
396,Stage Directors Transitioning To Film,217546
396,Stage Directors Transitioning To Film,16716
396,Stage Directors Transitioning To Film,26319
396,Stage Directors Transitioning To Film,381649
396,Stage Directors Transitioning To Film,53202
396,Stage Directors Transitioning To Film,52959
396,Stage Directors Transitioning To Film,466272
396,Stage Directors Transitioning To Film,42466
396,Stage Directors Transitioning To Film,12524
396,Stage Directors Transitioning To Film,552173
396,Stage Directors Transitioning To Film,2288
396,Stage Directors Transitioning To Film,18929
396,Stage Directors Transitioning To Film,41201
396,Stage Directors Transitioning To Film,63858
396,Stage Directors Transitioning To Film,305139
396,Stage Directors Transitioning To Film,394741
396,Stage Directors Transitioning To Film,531454
397,Moral Compromise In Wartime Films,622977
397,Moral Compromise In Wartime Films,13321
397,Moral Compromise In Wartime Films,86666
397,Moral Compromise In Wartime Films,55823
397,Moral Compromise In Wartime Films,29586
397,Moral Compromise In Wartime Films,202515
397,Moral Compromise In Wartime Films,402199
397,Moral Compromise In Wartime Films,55835
397,Moral Compromise In Wartime Films,10142
397,Moral Compromise In Wartime Films,10911
397,Moral Compromise In Wartime Films,79777
397,Moral Compromise In Wartime Films,40739
397,Moral Compromise In Wartime Films,11046
397,Moral Compromise In Wartime Films,35494
397,Moral Compromise In Wartime Films,98487
397,Moral Compromise In Wartime Films,199868
397,Moral Compromise In Wartime Films,103742
397,Moral Compromise In Wartime Films,55238
397,Moral Compromise In Wartime Films,55240
397,Moral Compromise In Wartime Films,55368
397,Moral Compromise In Wartime Films,112842
397,Moral Compromise In Wartime Films,41806
397,Moral Compromise In Wartime Films,176974
397,Moral Compromise In Wartime Films,162641
397,Moral Compromise In Wartime Films,291549
397,Moral Compromise In Wartime Films,34530
397,Moral Compromise In Wartime Films,63971
397,Moral Compromise In Wartime Films,88803
397,Moral Compromise In Wartime Films,28006
397,Moral Compromise In Wartime Films,2024
397,Moral Compromise In Wartime Films,4588
397,Moral Compromise In Wartime Films,4461
397,Moral Compromise In Wartime Films,25838
397,Moral Compromise In Wartime Films,84079
397,Moral Compromise In Wartime Films,17136
397,Moral Compromise In Wartime Films,31217
397,Moral Compromise In Wartime Films,12660
397,Moral Compromise In Wartime Films,47352
397,Moral Compromise In Wartime Films,494974
398,Love Versus Duty War Stories,43151
398,Love Versus Duty War Stories,3092
398,Love Versus Duty War Stories,429467
398,Love Versus Duty War Stories,8737
398,Love Versus Duty War Stories,42658
398,Love Versus Duty War Stories,53156
398,Love Versus Duty War Stories,4517
398,Love Versus Duty War Stories,24613
398,Love Versus Duty War Stories,31526
398,Love Versus Duty War Stories,75948
398,Love Versus Duty War Stories,16176
398,Love Versus Duty War Stories,326320
398,Love Versus Duty War Stories,65332
398,Love Versus Duty War Stories,43515
398,Love Versus Duty War Stories,28472
398,Love Versus Duty War Stories,6073
398,Love Versus Duty War Stories,98487
398,Love Versus Duty War Stories,22971
398,Love Versus Duty War Stories,199868
398,Love Versus Duty War Stories,63041
398,Love Versus Duty War Stories,21058
398,Love Versus Duty War Stories,42310
398,Love Versus Duty War Stories,27854
398,Love Versus Duty War Stories,186451
398,Love Versus Duty War Stories,27990
398,Love Versus Duty War Stories,369885
398,Love Versus Duty War Stories,624479
398,Love Versus Duty War Stories,175334
398,Love Versus Duty War Stories,27624
398,Love Versus Duty War Stories,122088
398,Love Versus Duty War Stories,43884
398,Love Versus Duty War Stories,2033
398,Love Versus Duty War Stories,408946
398,Love Versus Duty War Stories,44147
398,Love Versus Duty War Stories,108923
398,Love Versus Duty War Stories,31868
398,Love Versus Duty War Stories,259325
399,Pre MeToo Movement Documentaries,302465
399,Pre MeToo Movement Documentaries,75650
399,Pre MeToo Movement Documentaries,502154
399,Pre MeToo Movement Documentaries,161043
399,Pre MeToo Movement Documentaries,32276
399,Pre MeToo Movement Documentaries,87061
399,Pre MeToo Movement Documentaries,390296
399,Pre MeToo Movement Documentaries,360354
399,Pre MeToo Movement Documentaries,172197
399,Pre MeToo Movement Documentaries,511014
399,Pre MeToo Movement Documentaries,121257
399,Pre MeToo Movement Documentaries,328233
399,Pre MeToo Movement Documentaries,159152
399,Pre MeToo Movement Documentaries,15281
399,Pre MeToo Movement Documentaries,801528
399,Pre MeToo Movement Documentaries,148404
399,Pre MeToo Movement Documentaries,296246
399,Pre MeToo Movement Documentaries,621754
399,Pre MeToo Movement Documentaries,234555
399,Pre MeToo Movement Documentaries,292539
399,Pre MeToo Movement Documentaries,84288
399,Pre MeToo Movement Documentaries,373442
399,Pre MeToo Movement Documentaries,575812
399,Pre MeToo Movement Documentaries,83653
399,Pre MeToo Movement Documentaries,37447
399,Pre MeToo Movement Documentaries,343880
399,Pre MeToo Movement Documentaries,493001
399,Pre MeToo Movement Documentaries,84170
399,Pre MeToo Movement Documentaries,515787
399,Pre MeToo Movement Documentaries,520777
399,Pre MeToo Movement Documentaries,253261
399,Pre MeToo Movement Documentaries,277582
399,Pre MeToo Movement Documentaries,2261
399,Pre MeToo Movement Documentaries,319073
399,Pre MeToo Movement Documentaries,250722
399,Pre MeToo Movement Documentaries,563939
399,Pre MeToo Movement Documentaries,84196
399,Pre MeToo Movement Documentaries,276196
399,Pre MeToo Movement Documentaries,415078
399,Pre MeToo Movement Documentaries,997348
399,Pre MeToo Movement Documentaries,202984
399,Pre MeToo Movement Documentaries,34921
399,Pre MeToo Movement Documentaries,356329
399,Pre MeToo Movement Documentaries,373480
399,Pre MeToo Movement Documentaries,97008
399,Pre MeToo Movement Documentaries,74482
399,Pre MeToo Movement Documentaries,75000
399,Pre MeToo Movement Documentaries,811769
400,Early Career Virginia Madsen Films,40064
400,Early Career Virginia Madsen Films,43392
400,Early Career Virginia Madsen Films,38916
400,Early Career Virginia Madsen Films,9477
400,Early Career Virginia Madsen Films,23942
400,Early Career Virginia Madsen Films,35847
400,Early Career Virginia Madsen Films,179847
400,Early Career Virginia Madsen Films,19596
400,Early Career Virginia Madsen Films,443937
400,Early Career Virginia Madsen Films,107811
400,Early Career Virginia Madsen Films,6439
400,Early Career Virginia Madsen Films,16553
400,Early Career Virginia Madsen Films,118955
400,Early Career Virginia Madsen Films,71985
400,Early Career Virginia Madsen Films,83633
400,Early Career Virginia Madsen Films,16053
400,Early Career Virginia Madsen Films,56118
400,Early Career Virginia Madsen Films,222773
400,Early Career Virginia Madsen Films,17336
400,Early Career Virginia Madsen Films,9788
400,Early Career Virginia Madsen Films,175164
400,Early Career Virginia Madsen Films,10186
400,Early Career Virginia Madsen Films,91217
400,Early Career Virginia Madsen Films,10326
400,Early Career Virginia Madsen Films,214742
400,Early Career Virginia Madsen Films,118872
400,Early Career Virginia Madsen Films,602104
400,Early Career Virginia Madsen Films,101859
400,Early Career Virginia Madsen Films,173668
400,Early Career Virginia Madsen Films,14181
400,Early Career Virginia Madsen Films,11495
400,Early Career Virginia Madsen Films,17130
400,Early Career Virginia Madsen Films,228074
400,Early Career Virginia Madsen Films,19052
400,Early Career Virginia Madsen Films,37488
400,Early Career Virginia Madsen Films,76018
400,Early Career Virginia Madsen Films,259188
400,Early Career Virginia Madsen Films,2293
400,Early Career Virginia Madsen Films,39288
400,Early Career Virginia Madsen Films,130684
400,Early Career Virginia Madsen Films,8446
400,Early Career Virginia Madsen Films,24831
401,Refugee Crisis Period Dramas,63617
401,Refugee Crisis Period Dramas,1386374
401,Refugee Crisis Period Dramas,71303
401,Refugee Crisis Period Dramas,29963
401,Refugee Crisis Period Dramas,10381
401,Refugee Crisis Period Dramas,399121
401,Refugee Crisis Period Dramas,2447
401,Refugee Crisis Period Dramas,14608
401,Refugee Crisis Period Dramas,20497
401,Refugee Crisis Period Dramas,44688
401,Refugee Crisis Period Dramas,16659
401,Refugee Crisis Period Dramas,68883
401,Refugee Crisis Period Dramas,73873
401,Refugee Crisis Period Dramas,50070
401,Refugee Crisis Period Dramas,27031
401,Refugee Crisis Period Dramas,12184
401,Refugee Crisis Period Dramas,2457
401,Refugee Crisis Period Dramas,11034
401,Refugee Crisis Period Dramas,51994
401,Refugee Crisis Period Dramas,30237
401,Refugee Crisis Period Dramas,617762
401,Refugee Crisis Period Dramas,10404
401,Refugee Crisis Period Dramas,563749
401,Refugee Crisis Period Dramas,4518
401,Refugee Crisis Period Dramas,17831
401,Refugee Crisis Period Dramas,76714
401,Refugee Crisis Period Dramas,42495
401,Refugee Crisis Period Dramas,83116
401,Refugee Crisis Period Dramas,261680
401,Refugee Crisis Period Dramas,15927
401,Refugee Crisis Period Dramas,10436
401,Refugee Crisis Period Dramas,5961
401,Refugee Crisis Period Dramas,68170
401,Refugee Crisis Period Dramas,20431
401,Refugee Crisis Period Dramas,29266
401,Refugee Crisis Period Dramas,232018
401,Refugee Crisis Period Dramas,338137
401,Refugee Crisis Period Dramas,36194
401,Refugee Crisis Period Dramas,37606
401,Refugee Crisis Period Dramas,3175
401,Refugee Crisis Period Dramas,124902
401,Refugee Crisis Period Dramas,664423
401,Refugee Crisis Period Dramas,35052
401,Refugee Crisis Period Dramas,291692
401,Refugee Crisis Period Dramas,250734
401,Refugee Crisis Period Dramas,12783
401,Refugee Crisis Period Dramas,11632
401,Refugee Crisis Period Dramas,14449
401,Refugee Crisis Period Dramas,49391
401,Refugee Crisis Period Dramas,10867
401,Refugee Crisis Period Dramas,105462
401,Refugee Crisis Period Dramas,8055
401,Refugee Crisis Period Dramas,15740
401,Refugee Crisis Period Dramas,17663
402,Meditative Films About Rural Life,43904
402,Meditative Films About Rural Life,26755
402,Meditative Films About Rural Life,83595
402,Meditative Films About Rural Life,242575
402,Meditative Films About Rural Life,38164
402,Meditative Films About Rural Life,169877
402,Meditative Films About Rural Life,1259032
402,Meditative Films About Rural Life,31642
402,Meditative Films About Rural Life,37662
402,Meditative Films About Rural Life,43423
402,Meditative Films About Rural Life,31651
402,Meditative Films About Rural Life,45219
402,Meditative Films About Rural Life,32294
402,Meditative Films About Rural Life,43047
402,Meditative Films About Rural Life,306598
402,Meditative Films About Rural Life,855974
402,Meditative Films About Rural Life,108843
402,Meditative Films About Rural Life,280492
402,Meditative Films About Rural Life,57389
402,Meditative Films About Rural Life,5168
402,Meditative Films About Rural Life,345649
402,Meditative Films About Rural Life,79615
402,Meditative Films About Rural Life,3764
402,Meditative Films About Rural Life,110771
402,Meditative Films About Rural Life,17078
402,Meditative Films About Rural Life,31542
402,Meditative Films About Rural Life,229173
402,Meditative Films About Rural Life,42169
402,Meditative Films About Rural Life,2617
402,Meditative Films About Rural Life,94649
402,Meditative Films About Rural Life,158273
402,Meditative Films About Rural Life,520005
402,Meditative Films About Rural Life,566213
402,Meditative Films About Rural Life,522314
402,Meditative Films About Rural Life,521036
402,Meditative Films About Rural Life,9294
402,Meditative Films About Rural Life,44878
402,Meditative Films About Rural Life,57680
402,Meditative Films About Rural Life,338766
402,Meditative Films About Rural Life,4050
402,Meditative Films About Rural Life,56402
402,Meditative Films About Rural Life,15318
402,Meditative Films About Rural Life,160219
402,Meditative Films About Rural Life,245855
402,Meditative Films About Rural Life,268641
402,Meditative Films About Rural Life,297825
402,Meditative Films About Rural Life,403300
402,Meditative Films About Rural Life,400618
402,Meditative Films About Rural Life,54254
402,Meditative Films About Rural Life,314614
402,Meditative Films About Rural Life,150651
402,Meditative Films About Rural Life,10239
403,Proto Found Footage Horror Influences,723072
403,Proto Found Footage Horror Influences,24580
403,Proto Found Footage Horror Influences,29445
403,Proto Found Footage Horror Influences,376453
403,Proto Found Footage Horror Influences,766984
403,Proto Found Footage Horror Influences,153738
403,Proto Found Footage Horror Influences,23827
403,Proto Found Footage Horror Influences,227348
403,Proto Found Footage Horror Influences,745881
403,Proto Found Footage Horror Influences,11804
403,Proto Found Footage Horror Influences,67742
403,Proto Found Footage Horror Influences,50719
403,Proto Found Footage Horror Influences,207774
403,Proto Found Footage Horror Influences,1136416
403,Proto Found Footage Horror Influences,542882
403,Proto Found Footage Horror Influences,96035
403,Proto Found Footage Horror Influences,10664
403,Proto Found Footage Horror Influences,22824
403,Proto Found Footage Horror Influences,46633
403,Proto Found Footage Horror Influences,118315
403,Proto Found Footage Horror Influences,753453
403,Proto Found Footage Horror Influences,1302703
403,Proto Found Footage Horror Influences,11442
403,Proto Found Footage Horror Influences,50357
403,Proto Found Footage Horror Influences,10294
403,Proto Found Footage Horror Influences,776501
403,Proto Found Footage Horror Influences,481849
403,Proto Found Footage Horror Influences,14138
403,Proto Found Footage Horror Influences,81471
403,Proto Found Footage Horror Influences,293572
403,Proto Found Footage Horror Influences,76487
403,Proto Found Footage Horror Influences,42185
403,Proto Found Footage Horror Influences,1136074
403,Proto Found Footage Horror Influences,16077
403,Proto Found Footage Horror Influences,359246
403,Proto Found Footage Horror Influences,79316
403,Proto Found Footage Horror Influences,26198
403,Proto Found Footage Horror Influences,2655
403,Proto Found Footage Horror Influences,13025
403,Proto Found Footage Horror Influences,123105
403,Proto Found Footage Horror Influences,508642
403,Proto Found Footage Horror Influences,43751
403,Proto Found Footage Horror Influences,297580
403,Proto Found Footage Horror Influences,145135
403,Proto Found Footage Horror Influences,34288
403,Proto Found Footage Horror Influences,419825
403,Proto Found Footage Horror Influences,130802
403,Proto Found Footage Horror Influences,13812
404,Pre Code To Code Transition,52227
404,Pre Code To Code Transition,39950
404,Pre Code To Code Transition,110736
404,Pre Code To Code Transition,109841
404,Pre Code To Code Transition,28564
404,Pre Code To Code Transition,204948
404,Pre Code To Code Transition,78998
404,Pre Code To Code Transition,13847
404,Pre Code To Code Transition,30230
404,Pre Code To Code Transition,2969
404,Pre Code To Code Transition,183447
404,Pre Code To Code Transition,42914
404,Pre Code To Code Transition,46757
404,Pre Code To Code Transition,28712
404,Pre Code To Code Transition,34474
404,Pre Code To Code Transition,118570
404,Pre Code To Code Transition,31532
404,Pre Code To Code Transition,82096
404,Pre Code To Code Transition,43824
404,Pre Code To Code Transition,47921
404,Pre Code To Code Transition,42678
404,Pre Code To Code Transition,64318
404,Pre Code To Code Transition,27456
404,Pre Code To Code Transition,25413
404,Pre Code To Code Transition,111302
404,Pre Code To Code Transition,43600
404,Pre Code To Code Transition,65874
404,Pre Code To Code Transition,26323
404,Pre Code To Code Transition,27990
404,Pre Code To Code Transition,35545
404,Pre Code To Code Transition,75994
404,Pre Code To Code Transition,25563
404,Pre Code To Code Transition,43739
404,Pre Code To Code Transition,17885
404,Pre Code To Code Transition,143838
404,Pre Code To Code Transition,166621
404,Pre Code To Code Transition,28257
404,Pre Code To Code Transition,77412
404,Pre Code To Code Transition,120933
404,Pre Code To Code Transition,53864
404,Pre Code To Code Transition,31592
404,Pre Code To Code Transition,84712
404,Pre Code To Code Transition,27501
404,Pre Code To Code Transition,104430
404,Pre Code To Code Transition,27503
404,Pre Code To Code Transition,60792
404,Pre Code To Code Transition,173689
404,Pre Code To Code Transition,43903
405,Early Marilyn Monroe Supporting Roles,52864
405,Early Marilyn Monroe Supporting Roles,198146
405,Early Marilyn Monroe Supporting Roles,43395
405,Early Marilyn Monroe Supporting Roles,29444
405,Early Marilyn Monroe Supporting Roles,10117
405,Early Marilyn Monroe Supporting Roles,26635
405,Early Marilyn Monroe Supporting Roles,58257
405,Early Marilyn Monroe Supporting Roles,241939
405,Early Marilyn Monroe Supporting Roles,14871
405,Early Marilyn Monroe Supporting Roles,58007
405,Early Marilyn Monroe Supporting Roles,204442
405,Early Marilyn Monroe Supporting Roles,10651
405,Early Marilyn Monroe Supporting Roles,3486
405,Early Marilyn Monroe Supporting Roles,10016
405,Early Marilyn Monroe Supporting Roles,42914
405,Early Marilyn Monroe Supporting Roles,47906
405,Early Marilyn Monroe Supporting Roles,60966
405,Early Marilyn Monroe Supporting Roles,151590
405,Early Marilyn Monroe Supporting Roles,28712
405,Early Marilyn Monroe Supporting Roles,34474
405,Early Marilyn Monroe Supporting Roles,43436
405,Early Marilyn Monroe Supporting Roles,17966
405,Early Marilyn Monroe Supporting Roles,6961
405,Early Marilyn Monroe Supporting Roles,136116
405,Early Marilyn Monroe Supporting Roles,26169
405,Early Marilyn Monroe Supporting Roles,37311
405,Early Marilyn Monroe Supporting Roles,20675
405,Early Marilyn Monroe Supporting Roles,21828
405,Early Marilyn Monroe Supporting Roles,24003
405,Early Marilyn Monroe Supporting Roles,24004
405,Early Marilyn Monroe Supporting Roles,24006
405,Early Marilyn Monroe Supporting Roles,24008
405,Early Marilyn Monroe Supporting Roles,159047
405,Early Marilyn Monroe Supporting Roles,43595
405,Early Marilyn Monroe Supporting Roles,9816
405,Early Marilyn Monroe Supporting Roles,1196279
405,Early Marilyn Monroe Supporting Roles,17885
405,Early Marilyn Monroe Supporting Roles,65137
405,Early Marilyn Monroe Supporting Roles,111602
405,Early Marilyn Monroe Supporting Roles,130422
405,Early Marilyn Monroe Supporting Roles,27511
405,Early Marilyn Monroe Supporting Roles,41465
405,Early Marilyn Monroe Supporting Roles,96252
405,Early Marilyn Monroe Supporting Roles,31998
405,Early Marilyn Monroe Supporting Roles,139775
406,Exploitation Films With Social Commentary,27270
406,Exploitation Films With Social Commentary,442249
406,Exploitation Films With Social Commentary,64651
406,Exploitation Films With Social Commentary,28940
406,Exploitation Films With Social Commentary,28177
406,Exploitation Films With Social Commentary,38035
406,Exploitation Films With Social Commentary,85780
406,Exploitation Films With Social Commentary,42517
406,Exploitation Films With Social Commentary,44695
406,Exploitation Films With Social Commentary,34462
406,Exploitation Films With Social Commentary,22048
406,Exploitation Films With Social Commentary,69152
406,Exploitation Films With Social Commentary,127523
406,Exploitation Films With Social Commentary,11564
406,Exploitation Films With Social Commentary,7985
406,Exploitation Films With Social Commentary,86194
406,Exploitation Films With Social Commentary,29492
406,Exploitation Films With Social Commentary,605116
406,Exploitation Films With Social Commentary,21950
406,Exploitation Films With Social Commentary,45503
406,Exploitation Films With Social Commentary,353087
406,Exploitation Films With Social Commentary,208461
406,Exploitation Films With Social Commentary,30929
406,Exploitation Films With Social Commentary,93018
406,Exploitation Films With Social Commentary,11229
406,Exploitation Films With Social Commentary,39775
406,Exploitation Films With Social Commentary,13282
406,Exploitation Films With Social Commentary,55782
406,Exploitation Films With Social Commentary,55783
406,Exploitation Films With Social Commentary,43116
406,Exploitation Films With Social Commentary,33134
406,Exploitation Films With Social Commentary,29039
406,Exploitation Films With Social Commentary,52208
406,Exploitation Films With Social Commentary,49010
406,Exploitation Films With Social Commentary,3700
406,Exploitation Films With Social Commentary,8692
406,Exploitation Films With Social Commentary,76661
407,Coal Mining Community Portrait Films,487940
407,Coal Mining Community Portrait Films,100747
407,Coal Mining Community Portrait Films,664332
407,Coal Mining Community Portrait Films,123665
407,Coal Mining Community Portrait Films,317073
407,Coal Mining Community Portrait Films,44308
407,Coal Mining Community Portrait Films,163093
407,Coal Mining Community Portrait Films,513814
407,Coal Mining Community Portrait Films,25624
407,Coal Mining Community Portrait Films,949785
407,Coal Mining Community Portrait Films,27804
407,Coal Mining Community Portrait Films,10279
407,Coal Mining Community Portrait Films,428584
407,Coal Mining Community Portrait Films,33324
407,Coal Mining Community Portrait Films,426030
407,Coal Mining Community Portrait Films,10162
407,Coal Mining Community Portrait Films,26547
407,Coal Mining Community Portrait Films,27958
407,Coal Mining Community Portrait Films,19255
407,Coal Mining Community Portrait Films,26813
407,Coal Mining Community Portrait Films,69059
407,Coal Mining Community Portrait Films,27845
407,Coal Mining Community Portrait Films,55238
407,Coal Mining Community Portrait Films,603206
407,Coal Mining Community Portrait Films,192971
407,Coal Mining Community Portrait Films,96461
407,Coal Mining Community Portrait Films,24276
407,Coal Mining Community Portrait Films,4953
407,Coal Mining Community Portrait Films,573661
407,Coal Mining Community Portrait Films,9824
407,Coal Mining Community Portrait Films,46689
407,Coal Mining Community Portrait Films,233703
407,Coal Mining Community Portrait Films,310888
407,Coal Mining Community Portrait Films,30702
407,Coal Mining Community Portrait Films,42223
407,Coal Mining Community Portrait Films,157040
407,Coal Mining Community Portrait Films,586863
407,Coal Mining Community Portrait Films,49650
407,Coal Mining Community Portrait Films,9459
407,Coal Mining Community Portrait Films,10611
407,Coal Mining Community Portrait Films,308084
407,Coal Mining Community Portrait Films,37754
407,Coal Mining Community Portrait Films,9470
408,Longitudinal Documentary Studies Over Decades,263937
408,Longitudinal Documentary Studies Over Decades,123396
408,Longitudinal Documentary Studies Over Decades,489988
408,Longitudinal Documentary Studies Over Decades,30856
408,Longitudinal Documentary Studies Over Decades,12816
408,Longitudinal Documentary Studies Over Decades,1275922
408,Longitudinal Documentary Studies Over Decades,289556
408,Longitudinal Documentary Studies Over Decades,44053
408,Longitudinal Documentary Studies Over Decades,51863
408,Longitudinal Documentary Studies Over Decades,803737
408,Longitudinal Documentary Studies Over Decades,67365
408,Longitudinal Documentary Studies Over Decades,773800
408,Longitudinal Documentary Studies Over Decades,522538
408,Longitudinal Documentary Studies Over Decades,22319
408,Longitudinal Documentary Studies Over Decades,5168
408,Longitudinal Documentary Studies Over Decades,41264
408,Longitudinal Documentary Studies Over Decades,12722
408,Longitudinal Documentary Studies Over Decades,13362
408,Longitudinal Documentary Studies Over Decades,48691
408,Longitudinal Documentary Studies Over Decades,13365
408,Longitudinal Documentary Studies Over Decades,15030
408,Longitudinal Documentary Studies Over Decades,189872
408,Longitudinal Documentary Studies Over Decades,28216
408,Longitudinal Documentary Studies Over Decades,42046
408,Longitudinal Documentary Studies Over Decades,565312
408,Longitudinal Documentary Studies Over Decades,41411
408,Longitudinal Documentary Studies Over Decades,114116
408,Longitudinal Documentary Studies Over Decades,378949
408,Longitudinal Documentary Studies Over Decades,74310
408,Longitudinal Documentary Studies Over Decades,23495
408,Longitudinal Documentary Studies Over Decades,629702
408,Longitudinal Documentary Studies Over Decades,1162700
408,Longitudinal Documentary Studies Over Decades,18893
408,Longitudinal Documentary Studies Over Decades,581838
408,Longitudinal Documentary Studies Over Decades,244698
408,Longitudinal Documentary Studies Over Decades,40157
408,Longitudinal Documentary Studies Over Decades,735971
408,Longitudinal Documentary Studies Over Decades,84198
408,Longitudinal Documentary Studies Over Decades,84327
408,Longitudinal Documentary Studies Over Decades,232560
408,Longitudinal Documentary Studies Over Decades,852336
408,Longitudinal Documentary Studies Over Decades,24565
408,Longitudinal Documentary Studies Over Decades,377462
408,Longitudinal Documentary Studies Over Decades,50554
408,Longitudinal Documentary Studies Over Decades,317309
409,Queer Historical Memory Films,177155
409,Queer Historical Memory Films,110341
409,Queer Historical Memory Films,49671
409,Queer Historical Memory Films,411404
409,Queer Historical Memory Films,517772
409,Queer Historical Memory Films,99600
409,Queer Historical Memory Films,42130
409,Queer Historical Memory Films,248087
409,Queer Historical Memory Films,9369
409,Queer Historical Memory Films,11035
409,Queer Historical Memory Films,29212
409,Queer Historical Memory Films,616605
409,Queer Historical Memory Films,123678
409,Queer Historical Memory Films,20645
409,Queer Historical Memory Films,292645
409,Queer Historical Memory Films,389029
409,Queer Historical Memory Films,47272
409,Queer Historical Memory Films,500909
409,Queer Historical Memory Films,13614
409,Queer Historical Memory Films,170934
409,Queer Historical Memory Films,100409
409,Queer Historical Memory Films,198971
409,Queer Historical Memory Films,42044
409,Queer Historical Memory Films,141760
409,Queer Historical Memory Films,377153
409,Queer Historical Memory Films,98498
409,Queer Historical Memory Films,65481
409,Queer Historical Memory Films,766798
409,Queer Historical Memory Films,39376
409,Queer Historical Memory Films,369363
409,Queer Historical Memory Films,57563
409,Queer Historical Memory Films,24159
409,Queer Historical Memory Films,16351
409,Queer Historical Memory Films,42595
409,Queer Historical Memory Films,314725
409,Queer Historical Memory Films,72553
409,Queer Historical Memory Films,117227
409,Queer Historical Memory Films,22509
409,Queer Historical Memory Films,52717
409,Queer Historical Memory Films,250989
409,Queer Historical Memory Films,57458
409,Queer Historical Memory Films,500850
409,Queer Historical Memory Films,733177
409,Queer Historical Memory Films,319994
409,Queer Historical Memory Films,303483
410,Social Media Age Identity Films,1079553
410,Social Media Age Identity Films,152578
410,Social Media Age Identity Films,648579
410,Social Media Age Identity Films,1221118
410,Social Media Age Identity Films,405774
410,Social Media Age Identity Films,433424
410,Social Media Age Identity Films,338065
410,Social Media Age Identity Films,332562
410,Social Media Age Identity Films,482321
410,Social Media Age Identity Films,516632
410,Social Media Age Identity Films,504603
410,Social Media Age Identity Films,333348
410,Social Media Age Identity Films,1230631
410,Social Media Age Identity Films,665896
410,Social Media Age Identity Films,48303
410,Social Media Age Identity Films,277685
410,Social Media Age Identity Films,301365
410,Social Media Age Identity Films,80184
410,Social Media Age Identity Films,298312
410,Social Media Age Identity Films,470219
410,Social Media Age Identity Films,376660
410,Social Media Age Identity Films,440918
410,Social Media Age Identity Films,459992
410,Social Media Age Identity Films,91739
410,Social Media Age Identity Films,252512
410,Social Media Age Identity Films,615904
410,Social Media Age Identity Films,526050
410,Social Media Age Identity Films,41446
410,Social Media Age Identity Films,194662
410,Social Media Age Identity Films,79464
410,Social Media Age Identity Films,329833
410,Social Media Age Identity Films,347626
410,Social Media Age Identity Films,302699
410,Social Media Age Identity Films,356842
410,Social Media Age Identity Films,433128
410,Social Media Age Identity Films,514287
410,Social Media Age Identity Films,254194
410,Social Media Age Identity Films,378483
410,Social Media Age Identity Films,86260
410,Social Media Age Identity Films,14069
410,Social Media Age Identity Films,864370
410,Social Media Age Identity Films,84348
410,Social Media Age Identity Films,661374
410,Social Media Age Identity Films,10111
411,Mixed Animation Style Storytelling Films,28548
411,Mixed Animation Style Storytelling Films,266764
411,Mixed Animation Style Storytelling Films,130445
411,Mixed Animation Style Storytelling Films,32147
411,Mixed Animation Style Storytelling Films,58515
411,Mixed Animation Style Storytelling Films,25623
411,Mixed Animation Style Storytelling Films,159002
411,Mixed Animation Style Storytelling Films,47774
411,Mixed Animation Style Storytelling Films,100391
411,Mixed Animation Style Storytelling Films,23336
411,Mixed Animation Style Storytelling Films,501929
411,Mixed Animation Style Storytelling Films,11949
411,Mixed Animation Style Storytelling Films,19759
411,Mixed Animation Style Storytelling Films,55215
411,Mixed Animation Style Storytelling Films,20529
411,Mixed Animation Style Storytelling Films,309809
411,Mixed Animation Style Storytelling Films,40123
411,Mixed Animation Style Storytelling Films,55931
411,Mixed Animation Style Storytelling Films,20542
411,Mixed Animation Style Storytelling Films,32703
411,Mixed Animation Style Storytelling Films,27716
411,Mixed Animation Style Storytelling Films,489412
411,Mixed Animation Style Storytelling Films,32202
411,Mixed Animation Style Storytelling Films,766799
411,Mixed Animation Style Storytelling Films,21712
411,Mixed Animation Style Storytelling Films,42193
411,Mixed Animation Style Storytelling Films,499537
411,Mixed Animation Style Storytelling Films,456154
411,Mixed Animation Style Storytelling Films,798051
411,Mixed Animation Style Storytelling Films,10857
411,Mixed Animation Style Storytelling Films,770922
411,Mixed Animation Style Storytelling Films,338928
411,Mixed Animation Style Storytelling Films,758897
411,Mixed Animation Style Storytelling Films,268531
411,Mixed Animation Style Storytelling Films,869626
411,Mixed Animation Style Storytelling Films,36091
411,Mixed Animation Style Storytelling Films,41213
412,Atomic Bomb Impact Documentaries,489984
412,Atomic Bomb Impact Documentaries,59266
412,Atomic Bomb Impact Documentaries,247426
412,Atomic Bomb Impact Documentaries,1341061
412,Atomic Bomb Impact Documentaries,149383
412,Atomic Bomb Impact Documentaries,209928
412,Atomic Bomb Impact Documentaries,111118
412,Atomic Bomb Impact Documentaries,22800
412,Atomic Bomb Impact Documentaries,477200
412,Atomic Bomb Impact Documentaries,174354
412,Atomic Bomb Impact Documentaries,289556
412,Atomic Bomb Impact Documentaries,118945
412,Atomic Bomb Impact Documentaries,37416
412,Atomic Bomb Impact Documentaries,259882
412,Atomic Bomb Impact Documentaries,426546
412,Atomic Bomb Impact Documentaries,77365
412,Atomic Bomb Impact Documentaries,411701
412,Atomic Bomb Impact Documentaries,124991
412,Atomic Bomb Impact Documentaries,339065
412,Atomic Bomb Impact Documentaries,1007425
412,Atomic Bomb Impact Documentaries,359749
412,Atomic Bomb Impact Documentaries,511689
412,Atomic Bomb Impact Documentaries,11214
412,Atomic Bomb Impact Documentaries,53328
412,Atomic Bomb Impact Documentaries,822100
412,Atomic Bomb Impact Documentaries,34389
412,Atomic Bomb Impact Documentaries,84309
412,Atomic Bomb Impact Documentaries,23128
412,Atomic Bomb Impact Documentaries,145115
412,Atomic Bomb Impact Documentaries,398430
412,Atomic Bomb Impact Documentaries,410718
412,Atomic Bomb Impact Documentaries,417257
412,Atomic Bomb Impact Documentaries,533225
412,Atomic Bomb Impact Documentaries,179179
412,Atomic Bomb Impact Documentaries,264044
412,Atomic Bomb Impact Documentaries,691179
412,Atomic Bomb Impact Documentaries,415086
412,Atomic Bomb Impact Documentaries,319091
412,Atomic Bomb Impact Documentaries,284793
412,Atomic Bomb Impact Documentaries,469116
413,Counterculture Movement Documentary Films,47617
413,Counterculture Movement Documentary Films,103298
413,Counterculture Movement Documentary Films,247426
413,Counterculture Movement Documentary Films,361474
413,Counterculture Movement Documentary Films,118407
413,Counterculture Movement Documentary Films,18570
413,Counterculture Movement Documentary Films,174352
413,Counterculture Movement Documentary Films,16018
413,Counterculture Movement Documentary Films,344083
413,Counterculture Movement Documentary Films,173205
413,Counterculture Movement Documentary Films,159000
413,Counterculture Movement Documentary Films,49952
413,Counterculture Movement Documentary Films,267685
413,Counterculture Movement Documentary Films,18984
413,Counterculture Movement Documentary Films,502138
413,Counterculture Movement Documentary Films,14770
413,Counterculture Movement Documentary Films,296246
413,Counterculture Movement Documentary Films,17208
413,Counterculture Movement Documentary Films,436029
413,Counterculture Movement Documentary Films,62529
413,Counterculture Movement Documentary Films,37447
413,Counterculture Movement Documentary Films,376391
413,Counterculture Movement Documentary Films,136530
413,Counterculture Movement Documentary Films,723679
413,Counterculture Movement Documentary Films,464096
413,Counterculture Movement Documentary Films,113377
413,Counterculture Movement Documentary Films,319073
413,Counterculture Movement Documentary Films,217316
413,Counterculture Movement Documentary Films,373480
413,Counterculture Movement Documentary Films,340714
413,Counterculture Movement Documentary Films,344683
413,Counterculture Movement Documentary Films,178290
413,Counterculture Movement Documentary Films,305140
413,Counterculture Movement Documentary Films,67190
413,Counterculture Movement Documentary Films,158968
413,Counterculture Movement Documentary Films,14201
413,Counterculture Movement Documentary Films,233466
413,Counterculture Movement Documentary Films,808703
414,Modern Relevance Historical Documentaries,58496
414,Modern Relevance Historical Documentaries,195456
414,Modern Relevance Historical Documentaries,214137
414,Modern Relevance Historical Documentaries,539777
414,Modern Relevance Historical Documentaries,374917
414,Modern Relevance Historical Documentaries,49671
414,Modern Relevance Historical Documentaries,269705
414,Modern Relevance Historical Documentaries,72721
414,Modern Relevance Historical Documentaries,802839
414,Modern Relevance Historical Documentaries,741528
414,Modern Relevance Historical Documentaries,123678
414,Modern Relevance Historical Documentaries,306722
414,Modern Relevance Historical Documentaries,70564
414,Modern Relevance Historical Documentaries,121257
414,Modern Relevance Historical Documentaries,40620
414,Modern Relevance Historical Documentaries,267310
414,Modern Relevance Historical Documentaries,121135
414,Modern Relevance Historical Documentaries,1368112
414,Modern Relevance Historical Documentaries,856369
414,Modern Relevance Historical Documentaries,81716
414,Modern Relevance Historical Documentaries,290358
414,Modern Relevance Historical Documentaries,161463
414,Modern Relevance Historical Documentaries,549559
414,Modern Relevance Historical Documentaries,198971
414,Modern Relevance Historical Documentaries,728125
414,Modern Relevance Historical Documentaries,360385
414,Modern Relevance Historical Documentaries,58435
414,Modern Relevance Historical Documentaries,58820
414,Modern Relevance Historical Documentaries,378949
414,Modern Relevance Historical Documentaries,20423
414,Modern Relevance Historical Documentaries,67404
414,Modern Relevance Historical Documentaries,58062
414,Modern Relevance Historical Documentaries,631248
414,Modern Relevance Historical Documentaries,136530
414,Modern Relevance Historical Documentaries,432851
414,Modern Relevance Historical Documentaries,51929
414,Modern Relevance Historical Documentaries,578399
414,Modern Relevance Historical Documentaries,464096
414,Modern Relevance Historical Documentaries,250722
414,Modern Relevance Historical Documentaries,59248
414,Modern Relevance Historical Documentaries,22905
414,Modern Relevance Historical Documentaries,147322
414,Modern Relevance Historical Documentaries,454267
414,Modern Relevance Historical Documentaries,390396
